ISO-10303-21;
HEADER;
/* Generated by software containing ST-Developer
 * from STEP Tools, Inc. (www.steptools.com) 
 */
/* OPTION: using custom renumber hook */

FILE_DESCRIPTION(
/* description */ ('STEP AP242 Edition 2',
'CAx-IF Rec.Pracs.---Representation and Presentation of Product Manufa
cturing Information (PMI)---4.0---2014-10-13',
'CAx-IF Rec.Pracs.---3D Tessellated Geometry---0.4---2014-09-14','2;1',
'CAx-IF Rec.Pracs.---User Defined Attributes---1.5---2016-08-15'),
/* implementation_level */ '2;1');

FILE_NAME(
/* name */ 'Part Studio 1 - Part 1089',
/* time_stamp */ '2026-04-11T19:20:06Z',
/* author */ (''),
/* organization */ (''),
/* preprocessor_version */ 'ST-DEVELOPER v20',
/* originating_system */ 'ONSHAPE BY PTC INC, 1.213',
/* authorisation */ '  ');

FILE_SCHEMA (('AP242_MANAGED_MODEL_BASED_3D_ENGINEERING_MIM_LF { 1 0 10303 442 3 1 4 }'));
ENDSEC;

DATA;
#10=SHAPE_REPRESENTATION_RELATIONSHIP('','',#2264,#11);
#11=ADVANCED_BREP_SHAPE_REPRESENTATION('',(#2262),#3756);
#12=TOROIDAL_SURFACE('',#2340,0.006,0.004);
#13=TOROIDAL_SURFACE('',#2348,0.006,0.004);
#14=TOROIDAL_SURFACE('',#2351,0.006,0.004);
#15=TOROIDAL_SURFACE('',#2358,0.006,0.004);
#16=ELLIPSE('',#2325,0.00432956880116957,0.004);
#17=ELLIPSE('',#2326,0.00432956880116957,0.004);
#18=ELLIPSE('',#2328,0.00432956880116957,0.004);
#19=ELLIPSE('',#2330,0.00432956880116957,0.004);
#20=ELLIPSE('',#2332,0.00432956880116957,0.004);
#21=ELLIPSE('',#2334,0.00432956880116957,0.004);
#22=ELLIPSE('',#2336,0.00432956880116957,0.004);
#23=ELLIPSE('',#2338,0.00432956880116957,0.004);
#24=CYLINDRICAL_SURFACE('',#2324,0.004);
#25=CYLINDRICAL_SURFACE('',#2327,0.004);
#26=CYLINDRICAL_SURFACE('',#2329,0.004);
#27=CYLINDRICAL_SURFACE('',#2331,0.004);
#28=CYLINDRICAL_SURFACE('',#2333,0.004);
#29=CYLINDRICAL_SURFACE('',#2335,0.004);
#30=CYLINDRICAL_SURFACE('',#2337,0.004);
#31=CYLINDRICAL_SURFACE('',#2339,0.004);
#32=CYLINDRICAL_SURFACE('',#2344,0.004);
#33=CYLINDRICAL_SURFACE('',#2346,0.004);
#34=CYLINDRICAL_SURFACE('',#2354,0.004);
#35=CYLINDRICAL_SURFACE('',#2356,0.004);
#36=CYLINDRICAL_SURFACE('',#2370,0.01);
#37=CYLINDRICAL_SURFACE('',#2372,0.01);
#38=CYLINDRICAL_SURFACE('',#2375,0.01);
#39=CYLINDRICAL_SURFACE('',#2378,0.01);
#40=CYLINDRICAL_SURFACE('',#2383,0.01);
#41=CYLINDRICAL_SURFACE('',#2388,0.01);
#42=CYLINDRICAL_SURFACE('',#2393,0.01);
#43=CYLINDRICAL_SURFACE('',#2397,0.01);
#44=CYLINDRICAL_SURFACE('',#2400,0.0014);
#45=CYLINDRICAL_SURFACE('',#2401,0.0014);
#46=CYLINDRICAL_SURFACE('',#2402,0.0014);
#47=CYLINDRICAL_SURFACE('',#2403,0.0014);
#48=CYLINDRICAL_SURFACE('',#2404,0.0014);
#49=CYLINDRICAL_SURFACE('',#2405,0.0014);
#50=CYLINDRICAL_SURFACE('',#2406,0.0014);
#51=CYLINDRICAL_SURFACE('',#2407,0.0014);
#52=CYLINDRICAL_SURFACE('',#2408,0.0014);
#53=CYLINDRICAL_SURFACE('',#2437,0.0014);
#54=CYLINDRICAL_SURFACE('',#2438,0.0014);
#55=CYLINDRICAL_SURFACE('',#2439,0.0014);
#56=CYLINDRICAL_SURFACE('',#2440,0.0014);
#57=CYLINDRICAL_SURFACE('',#2442,0.00500000000000006);
#58=CYLINDRICAL_SURFACE('',#2444,0.005);
#59=CYLINDRICAL_SURFACE('',#2446,0.005);
#60=CYLINDRICAL_SURFACE('',#2448,0.005);
#61=CYLINDRICAL_SURFACE('',#2455,0.00139580362405021);
#62=CYLINDRICAL_SURFACE('',#2456,0.00425);
#63=CYLINDRICAL_SURFACE('',#2463,0.00167442056688529);
#64=CYLINDRICAL_SURFACE('',#2464,0.00425);
#65=CYLINDRICAL_SURFACE('',#2471,0.00165983076279179);
#66=CYLINDRICAL_SURFACE('',#2472,0.00425);
#67=CYLINDRICAL_SURFACE('',#2479,0.0014);
#68=CYLINDRICAL_SURFACE('',#2480,0.00425);
#69=CIRCLE('',#2270,0.0014);
#70=CIRCLE('',#2271,0.0014);
#71=CIRCLE('',#2272,0.0014);
#72=CIRCLE('',#2273,0.0014);
#73=CIRCLE('',#2274,0.0014);
#74=CIRCLE('',#2275,0.0014);
#75=CIRCLE('',#2276,0.0014);
#76=CIRCLE('',#2277,0.0014);
#77=CIRCLE('',#2278,0.0014);
#78=CIRCLE('',#2279,0.01);
#79=CIRCLE('',#2280,0.01);
#80=CIRCLE('',#2281,0.01);
#81=CIRCLE('',#2282,0.01);
#82=CIRCLE('',#2309,0.0014);
#83=CIRCLE('',#2310,0.0014);
#84=CIRCLE('',#2311,0.0014);
#85=CIRCLE('',#2312,0.0014);
#86=CIRCLE('',#2313,0.0014);
#87=CIRCLE('',#2314,0.0014);
#88=CIRCLE('',#2315,0.0014);
#89=CIRCLE('',#2316,0.0014);
#90=CIRCLE('',#2317,0.0014);
#91=CIRCLE('',#2319,0.006);
#92=CIRCLE('',#2320,0.006);
#93=CIRCLE('',#2321,0.006);
#94=CIRCLE('',#2322,0.006);
#95=CIRCLE('',#2341,0.004);
#96=CIRCLE('',#2342,0.004);
#97=CIRCLE('',#2343,0.01);
#98=CIRCLE('',#2345,0.004);
#99=CIRCLE('',#2347,0.004);
#100=CIRCLE('',#2349,0.004);
#101=CIRCLE('',#2350,0.01);
#102=CIRCLE('',#2352,0.01);
#103=CIRCLE('',#2353,0.004);
#104=CIRCLE('',#2355,0.004);
#105=CIRCLE('',#2357,0.004);
#106=CIRCLE('',#2359,0.01);
#107=CIRCLE('',#2371,0.01);
#108=CIRCLE('',#2373,0.01);
#109=CIRCLE('',#2376,0.01);
#110=CIRCLE('',#2379,0.01);
#111=CIRCLE('',#2380,0.01);
#112=CIRCLE('',#2381,0.01);
#113=CIRCLE('',#2384,0.01);
#114=CIRCLE('',#2385,0.01);
#115=CIRCLE('',#2386,0.01);
#116=CIRCLE('',#2389,0.01);
#117=CIRCLE('',#2390,0.01);
#118=CIRCLE('',#2391,0.01);
#119=CIRCLE('',#2394,0.01);
#120=CIRCLE('',#2395,0.01);
#121=CIRCLE('',#2396,0.01);
#122=CIRCLE('',#2398,0.01);
#123=CIRCLE('',#2420,0.005);
#124=CIRCLE('',#2421,0.005);
#125=CIRCLE('',#2422,0.005);
#126=CIRCLE('',#2423,0.00500000000000006);
#127=CIRCLE('',#2424,0.0014);
#128=CIRCLE('',#2425,0.0014);
#129=CIRCLE('',#2426,0.0014);
#130=CIRCLE('',#2427,0.0014);
#131=CIRCLE('',#2429,0.005);
#132=CIRCLE('',#2430,0.00500000000000006);
#133=CIRCLE('',#2431,0.005);
#134=CIRCLE('',#2432,0.005);
#135=CIRCLE('',#2433,0.0014);
#136=CIRCLE('',#2434,0.0014);
#137=CIRCLE('',#2435,0.0014);
#138=CIRCLE('',#2436,0.0014);
#139=CIRCLE('',#2450,0.00139580362405021);
#140=CIRCLE('',#2451,0.00425);
#141=CIRCLE('',#2453,0.00139580362405021);
#142=CIRCLE('',#2454,0.00425);
#143=CIRCLE('',#2458,0.00167442056688529);
#144=CIRCLE('',#2459,0.00425);
#145=CIRCLE('',#2461,0.00167442056688529);
#146=CIRCLE('',#2462,0.00425);
#147=CIRCLE('',#2466,0.00165983076279179);
#148=CIRCLE('',#2467,0.00425);
#149=CIRCLE('',#2469,0.00165983076279179);
#150=CIRCLE('',#2470,0.00425);
#151=CIRCLE('',#2474,0.0014);
#152=CIRCLE('',#2475,0.00425);
#153=CIRCLE('',#2477,0.0014);
#154=CIRCLE('',#2478,0.00425);
#155=ORIENTED_EDGE('',*,*,#761,.F.);
#156=ORIENTED_EDGE('',*,*,#762,.T.);
#157=ORIENTED_EDGE('',*,*,#763,.T.);
#158=ORIENTED_EDGE('',*,*,#764,.F.);
#159=ORIENTED_EDGE('',*,*,#765,.T.);
#160=ORIENTED_EDGE('',*,*,#766,.F.);
#161=ORIENTED_EDGE('',*,*,#767,.F.);
#162=ORIENTED_EDGE('',*,*,#768,.T.);
#163=ORIENTED_EDGE('',*,*,#769,.T.);
#164=ORIENTED_EDGE('',*,*,#770,.T.);
#165=ORIENTED_EDGE('',*,*,#771,.F.);
#166=ORIENTED_EDGE('',*,*,#772,.F.);
#167=ORIENTED_EDGE('',*,*,#773,.T.);
#168=ORIENTED_EDGE('',*,*,#774,.T.);
#169=ORIENTED_EDGE('',*,*,#775,.T.);
#170=ORIENTED_EDGE('',*,*,#776,.T.);
#171=ORIENTED_EDGE('',*,*,#777,.F.);
#172=ORIENTED_EDGE('',*,*,#778,.F.);
#173=ORIENTED_EDGE('',*,*,#779,.F.);
#174=ORIENTED_EDGE('',*,*,#763,.F.);
#175=ORIENTED_EDGE('',*,*,#780,.F.);
#176=ORIENTED_EDGE('',*,*,#781,.F.);
#177=ORIENTED_EDGE('',*,*,#782,.T.);
#178=ORIENTED_EDGE('',*,*,#783,.T.);
#179=ORIENTED_EDGE('',*,*,#784,.T.);
#180=ORIENTED_EDGE('',*,*,#785,.T.);
#181=ORIENTED_EDGE('',*,*,#786,.F.);
#182=ORIENTED_EDGE('',*,*,#787,.F.);
#183=ORIENTED_EDGE('',*,*,#788,.F.);
#184=ORIENTED_EDGE('',*,*,#789,.F.);
#185=ORIENTED_EDGE('',*,*,#790,.F.);
#186=ORIENTED_EDGE('',*,*,#791,.F.);
#187=ORIENTED_EDGE('',*,*,#792,.F.);
#188=ORIENTED_EDGE('',*,*,#793,.F.);
#189=ORIENTED_EDGE('',*,*,#794,.F.);
#190=ORIENTED_EDGE('',*,*,#795,.F.);
#191=ORIENTED_EDGE('',*,*,#796,.F.);
#192=ORIENTED_EDGE('',*,*,#797,.F.);
#193=ORIENTED_EDGE('',*,*,#798,.F.);
#194=ORIENTED_EDGE('',*,*,#799,.F.);
#195=ORIENTED_EDGE('',*,*,#800,.F.);
#196=ORIENTED_EDGE('',*,*,#801,.F.);
#197=ORIENTED_EDGE('',*,*,#802,.F.);
#198=ORIENTED_EDGE('',*,*,#803,.F.);
#199=ORIENTED_EDGE('',*,*,#804,.F.);
#200=ORIENTED_EDGE('',*,*,#805,.F.);
#201=ORIENTED_EDGE('',*,*,#806,.T.);
#202=ORIENTED_EDGE('',*,*,#780,.T.);
#203=ORIENTED_EDGE('',*,*,#807,.T.);
#204=ORIENTED_EDGE('',*,*,#808,.F.);
#205=ORIENTED_EDGE('',*,*,#809,.T.);
#206=ORIENTED_EDGE('',*,*,#810,.F.);
#207=ORIENTED_EDGE('',*,*,#811,.T.);
#208=ORIENTED_EDGE('',*,*,#812,.T.);
#209=ORIENTED_EDGE('',*,*,#813,.F.);
#210=ORIENTED_EDGE('',*,*,#814,.F.);
#211=ORIENTED_EDGE('',*,*,#815,.F.);
#212=ORIENTED_EDGE('',*,*,#816,.T.);
#213=ORIENTED_EDGE('',*,*,#817,.F.);
#214=ORIENTED_EDGE('',*,*,#818,.T.);
#215=ORIENTED_EDGE('',*,*,#815,.T.);
#216=ORIENTED_EDGE('',*,*,#819,.F.);
#217=ORIENTED_EDGE('',*,*,#820,.F.);
#218=ORIENTED_EDGE('',*,*,#821,.F.);
#219=ORIENTED_EDGE('',*,*,#822,.F.);
#220=ORIENTED_EDGE('',*,*,#823,.T.);
#221=ORIENTED_EDGE('',*,*,#824,.F.);
#222=ORIENTED_EDGE('',*,*,#825,.F.);
#223=ORIENTED_EDGE('',*,*,#826,.F.);
#224=ORIENTED_EDGE('',*,*,#827,.T.);
#225=ORIENTED_EDGE('',*,*,#828,.F.);
#226=ORIENTED_EDGE('',*,*,#829,.F.);
#227=ORIENTED_EDGE('',*,*,#830,.F.);
#228=ORIENTED_EDGE('',*,*,#831,.T.);
#229=ORIENTED_EDGE('',*,*,#818,.F.);
#230=ORIENTED_EDGE('',*,*,#832,.T.);
#231=ORIENTED_EDGE('',*,*,#816,.F.);
#232=ORIENTED_EDGE('',*,*,#833,.F.);
#233=ORIENTED_EDGE('',*,*,#834,.T.);
#234=ORIENTED_EDGE('',*,*,#835,.T.);
#235=ORIENTED_EDGE('',*,*,#836,.T.);
#236=ORIENTED_EDGE('',*,*,#837,.T.);
#237=ORIENTED_EDGE('',*,*,#838,.T.);
#238=ORIENTED_EDGE('',*,*,#831,.F.);
#239=ORIENTED_EDGE('',*,*,#839,.F.);
#240=ORIENTED_EDGE('',*,*,#840,.F.);
#241=ORIENTED_EDGE('',*,*,#841,.F.);
#242=ORIENTED_EDGE('',*,*,#842,.F.);
#243=ORIENTED_EDGE('',*,*,#843,.T.);
#244=ORIENTED_EDGE('',*,*,#827,.F.);
#245=ORIENTED_EDGE('',*,*,#844,.F.);
#246=ORIENTED_EDGE('',*,*,#845,.T.);
#247=ORIENTED_EDGE('',*,*,#823,.F.);
#248=ORIENTED_EDGE('',*,*,#846,.F.);
#249=ORIENTED_EDGE('',*,*,#847,.T.);
#250=ORIENTED_EDGE('',*,*,#848,.T.);
#251=ORIENTED_EDGE('',*,*,#849,.T.);
#252=ORIENTED_EDGE('',*,*,#850,.F.);
#253=ORIENTED_EDGE('',*,*,#851,.T.);
#254=ORIENTED_EDGE('',*,*,#846,.T.);
#255=ORIENTED_EDGE('',*,*,#852,.T.);
#256=ORIENTED_EDGE('',*,*,#853,.F.);
#257=ORIENTED_EDGE('',*,*,#854,.T.);
#258=ORIENTED_EDGE('',*,*,#850,.T.);
#259=ORIENTED_EDGE('',*,*,#855,.T.);
#260=ORIENTED_EDGE('',*,*,#856,.F.);
#261=ORIENTED_EDGE('',*,*,#857,.T.);
#262=ORIENTED_EDGE('',*,*,#853,.T.);
#263=ORIENTED_EDGE('',*,*,#858,.T.);
#264=ORIENTED_EDGE('',*,*,#859,.F.);
#265=ORIENTED_EDGE('',*,*,#860,.T.);
#266=ORIENTED_EDGE('',*,*,#856,.T.);
#267=ORIENTED_EDGE('',*,*,#861,.T.);
#268=ORIENTED_EDGE('',*,*,#862,.F.);
#269=ORIENTED_EDGE('',*,*,#863,.T.);
#270=ORIENTED_EDGE('',*,*,#859,.T.);
#271=ORIENTED_EDGE('',*,*,#864,.T.);
#272=ORIENTED_EDGE('',*,*,#865,.F.);
#273=ORIENTED_EDGE('',*,*,#866,.T.);
#274=ORIENTED_EDGE('',*,*,#862,.T.);
#275=ORIENTED_EDGE('',*,*,#867,.T.);
#276=ORIENTED_EDGE('',*,*,#868,.F.);
#277=ORIENTED_EDGE('',*,*,#833,.T.);
#278=ORIENTED_EDGE('',*,*,#869,.T.);
#279=ORIENTED_EDGE('',*,*,#870,.F.);
#280=ORIENTED_EDGE('',*,*,#871,.F.);
#281=ORIENTED_EDGE('',*,*,#872,.F.);
#282=ORIENTED_EDGE('',*,*,#873,.F.);
#283=ORIENTED_EDGE('',*,*,#874,.T.);
#284=ORIENTED_EDGE('',*,*,#875,.F.);
#285=ORIENTED_EDGE('',*,*,#876,.T.);
#286=ORIENTED_EDGE('',*,*,#873,.T.);
#287=ORIENTED_EDGE('',*,*,#877,.F.);
#288=ORIENTED_EDGE('',*,*,#878,.F.);
#289=ORIENTED_EDGE('',*,*,#844,.T.);
#290=ORIENTED_EDGE('',*,*,#822,.T.);
#291=ORIENTED_EDGE('',*,*,#879,.F.);
#292=ORIENTED_EDGE('',*,*,#880,.F.);
#293=ORIENTED_EDGE('',*,*,#842,.T.);
#294=ORIENTED_EDGE('',*,*,#826,.T.);
#295=ORIENTED_EDGE('',*,*,#881,.F.);
#296=ORIENTED_EDGE('',*,*,#882,.F.);
#297=ORIENTED_EDGE('',*,*,#883,.F.);
#298=ORIENTED_EDGE('',*,*,#839,.T.);
#299=ORIENTED_EDGE('',*,*,#830,.T.);
#300=ORIENTED_EDGE('',*,*,#884,.F.);
#301=ORIENTED_EDGE('',*,*,#885,.F.);
#302=ORIENTED_EDGE('',*,*,#840,.T.);
#303=ORIENTED_EDGE('',*,*,#883,.T.);
#304=ORIENTED_EDGE('',*,*,#886,.F.);
#305=ORIENTED_EDGE('',*,*,#869,.F.);
#306=ORIENTED_EDGE('',*,*,#841,.T.);
#307=ORIENTED_EDGE('',*,*,#885,.T.);
#308=ORIENTED_EDGE('',*,*,#848,.F.);
#309=ORIENTED_EDGE('',*,*,#887,.T.);
#310=ORIENTED_EDGE('',*,*,#865,.T.);
#311=ORIENTED_EDGE('',*,*,#888,.T.);
#312=ORIENTED_EDGE('',*,*,#889,.T.);
#313=ORIENTED_EDGE('',*,*,#890,.T.);
#314=ORIENTED_EDGE('',*,*,#891,.T.);
#315=ORIENTED_EDGE('',*,*,#892,.T.);
#316=ORIENTED_EDGE('',*,*,#893,.T.);
#317=ORIENTED_EDGE('',*,*,#894,.T.);
#318=ORIENTED_EDGE('',*,*,#895,.T.);
#319=ORIENTED_EDGE('',*,*,#896,.T.);
#320=ORIENTED_EDGE('',*,*,#897,.T.);
#321=ORIENTED_EDGE('',*,*,#814,.T.);
#322=ORIENTED_EDGE('',*,*,#898,.T.);
#323=ORIENTED_EDGE('',*,*,#899,.T.);
#324=ORIENTED_EDGE('',*,*,#870,.T.);
#325=ORIENTED_EDGE('',*,*,#886,.T.);
#326=ORIENTED_EDGE('',*,*,#884,.T.);
#327=ORIENTED_EDGE('',*,*,#882,.T.);
#328=ORIENTED_EDGE('',*,*,#829,.T.);
#329=ORIENTED_EDGE('',*,*,#900,.T.);
#330=ORIENTED_EDGE('',*,*,#901,.T.);
#331=ORIENTED_EDGE('',*,*,#881,.T.);
#332=ORIENTED_EDGE('',*,*,#825,.T.);
#333=ORIENTED_EDGE('',*,*,#902,.T.);
#334=ORIENTED_EDGE('',*,*,#903,.T.);
#335=ORIENTED_EDGE('',*,*,#879,.T.);
#336=ORIENTED_EDGE('',*,*,#821,.T.);
#337=ORIENTED_EDGE('',*,*,#904,.T.);
#338=ORIENTED_EDGE('',*,*,#905,.T.);
#339=ORIENTED_EDGE('',*,*,#877,.T.);
#340=ORIENTED_EDGE('',*,*,#872,.T.);
#341=ORIENTED_EDGE('',*,*,#906,.T.);
#342=ORIENTED_EDGE('',*,*,#907,.T.);
#343=ORIENTED_EDGE('',*,*,#819,.T.);
#344=ORIENTED_EDGE('',*,*,#849,.F.);
#345=ORIENTED_EDGE('',*,*,#888,.F.);
#346=ORIENTED_EDGE('',*,*,#867,.F.);
#347=ORIENTED_EDGE('',*,*,#864,.F.);
#348=ORIENTED_EDGE('',*,*,#861,.F.);
#349=ORIENTED_EDGE('',*,*,#858,.F.);
#350=ORIENTED_EDGE('',*,*,#855,.F.);
#351=ORIENTED_EDGE('',*,*,#852,.F.);
#352=ORIENTED_EDGE('',*,*,#908,.T.);
#353=ORIENTED_EDGE('',*,*,#909,.T.);
#354=ORIENTED_EDGE('',*,*,#910,.T.);
#355=ORIENTED_EDGE('',*,*,#911,.T.);
#356=ORIENTED_EDGE('',*,*,#912,.T.);
#357=ORIENTED_EDGE('',*,*,#913,.T.);
#358=ORIENTED_EDGE('',*,*,#914,.T.);
#359=ORIENTED_EDGE('',*,*,#915,.T.);
#360=ORIENTED_EDGE('',*,*,#916,.T.);
#361=ORIENTED_EDGE('',*,*,#917,.T.);
#362=ORIENTED_EDGE('',*,*,#918,.T.);
#363=ORIENTED_EDGE('',*,*,#919,.T.);
#364=ORIENTED_EDGE('',*,*,#920,.T.);
#365=ORIENTED_EDGE('',*,*,#921,.T.);
#366=ORIENTED_EDGE('',*,*,#922,.T.);
#367=ORIENTED_EDGE('',*,*,#923,.T.);
#368=ORIENTED_EDGE('',*,*,#876,.F.);
#369=ORIENTED_EDGE('',*,*,#924,.T.);
#370=ORIENTED_EDGE('',*,*,#874,.F.);
#371=ORIENTED_EDGE('',*,*,#925,.F.);
#372=ORIENTED_EDGE('',*,*,#860,.F.);
#373=ORIENTED_EDGE('',*,*,#926,.F.);
#374=ORIENTED_EDGE('',*,*,#913,.F.);
#375=ORIENTED_EDGE('',*,*,#926,.T.);
#376=ORIENTED_EDGE('',*,*,#863,.F.);
#377=ORIENTED_EDGE('',*,*,#927,.F.);
#378=ORIENTED_EDGE('',*,*,#914,.F.);
#379=ORIENTED_EDGE('',*,*,#925,.T.);
#380=ORIENTED_EDGE('',*,*,#912,.F.);
#381=ORIENTED_EDGE('',*,*,#928,.F.);
#382=ORIENTED_EDGE('',*,*,#857,.F.);
#383=ORIENTED_EDGE('',*,*,#927,.T.);
#384=ORIENTED_EDGE('',*,*,#866,.F.);
#385=ORIENTED_EDGE('',*,*,#929,.F.);
#386=ORIENTED_EDGE('',*,*,#915,.F.);
#387=ORIENTED_EDGE('',*,*,#928,.T.);
#388=ORIENTED_EDGE('',*,*,#911,.F.);
#389=ORIENTED_EDGE('',*,*,#930,.F.);
#390=ORIENTED_EDGE('',*,*,#854,.F.);
#391=ORIENTED_EDGE('',*,*,#929,.T.);
#392=ORIENTED_EDGE('',*,*,#887,.F.);
#393=ORIENTED_EDGE('',*,*,#931,.F.);
#394=ORIENTED_EDGE('',*,*,#908,.F.);
#395=ORIENTED_EDGE('',*,*,#930,.T.);
#396=ORIENTED_EDGE('',*,*,#910,.F.);
#397=ORIENTED_EDGE('',*,*,#932,.F.);
#398=ORIENTED_EDGE('',*,*,#851,.F.);
#399=ORIENTED_EDGE('',*,*,#931,.T.);
#400=ORIENTED_EDGE('',*,*,#847,.F.);
#401=ORIENTED_EDGE('',*,*,#932,.T.);
#402=ORIENTED_EDGE('',*,*,#909,.F.);
#403=ORIENTED_EDGE('',*,*,#933,.F.);
#404=ORIENTED_EDGE('',*,*,#921,.F.);
#405=ORIENTED_EDGE('',*,*,#934,.F.);
#406=ORIENTED_EDGE('',*,*,#935,.F.);
#407=ORIENTED_EDGE('',*,*,#934,.T.);
#408=ORIENTED_EDGE('',*,*,#920,.F.);
#409=ORIENTED_EDGE('',*,*,#936,.F.);
#410=ORIENTED_EDGE('',*,*,#937,.T.);
#411=ORIENTED_EDGE('',*,*,#933,.T.);
#412=ORIENTED_EDGE('',*,*,#765,.F.);
#413=ORIENTED_EDGE('',*,*,#938,.F.);
#414=ORIENTED_EDGE('',*,*,#922,.F.);
#415=ORIENTED_EDGE('',*,*,#936,.T.);
#416=ORIENTED_EDGE('',*,*,#919,.F.);
#417=ORIENTED_EDGE('',*,*,#939,.F.);
#418=ORIENTED_EDGE('',*,*,#940,.F.);
#419=ORIENTED_EDGE('',*,*,#938,.T.);
#420=ORIENTED_EDGE('',*,*,#941,.F.);
#421=ORIENTED_EDGE('',*,*,#942,.F.);
#422=ORIENTED_EDGE('',*,*,#923,.F.);
#423=ORIENTED_EDGE('',*,*,#939,.T.);
#424=ORIENTED_EDGE('',*,*,#918,.F.);
#425=ORIENTED_EDGE('',*,*,#943,.F.);
#426=ORIENTED_EDGE('',*,*,#944,.T.);
#427=ORIENTED_EDGE('',*,*,#942,.T.);
#428=ORIENTED_EDGE('',*,*,#945,.F.);
#429=ORIENTED_EDGE('',*,*,#946,.F.);
#430=ORIENTED_EDGE('',*,*,#916,.F.);
#431=ORIENTED_EDGE('',*,*,#943,.T.);
#432=ORIENTED_EDGE('',*,*,#917,.F.);
#433=ORIENTED_EDGE('',*,*,#946,.T.);
#434=ORIENTED_EDGE('',*,*,#947,.F.);
#435=ORIENTED_EDGE('',*,*,#948,.T.);
#436=ORIENTED_EDGE('',*,*,#797,.T.);
#437=ORIENTED_EDGE('',*,*,#949,.F.);
#438=ORIENTED_EDGE('',*,*,#898,.F.);
#439=ORIENTED_EDGE('',*,*,#813,.T.);
#440=ORIENTED_EDGE('',*,*,#832,.F.);
#441=ORIENTED_EDGE('',*,*,#817,.T.);
#442=ORIENTED_EDGE('',*,*,#907,.F.);
#443=ORIENTED_EDGE('',*,*,#949,.T.);
#444=ORIENTED_EDGE('',*,*,#805,.T.);
#445=ORIENTED_EDGE('',*,*,#950,.F.);
#446=ORIENTED_EDGE('',*,*,#834,.F.);
#447=ORIENTED_EDGE('',*,*,#868,.T.);
#448=ORIENTED_EDGE('',*,*,#899,.F.);
#449=ORIENTED_EDGE('',*,*,#950,.T.);
#450=ORIENTED_EDGE('',*,*,#804,.T.);
#451=ORIENTED_EDGE('',*,*,#951,.F.);
#452=ORIENTED_EDGE('',*,*,#835,.F.);
#453=ORIENTED_EDGE('',*,*,#951,.T.);
#454=ORIENTED_EDGE('',*,*,#803,.T.);
#455=ORIENTED_EDGE('',*,*,#952,.F.);
#456=ORIENTED_EDGE('',*,*,#836,.F.);
#457=ORIENTED_EDGE('',*,*,#952,.T.);
#458=ORIENTED_EDGE('',*,*,#802,.T.);
#459=ORIENTED_EDGE('',*,*,#953,.F.);
#460=ORIENTED_EDGE('',*,*,#837,.F.);
#461=ORIENTED_EDGE('',*,*,#828,.T.);
#462=ORIENTED_EDGE('',*,*,#838,.F.);
#463=ORIENTED_EDGE('',*,*,#953,.T.);
#464=ORIENTED_EDGE('',*,*,#801,.T.);
#465=ORIENTED_EDGE('',*,*,#954,.F.);
#466=ORIENTED_EDGE('',*,*,#900,.F.);
#467=ORIENTED_EDGE('',*,*,#954,.T.);
#468=ORIENTED_EDGE('',*,*,#800,.T.);
#469=ORIENTED_EDGE('',*,*,#955,.F.);
#470=ORIENTED_EDGE('',*,*,#902,.F.);
#471=ORIENTED_EDGE('',*,*,#824,.T.);
#472=ORIENTED_EDGE('',*,*,#843,.F.);
#473=ORIENTED_EDGE('',*,*,#880,.T.);
#474=ORIENTED_EDGE('',*,*,#901,.F.);
#475=ORIENTED_EDGE('',*,*,#955,.T.);
#476=ORIENTED_EDGE('',*,*,#799,.T.);
#477=ORIENTED_EDGE('',*,*,#956,.F.);
#478=ORIENTED_EDGE('',*,*,#904,.F.);
#479=ORIENTED_EDGE('',*,*,#820,.T.);
#480=ORIENTED_EDGE('',*,*,#845,.F.);
#481=ORIENTED_EDGE('',*,*,#878,.T.);
#482=ORIENTED_EDGE('',*,*,#903,.F.);
#483=ORIENTED_EDGE('',*,*,#956,.T.);
#484=ORIENTED_EDGE('',*,*,#798,.T.);
#485=ORIENTED_EDGE('',*,*,#948,.F.);
#486=ORIENTED_EDGE('',*,*,#906,.F.);
#487=ORIENTED_EDGE('',*,*,#871,.T.);
#488=ORIENTED_EDGE('',*,*,#924,.F.);
#489=ORIENTED_EDGE('',*,*,#875,.T.);
#490=ORIENTED_EDGE('',*,*,#905,.F.);
#491=ORIENTED_EDGE('',*,*,#945,.T.);
#492=ORIENTED_EDGE('',*,*,#957,.F.);
#493=ORIENTED_EDGE('',*,*,#958,.F.);
#494=ORIENTED_EDGE('',*,*,#959,.T.);
#495=ORIENTED_EDGE('',*,*,#941,.T.);
#496=ORIENTED_EDGE('',*,*,#768,.F.);
#497=ORIENTED_EDGE('',*,*,#960,.F.);
#498=ORIENTED_EDGE('',*,*,#957,.T.);
#499=ORIENTED_EDGE('',*,*,#935,.T.);
#500=ORIENTED_EDGE('',*,*,#961,.F.);
#501=ORIENTED_EDGE('',*,*,#962,.F.);
#502=ORIENTED_EDGE('',*,*,#766,.T.);
#503=ORIENTED_EDGE('',*,*,#937,.F.);
#504=ORIENTED_EDGE('',*,*,#963,.F.);
#505=ORIENTED_EDGE('',*,*,#964,.T.);
#506=ORIENTED_EDGE('',*,*,#961,.T.);
#507=ORIENTED_EDGE('',*,*,#940,.T.);
#508=ORIENTED_EDGE('',*,*,#965,.F.);
#509=ORIENTED_EDGE('',*,*,#966,.F.);
#510=ORIENTED_EDGE('',*,*,#963,.T.);
#511=ORIENTED_EDGE('',*,*,#944,.F.);
#512=ORIENTED_EDGE('',*,*,#967,.F.);
#513=ORIENTED_EDGE('',*,*,#968,.T.);
#514=ORIENTED_EDGE('',*,*,#965,.T.);
#515=ORIENTED_EDGE('',*,*,#969,.F.);
#516=ORIENTED_EDGE('',*,*,#970,.T.);
#517=ORIENTED_EDGE('',*,*,#971,.T.);
#518=ORIENTED_EDGE('',*,*,#972,.T.);
#519=ORIENTED_EDGE('',*,*,#806,.F.);
#520=ORIENTED_EDGE('',*,*,#973,.F.);
#521=ORIENTED_EDGE('',*,*,#974,.T.);
#522=ORIENTED_EDGE('',*,*,#781,.T.);
#523=ORIENTED_EDGE('',*,*,#812,.F.);
#524=ORIENTED_EDGE('',*,*,#975,.F.);
#525=ORIENTED_EDGE('',*,*,#976,.T.);
#526=ORIENTED_EDGE('',*,*,#973,.T.);
#527=ORIENTED_EDGE('',*,*,#977,.F.);
#528=ORIENTED_EDGE('',*,*,#978,.T.);
#529=ORIENTED_EDGE('',*,*,#979,.T.);
#530=ORIENTED_EDGE('',*,*,#980,.T.);
#531=ORIENTED_EDGE('',*,*,#811,.F.);
#532=ORIENTED_EDGE('',*,*,#981,.F.);
#533=ORIENTED_EDGE('',*,*,#982,.T.);
#534=ORIENTED_EDGE('',*,*,#975,.T.);
#535=ORIENTED_EDGE('',*,*,#810,.T.);
#536=ORIENTED_EDGE('',*,*,#983,.F.);
#537=ORIENTED_EDGE('',*,*,#984,.F.);
#538=ORIENTED_EDGE('',*,*,#981,.T.);
#539=ORIENTED_EDGE('',*,*,#985,.F.);
#540=ORIENTED_EDGE('',*,*,#986,.T.);
#541=ORIENTED_EDGE('',*,*,#987,.T.);
#542=ORIENTED_EDGE('',*,*,#988,.T.);
#543=ORIENTED_EDGE('',*,*,#809,.F.);
#544=ORIENTED_EDGE('',*,*,#989,.F.);
#545=ORIENTED_EDGE('',*,*,#990,.T.);
#546=ORIENTED_EDGE('',*,*,#983,.T.);
#547=ORIENTED_EDGE('',*,*,#808,.T.);
#548=ORIENTED_EDGE('',*,*,#991,.F.);
#549=ORIENTED_EDGE('',*,*,#992,.F.);
#550=ORIENTED_EDGE('',*,*,#989,.T.);
#551=ORIENTED_EDGE('',*,*,#993,.F.);
#552=ORIENTED_EDGE('',*,*,#994,.T.);
#553=ORIENTED_EDGE('',*,*,#995,.T.);
#554=ORIENTED_EDGE('',*,*,#996,.T.);
#555=ORIENTED_EDGE('',*,*,#807,.F.);
#556=ORIENTED_EDGE('',*,*,#783,.F.);
#557=ORIENTED_EDGE('',*,*,#997,.T.);
#558=ORIENTED_EDGE('',*,*,#991,.T.);
#559=ORIENTED_EDGE('',*,*,#947,.T.);
#560=ORIENTED_EDGE('',*,*,#959,.F.);
#561=ORIENTED_EDGE('',*,*,#998,.F.);
#562=ORIENTED_EDGE('',*,*,#967,.T.);
#563=ORIENTED_EDGE('',*,*,#974,.F.);
#564=ORIENTED_EDGE('',*,*,#976,.F.);
#565=ORIENTED_EDGE('',*,*,#982,.F.);
#566=ORIENTED_EDGE('',*,*,#984,.T.);
#567=ORIENTED_EDGE('',*,*,#990,.F.);
#568=ORIENTED_EDGE('',*,*,#992,.T.);
#569=ORIENTED_EDGE('',*,*,#997,.F.);
#570=ORIENTED_EDGE('',*,*,#782,.F.);
#571=ORIENTED_EDGE('',*,*,#958,.T.);
#572=ORIENTED_EDGE('',*,*,#960,.T.);
#573=ORIENTED_EDGE('',*,*,#767,.T.);
#574=ORIENTED_EDGE('',*,*,#962,.T.);
#575=ORIENTED_EDGE('',*,*,#964,.F.);
#576=ORIENTED_EDGE('',*,*,#966,.T.);
#577=ORIENTED_EDGE('',*,*,#968,.F.);
#578=ORIENTED_EDGE('',*,*,#998,.T.);
#579=ORIENTED_EDGE('',*,*,#796,.T.);
#580=ORIENTED_EDGE('',*,*,#897,.F.);
#581=ORIENTED_EDGE('',*,*,#795,.T.);
#582=ORIENTED_EDGE('',*,*,#896,.F.);
#583=ORIENTED_EDGE('',*,*,#794,.T.);
#584=ORIENTED_EDGE('',*,*,#895,.F.);
#585=ORIENTED_EDGE('',*,*,#793,.T.);
#586=ORIENTED_EDGE('',*,*,#894,.F.);
#587=ORIENTED_EDGE('',*,*,#792,.T.);
#588=ORIENTED_EDGE('',*,*,#893,.F.);
#589=ORIENTED_EDGE('',*,*,#791,.T.);
#590=ORIENTED_EDGE('',*,*,#892,.F.);
#591=ORIENTED_EDGE('',*,*,#790,.T.);
#592=ORIENTED_EDGE('',*,*,#891,.F.);
#593=ORIENTED_EDGE('',*,*,#789,.T.);
#594=ORIENTED_EDGE('',*,*,#890,.F.);
#595=ORIENTED_EDGE('',*,*,#788,.T.);
#596=ORIENTED_EDGE('',*,*,#889,.F.);
#597=ORIENTED_EDGE('',*,*,#999,.T.);
#598=ORIENTED_EDGE('',*,*,#769,.F.);
#599=ORIENTED_EDGE('',*,*,#1000,.F.);
#600=ORIENTED_EDGE('',*,*,#785,.F.);
#601=ORIENTED_EDGE('',*,*,#786,.T.);
#602=ORIENTED_EDGE('',*,*,#1000,.T.);
#603=ORIENTED_EDGE('',*,*,#772,.T.);
#604=ORIENTED_EDGE('',*,*,#1001,.F.);
#605=ORIENTED_EDGE('',*,*,#787,.T.);
#606=ORIENTED_EDGE('',*,*,#1001,.T.);
#607=ORIENTED_EDGE('',*,*,#771,.T.);
#608=ORIENTED_EDGE('',*,*,#1002,.F.);
#609=ORIENTED_EDGE('',*,*,#1002,.T.);
#610=ORIENTED_EDGE('',*,*,#770,.F.);
#611=ORIENTED_EDGE('',*,*,#999,.F.);
#612=ORIENTED_EDGE('',*,*,#784,.F.);
#613=ORIENTED_EDGE('',*,*,#1003,.F.);
#614=ORIENTED_EDGE('',*,*,#1004,.T.);
#615=ORIENTED_EDGE('',*,*,#773,.F.);
#616=ORIENTED_EDGE('',*,*,#762,.F.);
#617=ORIENTED_EDGE('',*,*,#1005,.F.);
#618=ORIENTED_EDGE('',*,*,#1006,.T.);
#619=ORIENTED_EDGE('',*,*,#764,.T.);
#620=ORIENTED_EDGE('',*,*,#779,.T.);
#621=ORIENTED_EDGE('',*,*,#778,.T.);
#622=ORIENTED_EDGE('',*,*,#1007,.F.);
#623=ORIENTED_EDGE('',*,*,#1008,.T.);
#624=ORIENTED_EDGE('',*,*,#1009,.T.);
#625=ORIENTED_EDGE('',*,*,#774,.F.);
#626=ORIENTED_EDGE('',*,*,#1004,.F.);
#627=ORIENTED_EDGE('',*,*,#1010,.T.);
#628=ORIENTED_EDGE('',*,*,#1005,.T.);
#629=ORIENTED_EDGE('',*,*,#777,.T.);
#630=ORIENTED_EDGE('',*,*,#1011,.F.);
#631=ORIENTED_EDGE('',*,*,#1012,.F.);
#632=ORIENTED_EDGE('',*,*,#1007,.T.);
#633=ORIENTED_EDGE('',*,*,#776,.F.);
#634=ORIENTED_EDGE('',*,*,#1013,.F.);
#635=ORIENTED_EDGE('',*,*,#1014,.T.);
#636=ORIENTED_EDGE('',*,*,#1011,.T.);
#637=ORIENTED_EDGE('',*,*,#775,.F.);
#638=ORIENTED_EDGE('',*,*,#1009,.F.);
#639=ORIENTED_EDGE('',*,*,#1015,.T.);
#640=ORIENTED_EDGE('',*,*,#1013,.T.);
#641=ORIENTED_EDGE('',*,*,#1016,.F.);
#642=ORIENTED_EDGE('',*,*,#1017,.F.);
#643=ORIENTED_EDGE('',*,*,#1018,.T.);
#644=ORIENTED_EDGE('',*,*,#1019,.F.);
#645=ORIENTED_EDGE('',*,*,#1020,.T.);
#646=ORIENTED_EDGE('',*,*,#1021,.F.);
#647=ORIENTED_EDGE('',*,*,#1022,.F.);
#648=ORIENTED_EDGE('',*,*,#1023,.F.);
#649=ORIENTED_EDGE('',*,*,#1024,.F.);
#650=ORIENTED_EDGE('',*,*,#1025,.F.);
#651=ORIENTED_EDGE('',*,*,#1026,.F.);
#652=ORIENTED_EDGE('',*,*,#1027,.F.);
#653=ORIENTED_EDGE('',*,*,#1008,.F.);
#654=ORIENTED_EDGE('',*,*,#1012,.T.);
#655=ORIENTED_EDGE('',*,*,#1014,.F.);
#656=ORIENTED_EDGE('',*,*,#1015,.F.);
#657=ORIENTED_EDGE('',*,*,#1028,.T.);
#658=ORIENTED_EDGE('',*,*,#1029,.T.);
#659=ORIENTED_EDGE('',*,*,#1030,.T.);
#660=ORIENTED_EDGE('',*,*,#1031,.T.);
#661=ORIENTED_EDGE('',*,*,#1032,.T.);
#662=ORIENTED_EDGE('',*,*,#1033,.F.);
#663=ORIENTED_EDGE('',*,*,#1034,.T.);
#664=ORIENTED_EDGE('',*,*,#1035,.F.);
#665=ORIENTED_EDGE('',*,*,#1036,.T.);
#666=ORIENTED_EDGE('',*,*,#1037,.T.);
#667=ORIENTED_EDGE('',*,*,#1038,.T.);
#668=ORIENTED_EDGE('',*,*,#1039,.T.);
#669=ORIENTED_EDGE('',*,*,#761,.T.);
#670=ORIENTED_EDGE('',*,*,#1006,.F.);
#671=ORIENTED_EDGE('',*,*,#1010,.F.);
#672=ORIENTED_EDGE('',*,*,#1003,.T.);
#673=ORIENTED_EDGE('',*,*,#1027,.T.);
#674=ORIENTED_EDGE('',*,*,#1039,.F.);
#675=ORIENTED_EDGE('',*,*,#1026,.T.);
#676=ORIENTED_EDGE('',*,*,#1038,.F.);
#677=ORIENTED_EDGE('',*,*,#1025,.T.);
#678=ORIENTED_EDGE('',*,*,#1037,.F.);
#679=ORIENTED_EDGE('',*,*,#1024,.T.);
#680=ORIENTED_EDGE('',*,*,#1036,.F.);
#681=ORIENTED_EDGE('',*,*,#1040,.T.);
#682=ORIENTED_EDGE('',*,*,#1016,.T.);
#683=ORIENTED_EDGE('',*,*,#1041,.F.);
#684=ORIENTED_EDGE('',*,*,#1029,.F.);
#685=ORIENTED_EDGE('',*,*,#1041,.T.);
#686=ORIENTED_EDGE('',*,*,#1023,.T.);
#687=ORIENTED_EDGE('',*,*,#1042,.F.);
#688=ORIENTED_EDGE('',*,*,#1030,.F.);
#689=ORIENTED_EDGE('',*,*,#1042,.T.);
#690=ORIENTED_EDGE('',*,*,#1022,.T.);
#691=ORIENTED_EDGE('',*,*,#1043,.F.);
#692=ORIENTED_EDGE('',*,*,#1031,.F.);
#693=ORIENTED_EDGE('',*,*,#1043,.T.);
#694=ORIENTED_EDGE('',*,*,#1021,.T.);
#695=ORIENTED_EDGE('',*,*,#1044,.F.);
#696=ORIENTED_EDGE('',*,*,#1032,.F.);
#697=ORIENTED_EDGE('',*,*,#1033,.T.);
#698=ORIENTED_EDGE('',*,*,#1044,.T.);
#699=ORIENTED_EDGE('',*,*,#1020,.F.);
#700=ORIENTED_EDGE('',*,*,#1045,.F.);
#701=ORIENTED_EDGE('',*,*,#1045,.T.);
#702=ORIENTED_EDGE('',*,*,#1019,.T.);
#703=ORIENTED_EDGE('',*,*,#1046,.F.);
#704=ORIENTED_EDGE('',*,*,#1034,.F.);
#705=ORIENTED_EDGE('',*,*,#1035,.T.);
#706=ORIENTED_EDGE('',*,*,#1046,.T.);
#707=ORIENTED_EDGE('',*,*,#1018,.F.);
#708=ORIENTED_EDGE('',*,*,#1047,.F.);
#709=ORIENTED_EDGE('',*,*,#1047,.T.);
#710=ORIENTED_EDGE('',*,*,#1017,.T.);
#711=ORIENTED_EDGE('',*,*,#1040,.F.);
#712=ORIENTED_EDGE('',*,*,#1028,.F.);
#713=ORIENTED_EDGE('',*,*,#1048,.F.);
#714=ORIENTED_EDGE('',*,*,#1049,.T.);
#715=ORIENTED_EDGE('',*,*,#993,.T.);
#716=ORIENTED_EDGE('',*,*,#1050,.T.);
#717=ORIENTED_EDGE('',*,*,#995,.F.);
#718=ORIENTED_EDGE('',*,*,#1051,.F.);
#719=ORIENTED_EDGE('',*,*,#1048,.T.);
#720=ORIENTED_EDGE('',*,*,#1050,.F.);
#721=ORIENTED_EDGE('',*,*,#994,.F.);
#722=ORIENTED_EDGE('',*,*,#1049,.F.);
#723=ORIENTED_EDGE('',*,*,#996,.F.);
#724=ORIENTED_EDGE('',*,*,#1051,.T.);
#725=ORIENTED_EDGE('',*,*,#1052,.F.);
#726=ORIENTED_EDGE('',*,*,#1053,.T.);
#727=ORIENTED_EDGE('',*,*,#985,.T.);
#728=ORIENTED_EDGE('',*,*,#1054,.T.);
#729=ORIENTED_EDGE('',*,*,#987,.F.);
#730=ORIENTED_EDGE('',*,*,#1055,.F.);
#731=ORIENTED_EDGE('',*,*,#1052,.T.);
#732=ORIENTED_EDGE('',*,*,#1054,.F.);
#733=ORIENTED_EDGE('',*,*,#986,.F.);
#734=ORIENTED_EDGE('',*,*,#1053,.F.);
#735=ORIENTED_EDGE('',*,*,#988,.F.);
#736=ORIENTED_EDGE('',*,*,#1055,.T.);
#737=ORIENTED_EDGE('',*,*,#1056,.F.);
#738=ORIENTED_EDGE('',*,*,#1057,.T.);
#739=ORIENTED_EDGE('',*,*,#977,.T.);
#740=ORIENTED_EDGE('',*,*,#1058,.T.);
#741=ORIENTED_EDGE('',*,*,#979,.F.);
#742=ORIENTED_EDGE('',*,*,#1059,.F.);
#743=ORIENTED_EDGE('',*,*,#1056,.T.);
#744=ORIENTED_EDGE('',*,*,#1058,.F.);
#745=ORIENTED_EDGE('',*,*,#978,.F.);
#746=ORIENTED_EDGE('',*,*,#1057,.F.);
#747=ORIENTED_EDGE('',*,*,#980,.F.);
#748=ORIENTED_EDGE('',*,*,#1059,.T.);
#749=ORIENTED_EDGE('',*,*,#1060,.F.);
#750=ORIENTED_EDGE('',*,*,#1061,.T.);
#751=ORIENTED_EDGE('',*,*,#969,.T.);
#752=ORIENTED_EDGE('',*,*,#1062,.T.);
#753=ORIENTED_EDGE('',*,*,#971,.F.);
#754=ORIENTED_EDGE('',*,*,#1063,.F.);
#755=ORIENTED_EDGE('',*,*,#1060,.T.);
#756=ORIENTED_EDGE('',*,*,#1062,.F.);
#757=ORIENTED_EDGE('',*,*,#970,.F.);
#758=ORIENTED_EDGE('',*,*,#1061,.F.);
#759=ORIENTED_EDGE('',*,*,#972,.F.);
#760=ORIENTED_EDGE('',*,*,#1063,.T.);
#761=EDGE_CURVE('',#1064,#1065,#1272,.T.);
#762=EDGE_CURVE('',#1064,#1066,#1273,.T.);
#763=EDGE_CURVE('',#1066,#1067,#1274,.T.);
#764=EDGE_CURVE('',#1065,#1067,#1275,.T.);
#765=EDGE_CURVE('',#1068,#1069,#1276,.T.);
#766=EDGE_CURVE('',#1070,#1069,#1277,.T.);
#767=EDGE_CURVE('',#1071,#1070,#1278,.T.);
#768=EDGE_CURVE('',#1071,#1068,#1279,.T.);
#769=EDGE_CURVE('',#1072,#1073,#1280,.T.);
#770=EDGE_CURVE('',#1073,#1074,#1281,.T.);
#771=EDGE_CURVE('',#1075,#1074,#1282,.T.);
#772=EDGE_CURVE('',#1072,#1075,#1283,.T.);
#773=EDGE_CURVE('',#1066,#1076,#1284,.T.);
#774=EDGE_CURVE('',#1076,#1077,#1285,.T.);
#775=EDGE_CURVE('',#1077,#1078,#1286,.T.);
#776=EDGE_CURVE('',#1078,#1079,#1287,.T.);
#777=EDGE_CURVE('',#1080,#1079,#1288,.T.);
#778=EDGE_CURVE('',#1081,#1080,#1289,.T.);
#779=EDGE_CURVE('',#1067,#1081,#1290,.T.);
#780=EDGE_CURVE('',#1082,#1083,#1291,.T.);
#781=EDGE_CURVE('',#1084,#1082,#1292,.T.);
#782=EDGE_CURVE('',#1084,#1085,#1293,.T.);
#783=EDGE_CURVE('',#1085,#1083,#1294,.T.);
#784=EDGE_CURVE('',#1086,#1087,#1295,.T.);
#785=EDGE_CURVE('',#1087,#1088,#1296,.T.);
#786=EDGE_CURVE('',#1089,#1088,#1297,.T.);
#787=EDGE_CURVE('',#1086,#1089,#1298,.T.);
#788=EDGE_CURVE('',#1090,#1090,#69,.T.);
#789=EDGE_CURVE('',#1091,#1091,#70,.T.);
#790=EDGE_CURVE('',#1092,#1092,#71,.T.);
#791=EDGE_CURVE('',#1093,#1093,#72,.T.);
#792=EDGE_CURVE('',#1094,#1094,#73,.T.);
#793=EDGE_CURVE('',#1095,#1095,#74,.T.);
#794=EDGE_CURVE('',#1096,#1096,#75,.T.);
#795=EDGE_CURVE('',#1097,#1097,#76,.T.);
#796=EDGE_CURVE('',#1098,#1098,#77,.T.);
#797=EDGE_CURVE('',#1099,#1100,#1299,.T.);
#798=EDGE_CURVE('',#1101,#1099,#1300,.T.);
#799=EDGE_CURVE('',#1102,#1101,#1301,.T.);
#800=EDGE_CURVE('',#1103,#1102,#1302,.T.);
#801=EDGE_CURVE('',#1104,#1103,#1303,.T.);
#802=EDGE_CURVE('',#1105,#1104,#1304,.T.);
#803=EDGE_CURVE('',#1106,#1105,#1305,.T.);
#804=EDGE_CURVE('',#1107,#1106,#1306,.T.);
#805=EDGE_CURVE('',#1100,#1107,#1307,.T.);
#806=EDGE_CURVE('',#1108,#1082,#78,.T.);
#807=EDGE_CURVE('',#1083,#1109,#79,.T.);
#808=EDGE_CURVE('',#1110,#1109,#1308,.T.);
#809=EDGE_CURVE('',#1110,#1111,#80,.T.);
#810=EDGE_CURVE('',#1112,#1111,#1309,.T.);
#811=EDGE_CURVE('',#1112,#1113,#81,.T.);
#812=EDGE_CURVE('',#1113,#1108,#1310,.T.);
#813=EDGE_CURVE('',#1114,#1115,#1311,.T.);
#814=EDGE_CURVE('',#1116,#1114,#1312,.T.);
#815=EDGE_CURVE('',#1117,#1116,#1313,.T.);
#816=EDGE_CURVE('',#1117,#1115,#1314,.T.);
#817=EDGE_CURVE('',#1118,#1119,#1315,.T.);
#818=EDGE_CURVE('',#1118,#1117,#1316,.T.);
#819=EDGE_CURVE('',#1119,#1116,#1317,.T.);
#820=EDGE_CURVE('',#1120,#1121,#1318,.T.);
#821=EDGE_CURVE('',#1122,#1120,#1319,.T.);
#822=EDGE_CURVE('',#1123,#1122,#1320,.T.);
#823=EDGE_CURVE('',#1123,#1121,#1321,.T.);
#824=EDGE_CURVE('',#1124,#1125,#1322,.T.);
#825=EDGE_CURVE('',#1126,#1124,#1323,.T.);
#826=EDGE_CURVE('',#1127,#1126,#1324,.T.);
#827=EDGE_CURVE('',#1127,#1125,#1325,.T.);
#828=EDGE_CURVE('',#1128,#1129,#1326,.T.);
#829=EDGE_CURVE('',#1130,#1128,#1327,.T.);
#830=EDGE_CURVE('',#1131,#1130,#1328,.T.);
#831=EDGE_CURVE('',#1131,#1129,#1329,.T.);
#832=EDGE_CURVE('',#1118,#1115,#1330,.T.);
#833=EDGE_CURVE('',#1132,#1133,#1331,.T.);
#834=EDGE_CURVE('',#1132,#1134,#1332,.T.);
#835=EDGE_CURVE('',#1134,#1135,#1333,.T.);
#836=EDGE_CURVE('',#1135,#1136,#1334,.T.);
#837=EDGE_CURVE('',#1136,#1137,#1335,.T.);
#838=EDGE_CURVE('',#1137,#1129,#1336,.T.);
#839=EDGE_CURVE('',#1138,#1131,#1337,.T.);
#840=EDGE_CURVE('',#1139,#1138,#1338,.T.);
#841=EDGE_CURVE('',#1133,#1139,#1339,.T.);
#842=EDGE_CURVE('',#1140,#1127,#1340,.T.);
#843=EDGE_CURVE('',#1140,#1125,#1341,.T.);
#844=EDGE_CURVE('',#1141,#1123,#1342,.T.);
#845=EDGE_CURVE('',#1141,#1121,#1343,.T.);
#846=EDGE_CURVE('',#1142,#1143,#1344,.T.);
#847=EDGE_CURVE('',#1142,#1144,#1345,.F.);
#848=EDGE_CURVE('',#1144,#1145,#1346,.T.);
#849=EDGE_CURVE('',#1145,#1143,#1347,.T.);
#850=EDGE_CURVE('',#1146,#1147,#1348,.T.);
#851=EDGE_CURVE('',#1146,#1142,#1349,.F.);
#852=EDGE_CURVE('',#1143,#1147,#1350,.T.);
#853=EDGE_CURVE('',#1148,#1149,#1351,.T.);
#854=EDGE_CURVE('',#1148,#1146,#1352,.F.);
#855=EDGE_CURVE('',#1147,#1149,#1353,.T.);
#856=EDGE_CURVE('',#1150,#1151,#1354,.T.);
#857=EDGE_CURVE('',#1150,#1148,#1355,.F.);
#858=EDGE_CURVE('',#1149,#1151,#1356,.T.);
#859=EDGE_CURVE('',#1152,#1153,#1357,.T.);
#860=EDGE_CURVE('',#1152,#1150,#1358,.F.);
#861=EDGE_CURVE('',#1151,#1153,#1359,.T.);
#862=EDGE_CURVE('',#1154,#1155,#1360,.T.);
#863=EDGE_CURVE('',#1154,#1152,#1361,.F.);
#864=EDGE_CURVE('',#1153,#1155,#1362,.T.);
#865=EDGE_CURVE('',#1156,#1157,#1363,.T.);
#866=EDGE_CURVE('',#1156,#1154,#1364,.F.);
#867=EDGE_CURVE('',#1155,#1157,#1365,.T.);
#868=EDGE_CURVE('',#1132,#1158,#1366,.T.);
#869=EDGE_CURVE('',#1133,#1159,#1367,.T.);
#870=EDGE_CURVE('',#1158,#1159,#1368,.T.);
#871=EDGE_CURVE('',#1160,#1161,#1369,.T.);
#872=EDGE_CURVE('',#1162,#1160,#1370,.T.);
#873=EDGE_CURVE('',#1163,#1162,#1371,.T.);
#874=EDGE_CURVE('',#1163,#1161,#1372,.T.);
#875=EDGE_CURVE('',#1164,#1165,#1373,.T.);
#876=EDGE_CURVE('',#1164,#1163,#1374,.T.);
#877=EDGE_CURVE('',#1165,#1162,#1375,.T.);
#878=EDGE_CURVE('',#1141,#1166,#1376,.T.);
#879=EDGE_CURVE('',#1166,#1122,#1377,.T.);
#880=EDGE_CURVE('',#1140,#1167,#1378,.T.);
#881=EDGE_CURVE('',#1167,#1126,#1379,.T.);
#882=EDGE_CURVE('',#1168,#1130,#1380,.T.);
#883=EDGE_CURVE('',#1138,#1168,#1381,.T.);
#884=EDGE_CURVE('',#1169,#1168,#1382,.T.);
#885=EDGE_CURVE('',#1139,#1169,#1383,.T.);
#886=EDGE_CURVE('',#1159,#1169,#1384,.T.);
#887=EDGE_CURVE('',#1144,#1156,#1385,.F.);
#888=EDGE_CURVE('',#1157,#1145,#1386,.T.);
#889=EDGE_CURVE('',#1170,#1170,#82,.T.);
#890=EDGE_CURVE('',#1171,#1171,#83,.T.);
#891=EDGE_CURVE('',#1172,#1172,#84,.T.);
#892=EDGE_CURVE('',#1173,#1173,#85,.T.);
#893=EDGE_CURVE('',#1174,#1174,#86,.T.);
#894=EDGE_CURVE('',#1175,#1175,#87,.T.);
#895=EDGE_CURVE('',#1176,#1176,#88,.T.);
#896=EDGE_CURVE('',#1177,#1177,#89,.T.);
#897=EDGE_CURVE('',#1178,#1178,#90,.T.);
#898=EDGE_CURVE('',#1114,#1179,#1387,.T.);
#899=EDGE_CURVE('',#1179,#1158,#1388,.T.);
#900=EDGE_CURVE('',#1128,#1180,#1389,.T.);
#901=EDGE_CURVE('',#1180,#1167,#1390,.T.);
#902=EDGE_CURVE('',#1124,#1181,#1391,.T.);
#903=EDGE_CURVE('',#1181,#1166,#1392,.T.);
#904=EDGE_CURVE('',#1120,#1182,#1393,.T.);
#905=EDGE_CURVE('',#1182,#1165,#1394,.T.);
#906=EDGE_CURVE('',#1160,#1183,#1395,.T.);
#907=EDGE_CURVE('',#1183,#1119,#1396,.T.);
#908=EDGE_CURVE('',#1184,#1185,#1397,.T.);
#909=EDGE_CURVE('',#1185,#1186,#1398,.T.);
#910=EDGE_CURVE('',#1186,#1187,#1399,.T.);
#911=EDGE_CURVE('',#1187,#1188,#1400,.T.);
#912=EDGE_CURVE('',#1188,#1189,#1401,.T.);
#913=EDGE_CURVE('',#1189,#1190,#1402,.T.);
#914=EDGE_CURVE('',#1190,#1191,#1403,.T.);
#915=EDGE_CURVE('',#1191,#1184,#1404,.T.);
#916=EDGE_CURVE('',#1192,#1193,#1405,.F.);
#917=EDGE_CURVE('',#1193,#1194,#91,.F.);
#918=EDGE_CURVE('',#1194,#1195,#1406,.T.);
#919=EDGE_CURVE('',#1195,#1196,#92,.F.);
#920=EDGE_CURVE('',#1196,#1197,#1407,.T.);
#921=EDGE_CURVE('',#1197,#1198,#93,.F.);
#922=EDGE_CURVE('',#1198,#1199,#1408,.F.);
#923=EDGE_CURVE('',#1199,#1192,#94,.F.);
#924=EDGE_CURVE('',#1164,#1161,#1409,.T.);
#925=EDGE_CURVE('',#1150,#1189,#16,.F.);
#926=EDGE_CURVE('',#1190,#1152,#17,.T.);
#927=EDGE_CURVE('',#1191,#1154,#18,.T.);
#928=EDGE_CURVE('',#1148,#1188,#19,.F.);
#929=EDGE_CURVE('',#1184,#1156,#20,.T.);
#930=EDGE_CURVE('',#1146,#1187,#21,.F.);
#931=EDGE_CURVE('',#1185,#1144,#22,.T.);
#932=EDGE_CURVE('',#1142,#1186,#23,.F.);
#933=EDGE_CURVE('',#1198,#1069,#95,.T.);
#934=EDGE_CURVE('',#1200,#1197,#96,.T.);
#935=EDGE_CURVE('',#1069,#1200,#97,.T.);
#936=EDGE_CURVE('',#1201,#1196,#98,.T.);
#937=EDGE_CURVE('',#1201,#1200,#1410,.T.);
#938=EDGE_CURVE('',#1199,#1068,#99,.T.);
#939=EDGE_CURVE('',#1202,#1195,#100,.T.);
#940=EDGE_CURVE('',#1201,#1202,#101,.T.);
#941=EDGE_CURVE('',#1203,#1068,#102,.T.);
#942=EDGE_CURVE('',#1192,#1203,#103,.T.);
#943=EDGE_CURVE('',#1204,#1194,#104,.T.);
#944=EDGE_CURVE('',#1204,#1202,#1411,.T.);
#945=EDGE_CURVE('',#1205,#1203,#1412,.T.);
#946=EDGE_CURVE('',#1193,#1205,#105,.T.);
#947=EDGE_CURVE('',#1204,#1205,#106,.T.);
#948=EDGE_CURVE('',#1183,#1099,#1413,.T.);
#949=EDGE_CURVE('',#1179,#1100,#1414,.T.);
#950=EDGE_CURVE('',#1134,#1107,#1415,.T.);
#951=EDGE_CURVE('',#1135,#1106,#1416,.T.);
#952=EDGE_CURVE('',#1136,#1105,#1417,.T.);
#953=EDGE_CURVE('',#1137,#1104,#1418,.T.);
#954=EDGE_CURVE('',#1180,#1103,#1419,.T.);
#955=EDGE_CURVE('',#1181,#1102,#1420,.T.);
#956=EDGE_CURVE('',#1182,#1101,#1421,.T.);
#957=EDGE_CURVE('',#1206,#1203,#1422,.T.);
#958=EDGE_CURVE('',#1207,#1206,#1423,.T.);
#959=EDGE_CURVE('',#1207,#1205,#1424,.T.);
#960=EDGE_CURVE('',#1206,#1071,#107,.T.);
#961=EDGE_CURVE('',#1208,#1200,#1425,.T.);
#962=EDGE_CURVE('',#1070,#1208,#108,.T.);
#963=EDGE_CURVE('',#1209,#1201,#1426,.T.);
#964=EDGE_CURVE('',#1209,#1208,#1427,.T.);
#965=EDGE_CURVE('',#1210,#1202,#1428,.T.);
#966=EDGE_CURVE('',#1209,#1210,#109,.T.);
#967=EDGE_CURVE('',#1211,#1204,#1429,.T.);
#968=EDGE_CURVE('',#1211,#1210,#1430,.T.);
#969=EDGE_CURVE('',#1212,#1213,#110,.T.);
#970=EDGE_CURVE('',#1212,#1214,#1431,.T.);
#971=EDGE_CURVE('',#1214,#1215,#111,.T.);
#972=EDGE_CURVE('',#1215,#1213,#1432,.F.);
#973=EDGE_CURVE('',#1216,#1108,#1433,.T.);
#974=EDGE_CURVE('',#1216,#1084,#112,.T.);
#975=EDGE_CURVE('',#1217,#1113,#1434,.T.);
#976=EDGE_CURVE('',#1217,#1216,#1435,.T.);
#977=EDGE_CURVE('',#1218,#1219,#113,.T.);
#978=EDGE_CURVE('',#1218,#1220,#1436,.T.);
#979=EDGE_CURVE('',#1220,#1221,#114,.T.);
#980=EDGE_CURVE('',#1221,#1219,#1437,.F.);
#981=EDGE_CURVE('',#1222,#1112,#1438,.T.);
#982=EDGE_CURVE('',#1222,#1217,#115,.T.);
#983=EDGE_CURVE('',#1223,#1111,#1439,.T.);
#984=EDGE_CURVE('',#1222,#1223,#1440,.T.);
#985=EDGE_CURVE('',#1224,#1225,#116,.T.);
#986=EDGE_CURVE('',#1224,#1226,#1441,.T.);
#987=EDGE_CURVE('',#1226,#1227,#117,.T.);
#988=EDGE_CURVE('',#1227,#1225,#1442,.F.);
#989=EDGE_CURVE('',#1228,#1110,#1443,.T.);
#990=EDGE_CURVE('',#1228,#1223,#118,.T.);
#991=EDGE_CURVE('',#1229,#1109,#1444,.T.);
#992=EDGE_CURVE('',#1228,#1229,#1445,.T.);
#993=EDGE_CURVE('',#1230,#1231,#119,.T.);
#994=EDGE_CURVE('',#1230,#1232,#1446,.T.);
#995=EDGE_CURVE('',#1232,#1233,#120,.T.);
#996=EDGE_CURVE('',#1233,#1231,#1447,.F.);
#997=EDGE_CURVE('',#1085,#1229,#121,.T.);
#998=EDGE_CURVE('',#1211,#1207,#122,.T.);
#999=EDGE_CURVE('',#1087,#1073,#1448,.T.);
#1000=EDGE_CURVE('',#1088,#1072,#1449,.T.);
#1001=EDGE_CURVE('',#1089,#1075,#1450,.T.);
#1002=EDGE_CURVE('',#1086,#1074,#1451,.T.);
#1003=EDGE_CURVE('',#1234,#1064,#1452,.T.);
#1004=EDGE_CURVE('',#1234,#1076,#1453,.T.);
#1005=EDGE_CURVE('',#1235,#1081,#1454,.T.);
#1006=EDGE_CURVE('',#1235,#1065,#1455,.T.);
#1007=EDGE_CURVE('',#1236,#1080,#1456,.T.);
#1008=EDGE_CURVE('',#1236,#1237,#1457,.T.);
#1009=EDGE_CURVE('',#1237,#1077,#1458,.T.);
#1010=EDGE_CURVE('',#1234,#1235,#1459,.T.);
#1011=EDGE_CURVE('',#1238,#1079,#1460,.T.);
#1012=EDGE_CURVE('',#1236,#1238,#1461,.T.);
#1013=EDGE_CURVE('',#1239,#1078,#1462,.T.);
#1014=EDGE_CURVE('',#1239,#1238,#1463,.T.);
#1015=EDGE_CURVE('',#1237,#1239,#1464,.T.);
#1016=EDGE_CURVE('',#1240,#1241,#1465,.T.);
#1017=EDGE_CURVE('',#1242,#1240,#123,.T.);
#1018=EDGE_CURVE('',#1242,#1243,#1466,.T.);
#1019=EDGE_CURVE('',#1244,#1243,#124,.T.);
#1020=EDGE_CURVE('',#1244,#1245,#1467,.T.);
#1021=EDGE_CURVE('',#1246,#1245,#125,.T.);
#1022=EDGE_CURVE('',#1247,#1246,#1468,.T.);
#1023=EDGE_CURVE('',#1241,#1247,#126,.T.);
#1024=EDGE_CURVE('',#1248,#1248,#127,.T.);
#1025=EDGE_CURVE('',#1249,#1249,#128,.T.);
#1026=EDGE_CURVE('',#1250,#1250,#129,.T.);
#1027=EDGE_CURVE('',#1251,#1251,#130,.T.);
#1028=EDGE_CURVE('',#1252,#1253,#131,.T.);
#1029=EDGE_CURVE('',#1253,#1254,#1469,.T.);
#1030=EDGE_CURVE('',#1254,#1255,#132,.T.);
#1031=EDGE_CURVE('',#1255,#1256,#1470,.T.);
#1032=EDGE_CURVE('',#1256,#1257,#133,.T.);
#1033=EDGE_CURVE('',#1258,#1257,#1471,.T.);
#1034=EDGE_CURVE('',#1258,#1259,#134,.T.);
#1035=EDGE_CURVE('',#1252,#1259,#1472,.T.);
#1036=EDGE_CURVE('',#1260,#1260,#135,.T.);
#1037=EDGE_CURVE('',#1261,#1261,#136,.T.);
#1038=EDGE_CURVE('',#1262,#1262,#137,.T.);
#1039=EDGE_CURVE('',#1263,#1263,#138,.T.);
#1040=EDGE_CURVE('',#1253,#1240,#1473,.T.);
#1041=EDGE_CURVE('',#1254,#1241,#1474,.T.);
#1042=EDGE_CURVE('',#1255,#1247,#1475,.T.);
#1043=EDGE_CURVE('',#1256,#1246,#1476,.T.);
#1044=EDGE_CURVE('',#1257,#1245,#1477,.T.);
#1045=EDGE_CURVE('',#1258,#1244,#1478,.T.);
#1046=EDGE_CURVE('',#1259,#1243,#1479,.T.);
#1047=EDGE_CURVE('',#1252,#1242,#1480,.T.);
#1048=EDGE_CURVE('',#1264,#1264,#139,.T.);
#1049=EDGE_CURVE('',#1231,#1230,#140,.T.);
#1050=EDGE_CURVE('',#1265,#1265,#141,.T.);
#1051=EDGE_CURVE('',#1233,#1232,#142,.T.);
#1052=EDGE_CURVE('',#1266,#1266,#143,.T.);
#1053=EDGE_CURVE('',#1225,#1224,#144,.T.);
#1054=EDGE_CURVE('',#1267,#1267,#145,.T.);
#1055=EDGE_CURVE('',#1227,#1226,#146,.T.);
#1056=EDGE_CURVE('',#1268,#1268,#147,.T.);
#1057=EDGE_CURVE('',#1219,#1218,#148,.T.);
#1058=EDGE_CURVE('',#1269,#1269,#149,.T.);
#1059=EDGE_CURVE('',#1221,#1220,#150,.T.);
#1060=EDGE_CURVE('',#1270,#1270,#151,.T.);
#1061=EDGE_CURVE('',#1213,#1212,#152,.T.);
#1062=EDGE_CURVE('',#1271,#1271,#153,.T.);
#1063=EDGE_CURVE('',#1215,#1214,#154,.T.);
#1064=VERTEX_POINT('',#3125);
#1065=VERTEX_POINT('',#3126);
#1066=VERTEX_POINT('',#3128);
#1067=VERTEX_POINT('',#3130);
#1068=VERTEX_POINT('',#3134);
#1069=VERTEX_POINT('',#3135);
#1070=VERTEX_POINT('',#3137);
#1071=VERTEX_POINT('',#3139);
#1072=VERTEX_POINT('',#3142);
#1073=VERTEX_POINT('',#3143);
#1074=VERTEX_POINT('',#3145);
#1075=VERTEX_POINT('',#3147);
#1076=VERTEX_POINT('',#3151);
#1077=VERTEX_POINT('',#3153);
#1078=VERTEX_POINT('',#3155);
#1079=VERTEX_POINT('',#3157);
#1080=VERTEX_POINT('',#3159);
#1081=VERTEX_POINT('',#3161);
#1082=VERTEX_POINT('',#3164);
#1083=VERTEX_POINT('',#3165);
#1084=VERTEX_POINT('',#3167);
#1085=VERTEX_POINT('',#3169);
#1086=VERTEX_POINT('',#3172);
#1087=VERTEX_POINT('',#3173);
#1088=VERTEX_POINT('',#3175);
#1089=VERTEX_POINT('',#3177);
#1090=VERTEX_POINT('',#3181);
#1091=VERTEX_POINT('',#3183);
#1092=VERTEX_POINT('',#3185);
#1093=VERTEX_POINT('',#3187);
#1094=VERTEX_POINT('',#3189);
#1095=VERTEX_POINT('',#3191);
#1096=VERTEX_POINT('',#3193);
#1097=VERTEX_POINT('',#3195);
#1098=VERTEX_POINT('',#3197);
#1099=VERTEX_POINT('',#3199);
#1100=VERTEX_POINT('',#3200);
#1101=VERTEX_POINT('',#3202);
#1102=VERTEX_POINT('',#3204);
#1103=VERTEX_POINT('',#3206);
#1104=VERTEX_POINT('',#3208);
#1105=VERTEX_POINT('',#3210);
#1106=VERTEX_POINT('',#3212);
#1107=VERTEX_POINT('',#3214);
#1108=VERTEX_POINT('',#3217);
#1109=VERTEX_POINT('',#3219);
#1110=VERTEX_POINT('',#3221);
#1111=VERTEX_POINT('',#3223);
#1112=VERTEX_POINT('',#3225);
#1113=VERTEX_POINT('',#3227);
#1114=VERTEX_POINT('',#3231);
#1115=VERTEX_POINT('',#3232);
#1116=VERTEX_POINT('',#3234);
#1117=VERTEX_POINT('',#3236);
#1118=VERTEX_POINT('',#3240);
#1119=VERTEX_POINT('',#3241);
#1120=VERTEX_POINT('',#3246);
#1121=VERTEX_POINT('',#3247);
#1122=VERTEX_POINT('',#3249);
#1123=VERTEX_POINT('',#3251);
#1124=VERTEX_POINT('',#3255);
#1125=VERTEX_POINT('',#3256);
#1126=VERTEX_POINT('',#3258);
#1127=VERTEX_POINT('',#3260);
#1128=VERTEX_POINT('',#3264);
#1129=VERTEX_POINT('',#3265);
#1130=VERTEX_POINT('',#3267);
#1131=VERTEX_POINT('',#3269);
#1132=VERTEX_POINT('',#3275);
#1133=VERTEX_POINT('',#3276);
#1134=VERTEX_POINT('',#3278);
#1135=VERTEX_POINT('',#3280);
#1136=VERTEX_POINT('',#3282);
#1137=VERTEX_POINT('',#3284);
#1138=VERTEX_POINT('',#3287);
#1139=VERTEX_POINT('',#3289);
#1140=VERTEX_POINT('',#3293);
#1141=VERTEX_POINT('',#3297);
#1142=VERTEX_POINT('',#3301);
#1143=VERTEX_POINT('',#3302);
#1144=VERTEX_POINT('',#3304);
#1145=VERTEX_POINT('',#3306);
#1146=VERTEX_POINT('',#3310);
#1147=VERTEX_POINT('',#3311);
#1148=VERTEX_POINT('',#3316);
#1149=VERTEX_POINT('',#3317);
#1150=VERTEX_POINT('',#3322);
#1151=VERTEX_POINT('',#3323);
#1152=VERTEX_POINT('',#3328);
#1153=VERTEX_POINT('',#3329);
#1154=VERTEX_POINT('',#3334);
#1155=VERTEX_POINT('',#3335);
#1156=VERTEX_POINT('',#3340);
#1157=VERTEX_POINT('',#3341);
#1158=VERTEX_POINT('',#3346);
#1159=VERTEX_POINT('',#3348);
#1160=VERTEX_POINT('',#3352);
#1161=VERTEX_POINT('',#3353);
#1162=VERTEX_POINT('',#3355);
#1163=VERTEX_POINT('',#3357);
#1164=VERTEX_POINT('',#3361);
#1165=VERTEX_POINT('',#3362);
#1166=VERTEX_POINT('',#3367);
#1167=VERTEX_POINT('',#3371);
#1168=VERTEX_POINT('',#3375);
#1169=VERTEX_POINT('',#3379);
#1170=VERTEX_POINT('',#3388);
#1171=VERTEX_POINT('',#3390);
#1172=VERTEX_POINT('',#3392);
#1173=VERTEX_POINT('',#3394);
#1174=VERTEX_POINT('',#3396);
#1175=VERTEX_POINT('',#3398);
#1176=VERTEX_POINT('',#3400);
#1177=VERTEX_POINT('',#3402);
#1178=VERTEX_POINT('',#3404);
#1179=VERTEX_POINT('',#3406);
#1180=VERTEX_POINT('',#3409);
#1181=VERTEX_POINT('',#3412);
#1182=VERTEX_POINT('',#3415);
#1183=VERTEX_POINT('',#3418);
#1184=VERTEX_POINT('',#3422);
#1185=VERTEX_POINT('',#3423);
#1186=VERTEX_POINT('',#3425);
#1187=VERTEX_POINT('',#3427);
#1188=VERTEX_POINT('',#3429);
#1189=VERTEX_POINT('',#3431);
#1190=VERTEX_POINT('',#3433);
#1191=VERTEX_POINT('',#3435);
#1192=VERTEX_POINT('',#3438);
#1193=VERTEX_POINT('',#3439);
#1194=VERTEX_POINT('',#3441);
#1195=VERTEX_POINT('',#3443);
#1196=VERTEX_POINT('',#3445);
#1197=VERTEX_POINT('',#3447);
#1198=VERTEX_POINT('',#3449);
#1199=VERTEX_POINT('',#3451);
#1200=VERTEX_POINT('',#3474);
#1201=VERTEX_POINT('',#3478);
#1202=VERTEX_POINT('',#3484);
#1203=VERTEX_POINT('',#3488);
#1204=VERTEX_POINT('',#3492);
#1205=VERTEX_POINT('',#3496);
#1206=VERTEX_POINT('',#3520);
#1207=VERTEX_POINT('',#3522);
#1208=VERTEX_POINT('',#3528);
#1209=VERTEX_POINT('',#3532);
#1210=VERTEX_POINT('',#3536);
#1211=VERTEX_POINT('',#3540);
#1212=VERTEX_POINT('',#3544);
#1213=VERTEX_POINT('',#3545);
#1214=VERTEX_POINT('',#3547);
#1215=VERTEX_POINT('',#3549);
#1216=VERTEX_POINT('',#3552);
#1217=VERTEX_POINT('',#3556);
#1218=VERTEX_POINT('',#3560);
#1219=VERTEX_POINT('',#3561);
#1220=VERTEX_POINT('',#3563);
#1221=VERTEX_POINT('',#3565);
#1222=VERTEX_POINT('',#3568);
#1223=VERTEX_POINT('',#3572);
#1224=VERTEX_POINT('',#3576);
#1225=VERTEX_POINT('',#3577);
#1226=VERTEX_POINT('',#3579);
#1227=VERTEX_POINT('',#3581);
#1228=VERTEX_POINT('',#3584);
#1229=VERTEX_POINT('',#3588);
#1230=VERTEX_POINT('',#3592);
#1231=VERTEX_POINT('',#3593);
#1232=VERTEX_POINT('',#3595);
#1233=VERTEX_POINT('',#3597);
#1234=VERTEX_POINT('',#3622);
#1235=VERTEX_POINT('',#3626);
#1236=VERTEX_POINT('',#3630);
#1237=VERTEX_POINT('',#3632);
#1238=VERTEX_POINT('',#3637);
#1239=VERTEX_POINT('',#3641);
#1240=VERTEX_POINT('',#3647);
#1241=VERTEX_POINT('',#3648);
#1242=VERTEX_POINT('',#3650);
#1243=VERTEX_POINT('',#3652);
#1244=VERTEX_POINT('',#3654);
#1245=VERTEX_POINT('',#3656);
#1246=VERTEX_POINT('',#3658);
#1247=VERTEX_POINT('',#3660);
#1248=VERTEX_POINT('',#3663);
#1249=VERTEX_POINT('',#3665);
#1250=VERTEX_POINT('',#3667);
#1251=VERTEX_POINT('',#3669);
#1252=VERTEX_POINT('',#3672);
#1253=VERTEX_POINT('',#3673);
#1254=VERTEX_POINT('',#3675);
#1255=VERTEX_POINT('',#3677);
#1256=VERTEX_POINT('',#3679);
#1257=VERTEX_POINT('',#3681);
#1258=VERTEX_POINT('',#3683);
#1259=VERTEX_POINT('',#3685);
#1260=VERTEX_POINT('',#3688);
#1261=VERTEX_POINT('',#3690);
#1262=VERTEX_POINT('',#3692);
#1263=VERTEX_POINT('',#3694);
#1264=VERTEX_POINT('',#3717);
#1265=VERTEX_POINT('',#3721);
#1266=VERTEX_POINT('',#3727);
#1267=VERTEX_POINT('',#3731);
#1268=VERTEX_POINT('',#3737);
#1269=VERTEX_POINT('',#3741);
#1270=VERTEX_POINT('',#3747);
#1271=VERTEX_POINT('',#3751);
#1272=LINE('',#3124,#1481);
#1273=LINE('',#3127,#1482);
#1274=LINE('',#3129,#1483);
#1275=LINE('',#3131,#1484);
#1276=LINE('',#3133,#1485);
#1277=LINE('',#3136,#1486);
#1278=LINE('',#3138,#1487);
#1279=LINE('',#3140,#1488);
#1280=LINE('',#3141,#1489);
#1281=LINE('',#3144,#1490);
#1282=LINE('',#3146,#1491);
#1283=LINE('',#3148,#1492);
#1284=LINE('',#3150,#1493);
#1285=LINE('',#3152,#1494);
#1286=LINE('',#3154,#1495);
#1287=LINE('',#3156,#1496);
#1288=LINE('',#3158,#1497);
#1289=LINE('',#3160,#1498);
#1290=LINE('',#3162,#1499);
#1291=LINE('',#3163,#1500);
#1292=LINE('',#3166,#1501);
#1293=LINE('',#3168,#1502);
#1294=LINE('',#3170,#1503);
#1295=LINE('',#3171,#1504);
#1296=LINE('',#3174,#1505);
#1297=LINE('',#3176,#1506);
#1298=LINE('',#3178,#1507);
#1299=LINE('',#3198,#1508);
#1300=LINE('',#3201,#1509);
#1301=LINE('',#3203,#1510);
#1302=LINE('',#3205,#1511);
#1303=LINE('',#3207,#1512);
#1304=LINE('',#3209,#1513);
#1305=LINE('',#3211,#1514);
#1306=LINE('',#3213,#1515);
#1307=LINE('',#3215,#1516);
#1308=LINE('',#3220,#1517);
#1309=LINE('',#3224,#1518);
#1310=LINE('',#3228,#1519);
#1311=LINE('',#3230,#1520);
#1312=LINE('',#3233,#1521);
#1313=LINE('',#3235,#1522);
#1314=LINE('',#3237,#1523);
#1315=LINE('',#3239,#1524);
#1316=LINE('',#3242,#1525);
#1317=LINE('',#3243,#1526);
#1318=LINE('',#3245,#1527);
#1319=LINE('',#3248,#1528);
#1320=LINE('',#3250,#1529);
#1321=LINE('',#3252,#1530);
#1322=LINE('',#3254,#1531);
#1323=LINE('',#3257,#1532);
#1324=LINE('',#3259,#1533);
#1325=LINE('',#3261,#1534);
#1326=LINE('',#3263,#1535);
#1327=LINE('',#3266,#1536);
#1328=LINE('',#3268,#1537);
#1329=LINE('',#3270,#1538);
#1330=LINE('',#3272,#1539);
#1331=LINE('',#3274,#1540);
#1332=LINE('',#3277,#1541);
#1333=LINE('',#3279,#1542);
#1334=LINE('',#3281,#1543);
#1335=LINE('',#3283,#1544);
#1336=LINE('',#3285,#1545);
#1337=LINE('',#3286,#1546);
#1338=LINE('',#3288,#1547);
#1339=LINE('',#3290,#1548);
#1340=LINE('',#3292,#1549);
#1341=LINE('',#3294,#1550);
#1342=LINE('',#3296,#1551);
#1343=LINE('',#3298,#1552);
#1344=LINE('',#3300,#1553);
#1345=LINE('',#3303,#1554);
#1346=LINE('',#3305,#1555);
#1347=LINE('',#3307,#1556);
#1348=LINE('',#3309,#1557);
#1349=LINE('',#3312,#1558);
#1350=LINE('',#3313,#1559);
#1351=LINE('',#3315,#1560);
#1352=LINE('',#3318,#1561);
#1353=LINE('',#3319,#1562);
#1354=LINE('',#3321,#1563);
#1355=LINE('',#3324,#1564);
#1356=LINE('',#3325,#1565);
#1357=LINE('',#3327,#1566);
#1358=LINE('',#3330,#1567);
#1359=LINE('',#3331,#1568);
#1360=LINE('',#3333,#1569);
#1361=LINE('',#3336,#1570);
#1362=LINE('',#3337,#1571);
#1363=LINE('',#3339,#1572);
#1364=LINE('',#3342,#1573);
#1365=LINE('',#3343,#1574);
#1366=LINE('',#3345,#1575);
#1367=LINE('',#3347,#1576);
#1368=LINE('',#3349,#1577);
#1369=LINE('',#3351,#1578);
#1370=LINE('',#3354,#1579);
#1371=LINE('',#3356,#1580);
#1372=LINE('',#3358,#1581);
#1373=LINE('',#3360,#1582);
#1374=LINE('',#3363,#1583);
#1375=LINE('',#3364,#1584);
#1376=LINE('',#3366,#1585);
#1377=LINE('',#3368,#1586);
#1378=LINE('',#3370,#1587);
#1379=LINE('',#3372,#1588);
#1380=LINE('',#3374,#1589);
#1381=LINE('',#3376,#1590);
#1382=LINE('',#3378,#1591);
#1383=LINE('',#3380,#1592);
#1384=LINE('',#3382,#1593);
#1385=LINE('',#3384,#1594);
#1386=LINE('',#3385,#1595);
#1387=LINE('',#3405,#1596);
#1388=LINE('',#3407,#1597);
#1389=LINE('',#3408,#1598);
#1390=LINE('',#3410,#1599);
#1391=LINE('',#3411,#1600);
#1392=LINE('',#3413,#1601);
#1393=LINE('',#3414,#1602);
#1394=LINE('',#3416,#1603);
#1395=LINE('',#3417,#1604);
#1396=LINE('',#3419,#1605);
#1397=LINE('',#3421,#1606);
#1398=LINE('',#3424,#1607);
#1399=LINE('',#3426,#1608);
#1400=LINE('',#3428,#1609);
#1401=LINE('',#3430,#1610);
#1402=LINE('',#3432,#1611);
#1403=LINE('',#3434,#1612);
#1404=LINE('',#3436,#1613);
#1405=LINE('',#3437,#1614);
#1406=LINE('',#3442,#1615);
#1407=LINE('',#3446,#1616);
#1408=LINE('',#3450,#1617);
#1409=LINE('',#3454,#1618);
#1410=LINE('',#3479,#1619);
#1411=LINE('',#3493,#1620);
#1412=LINE('',#3495,#1621);
#1413=LINE('',#3501,#1622);
#1414=LINE('',#3502,#1623);
#1415=LINE('',#3504,#1624);
#1416=LINE('',#3506,#1625);
#1417=LINE('',#3508,#1626);
#1418=LINE('',#3510,#1627);
#1419=LINE('',#3512,#1628);
#1420=LINE('',#3514,#1629);
#1421=LINE('',#3516,#1630);
#1422=LINE('',#3519,#1631);
#1423=LINE('',#3521,#1632);
#1424=LINE('',#3523,#1633);
#1425=LINE('',#3527,#1634);
#1426=LINE('',#3531,#1635);
#1427=LINE('',#3533,#1636);
#1428=LINE('',#3535,#1637);
#1429=LINE('',#3539,#1638);
#1430=LINE('',#3541,#1639);
#1431=LINE('',#3546,#1640);
#1432=LINE('',#3550,#1641);
#1433=LINE('',#3551,#1642);
#1434=LINE('',#3555,#1643);
#1435=LINE('',#3557,#1644);
#1436=LINE('',#3562,#1645);
#1437=LINE('',#3566,#1646);
#1438=LINE('',#3567,#1647);
#1439=LINE('',#3571,#1648);
#1440=LINE('',#3573,#1649);
#1441=LINE('',#3578,#1650);
#1442=LINE('',#3582,#1651);
#1443=LINE('',#3583,#1652);
#1444=LINE('',#3587,#1653);
#1445=LINE('',#3589,#1654);
#1446=LINE('',#3594,#1655);
#1447=LINE('',#3598,#1656);
#1448=LINE('',#3613,#1657);
#1449=LINE('',#3614,#1658);
#1450=LINE('',#3616,#1659);
#1451=LINE('',#3618,#1660);
#1452=LINE('',#3621,#1661);
#1453=LINE('',#3623,#1662);
#1454=LINE('',#3625,#1663);
#1455=LINE('',#3627,#1664);
#1456=LINE('',#3629,#1665);
#1457=LINE('',#3631,#1666);
#1458=LINE('',#3633,#1667);
#1459=LINE('',#3634,#1668);
#1460=LINE('',#3636,#1669);
#1461=LINE('',#3638,#1670);
#1462=LINE('',#3640,#1671);
#1463=LINE('',#3642,#1672);
#1464=LINE('',#3644,#1673);
#1465=LINE('',#3646,#1674);
#1466=LINE('',#3651,#1675);
#1467=LINE('',#3655,#1676);
#1468=LINE('',#3659,#1677);
#1469=LINE('',#3674,#1678);
#1470=LINE('',#3678,#1679);
#1471=LINE('',#3682,#1680);
#1472=LINE('',#3686,#1681);
#1473=LINE('',#3700,#1682);
#1474=LINE('',#3701,#1683);
#1475=LINE('',#3703,#1684);
#1476=LINE('',#3705,#1685);
#1477=LINE('',#3707,#1686);
#1478=LINE('',#3709,#1687);
#1479=LINE('',#3711,#1688);
#1480=LINE('',#3713,#1689);
#1481=VECTOR('',#2485,1.);
#1482=VECTOR('',#2486,1.);
#1483=VECTOR('',#2487,1.);
#1484=VECTOR('',#2488,1.);
#1485=VECTOR('',#2491,1.);
#1486=VECTOR('',#2492,1.);
#1487=VECTOR('',#2493,1.);
#1488=VECTOR('',#2494,1.);
#1489=VECTOR('',#2495,1.);
#1490=VECTOR('',#2496,1.);
#1491=VECTOR('',#2497,1.);
#1492=VECTOR('',#2498,1.);
#1493=VECTOR('',#2501,1.);
#1494=VECTOR('',#2502,1.);
#1495=VECTOR('',#2503,1.);
#1496=VECTOR('',#2504,1.);
#1497=VECTOR('',#2505,1.);
#1498=VECTOR('',#2506,1.);
#1499=VECTOR('',#2507,1.);
#1500=VECTOR('',#2508,1.);
#1501=VECTOR('',#2509,1.);
#1502=VECTOR('',#2510,1.);
#1503=VECTOR('',#2511,1.);
#1504=VECTOR('',#2512,1.);
#1505=VECTOR('',#2513,1.);
#1506=VECTOR('',#2514,1.);
#1507=VECTOR('',#2515,1.);
#1508=VECTOR('',#2536,1.);
#1509=VECTOR('',#2537,1.);
#1510=VECTOR('',#2538,1.);
#1511=VECTOR('',#2539,1.);
#1512=VECTOR('',#2540,1.);
#1513=VECTOR('',#2541,1.);
#1514=VECTOR('',#2542,1.);
#1515=VECTOR('',#2543,1.);
#1516=VECTOR('',#2544,1.);
#1517=VECTOR('',#2549,1.);
#1518=VECTOR('',#2552,1.);
#1519=VECTOR('',#2555,1.);
#1520=VECTOR('',#2558,1.);
#1521=VECTOR('',#2559,1.);
#1522=VECTOR('',#2560,1.);
#1523=VECTOR('',#2561,1.);
#1524=VECTOR('',#2564,1.);
#1525=VECTOR('',#2565,1.);
#1526=VECTOR('',#2566,1.);
#1527=VECTOR('',#2569,1.);
#1528=VECTOR('',#2570,1.);
#1529=VECTOR('',#2571,1.);
#1530=VECTOR('',#2572,1.);
#1531=VECTOR('',#2575,1.);
#1532=VECTOR('',#2576,1.);
#1533=VECTOR('',#2577,1.);
#1534=VECTOR('',#2578,1.);
#1535=VECTOR('',#2581,1.);
#1536=VECTOR('',#2582,1.);
#1537=VECTOR('',#2583,1.);
#1538=VECTOR('',#2584,1.);
#1539=VECTOR('',#2587,1.);
#1540=VECTOR('',#2590,1.);
#1541=VECTOR('',#2591,1.);
#1542=VECTOR('',#2592,1.);
#1543=VECTOR('',#2593,1.);
#1544=VECTOR('',#2594,1.);
#1545=VECTOR('',#2595,1.);
#1546=VECTOR('',#2596,1.);
#1547=VECTOR('',#2597,1.);
#1548=VECTOR('',#2598,1.);
#1549=VECTOR('',#2601,1.);
#1550=VECTOR('',#2602,1.);
#1551=VECTOR('',#2605,1.);
#1552=VECTOR('',#2606,1.);
#1553=VECTOR('',#2609,1.);
#1554=VECTOR('',#2610,1.);
#1555=VECTOR('',#2611,1.);
#1556=VECTOR('',#2612,1.);
#1557=VECTOR('',#2615,1.);
#1558=VECTOR('',#2616,1.);
#1559=VECTOR('',#2617,1.);
#1560=VECTOR('',#2620,1.);
#1561=VECTOR('',#2621,1.);
#1562=VECTOR('',#2622,1.);
#1563=VECTOR('',#2625,1.);
#1564=VECTOR('',#2626,1.);
#1565=VECTOR('',#2627,1.);
#1566=VECTOR('',#2630,1.);
#1567=VECTOR('',#2631,1.);
#1568=VECTOR('',#2632,1.);
#1569=VECTOR('',#2635,1.);
#1570=VECTOR('',#2636,1.);
#1571=VECTOR('',#2637,1.);
#1572=VECTOR('',#2640,1.);
#1573=VECTOR('',#2641,1.);
#1574=VECTOR('',#2642,1.);
#1575=VECTOR('',#2645,1.);
#1576=VECTOR('',#2646,1.);
#1577=VECTOR('',#2647,1.);
#1578=VECTOR('',#2650,1.);
#1579=VECTOR('',#2651,1.);
#1580=VECTOR('',#2652,1.);
#1581=VECTOR('',#2653,1.);
#1582=VECTOR('',#2656,1.);
#1583=VECTOR('',#2657,1.);
#1584=VECTOR('',#2658,1.);
#1585=VECTOR('',#2661,1.);
#1586=VECTOR('',#2662,1.);
#1587=VECTOR('',#2665,1.);
#1588=VECTOR('',#2666,1.);
#1589=VECTOR('',#2669,1.);
#1590=VECTOR('',#2670,1.);
#1591=VECTOR('',#2673,1.);
#1592=VECTOR('',#2674,1.);
#1593=VECTOR('',#2677,1.);
#1594=VECTOR('',#2680,1.);
#1595=VECTOR('',#2681,1.);
#1596=VECTOR('',#2702,1.);
#1597=VECTOR('',#2703,1.);
#1598=VECTOR('',#2704,1.);
#1599=VECTOR('',#2705,1.);
#1600=VECTOR('',#2706,1.);
#1601=VECTOR('',#2707,1.);
#1602=VECTOR('',#2708,1.);
#1603=VECTOR('',#2709,1.);
#1604=VECTOR('',#2710,1.);
#1605=VECTOR('',#2711,1.);
#1606=VECTOR('',#2714,1.);
#1607=VECTOR('',#2715,1.);
#1608=VECTOR('',#2716,1.);
#1609=VECTOR('',#2717,1.);
#1610=VECTOR('',#2718,1.);
#1611=VECTOR('',#2719,1.);
#1612=VECTOR('',#2720,1.);
#1613=VECTOR('',#2721,1.);
#1614=VECTOR('',#2722,1.);
#1615=VECTOR('',#2725,1.);
#1616=VECTOR('',#2728,1.);
#1617=VECTOR('',#2731,1.);
#1618=VECTOR('',#2736,1.);
#1619=VECTOR('',#2781,1.);
#1620=VECTOR('',#2802,1.);
#1621=VECTOR('',#2805,1.);
#1622=VECTOR('',#2814,1.);
#1623=VECTOR('',#2815,1.);
#1624=VECTOR('',#2818,1.);
#1625=VECTOR('',#2821,1.);
#1626=VECTOR('',#2824,1.);
#1627=VECTOR('',#2827,1.);
#1628=VECTOR('',#2830,1.);
#1629=VECTOR('',#2833,1.);
#1630=VECTOR('',#2836,1.);
#1631=VECTOR('',#2841,1.);
#1632=VECTOR('',#2842,1.);
#1633=VECTOR('',#2843,1.);
#1634=VECTOR('',#2850,1.);
#1635=VECTOR('',#2855,1.);
#1636=VECTOR('',#2856,1.);
#1637=VECTOR('',#2859,1.);
#1638=VECTOR('',#2864,1.);
#1639=VECTOR('',#2865,1.);
#1640=VECTOR('',#2870,1.);
#1641=VECTOR('',#2873,1.);
#1642=VECTOR('',#2874,1.);
#1643=VECTOR('',#2879,1.);
#1644=VECTOR('',#2880,1.);
#1645=VECTOR('',#2885,1.);
#1646=VECTOR('',#2888,1.);
#1647=VECTOR('',#2889,1.);
#1648=VECTOR('',#2894,1.);
#1649=VECTOR('',#2895,1.);
#1650=VECTOR('',#2900,1.);
#1651=VECTOR('',#2903,1.);
#1652=VECTOR('',#2904,1.);
#1653=VECTOR('',#2909,1.);
#1654=VECTOR('',#2910,1.);
#1655=VECTOR('',#2915,1.);
#1656=VECTOR('',#2918,1.);
#1657=VECTOR('',#2947,1.);
#1658=VECTOR('',#2948,1.);
#1659=VECTOR('',#2951,1.);
#1660=VECTOR('',#2954,1.);
#1661=VECTOR('',#2959,1.);
#1662=VECTOR('',#2960,1.);
#1663=VECTOR('',#2963,1.);
#1664=VECTOR('',#2964,1.);
#1665=VECTOR('',#2967,1.);
#1666=VECTOR('',#2968,1.);
#1667=VECTOR('',#2969,1.);
#1668=VECTOR('',#2970,1.);
#1669=VECTOR('',#2973,1.);
#1670=VECTOR('',#2974,1.);
#1671=VECTOR('',#2977,1.);
#1672=VECTOR('',#2978,1.);
#1673=VECTOR('',#2981,1.);
#1674=VECTOR('',#2984,1.);
#1675=VECTOR('',#2987,1.);
#1676=VECTOR('',#2990,1.);
#1677=VECTOR('',#2993,1.);
#1678=VECTOR('',#3008,1.);
#1679=VECTOR('',#3011,1.);
#1680=VECTOR('',#3014,1.);
#1681=VECTOR('',#3017,1.);
#1682=VECTOR('',#3036,1.);
#1683=VECTOR('',#3037,1.);
#1684=VECTOR('',#3040,1.);
#1685=VECTOR('',#3043,1.);
#1686=VECTOR('',#3046,1.);
#1687=VECTOR('',#3049,1.);
#1688=VECTOR('',#3052,1.);
#1689=VECTOR('',#3055,1.);
#1690=EDGE_LOOP('',(#155,#156,#157,#158));
#1691=EDGE_LOOP('',(#159,#160,#161,#162));
#1692=EDGE_LOOP('',(#163,#164,#165,#166));
#1693=EDGE_LOOP('',(#167,#168,#169,#170,#171,#172,#173,#174));
#1694=EDGE_LOOP('',(#175,#176,#177,#178));
#1695=EDGE_LOOP('',(#179,#180,#181,#182));
#1696=EDGE_LOOP('',(#183));
#1697=EDGE_LOOP('',(#184));
#1698=EDGE_LOOP('',(#185));
#1699=EDGE_LOOP('',(#186));
#1700=EDGE_LOOP('',(#187));
#1701=EDGE_LOOP('',(#188));
#1702=EDGE_LOOP('',(#189));
#1703=EDGE_LOOP('',(#190));
#1704=EDGE_LOOP('',(#191));
#1705=EDGE_LOOP('',(#192,#193,#194,#195,#196,#197,#198,#199,#200));
#1706=EDGE_LOOP('',(#201,#202,#203,#204,#205,#206,#207,#208));
#1707=EDGE_LOOP('',(#209,#210,#211,#212));
#1708=EDGE_LOOP('',(#213,#214,#215,#216));
#1709=EDGE_LOOP('',(#217,#218,#219,#220));
#1710=EDGE_LOOP('',(#221,#222,#223,#224));
#1711=EDGE_LOOP('',(#225,#226,#227,#228));
#1712=EDGE_LOOP('',(#229,#230,#231));
#1713=EDGE_LOOP('',(#232,#233,#234,#235,#236,#237,#238,#239,#240,#241));
#1714=EDGE_LOOP('',(#242,#243,#244));
#1715=EDGE_LOOP('',(#245,#246,#247));
#1716=EDGE_LOOP('',(#248,#249,#250,#251));
#1717=EDGE_LOOP('',(#252,#253,#254,#255));
#1718=EDGE_LOOP('',(#256,#257,#258,#259));
#1719=EDGE_LOOP('',(#260,#261,#262,#263));
#1720=EDGE_LOOP('',(#264,#265,#266,#267));
#1721=EDGE_LOOP('',(#268,#269,#270,#271));
#1722=EDGE_LOOP('',(#272,#273,#274,#275));
#1723=EDGE_LOOP('',(#276,#277,#278,#279));
#1724=EDGE_LOOP('',(#280,#281,#282,#283));
#1725=EDGE_LOOP('',(#284,#285,#286,#287));
#1726=EDGE_LOOP('',(#288,#289,#290,#291));
#1727=EDGE_LOOP('',(#292,#293,#294,#295));
#1728=EDGE_LOOP('',(#296,#297,#298,#299));
#1729=EDGE_LOOP('',(#300,#301,#302,#303));
#1730=EDGE_LOOP('',(#304,#305,#306,#307));
#1731=EDGE_LOOP('',(#308,#309,#310,#311));
#1732=EDGE_LOOP('',(#312));
#1733=EDGE_LOOP('',(#313));
#1734=EDGE_LOOP('',(#314));
#1735=EDGE_LOOP('',(#315));
#1736=EDGE_LOOP('',(#316));
#1737=EDGE_LOOP('',(#317));
#1738=EDGE_LOOP('',(#318));
#1739=EDGE_LOOP('',(#319));
#1740=EDGE_LOOP('',(#320));
#1741=EDGE_LOOP('',(#321,#322,#323,#324,#325,#326,#327,#328,#329,#330,#331,
#332,#333,#334,#335,#336,#337,#338,#339,#340,#341,#342,#343));
#1742=EDGE_LOOP('',(#344,#345,#346,#347,#348,#349,#350,#351));
#1743=EDGE_LOOP('',(#352,#353,#354,#355,#356,#357,#358,#359));
#1744=EDGE_LOOP('',(#360,#361,#362,#363,#364,#365,#366,#367));
#1745=EDGE_LOOP('',(#368,#369,#370));
#1746=EDGE_LOOP('',(#371,#372,#373,#374));
#1747=EDGE_LOOP('',(#375,#376,#377,#378));
#1748=EDGE_LOOP('',(#379,#380,#381,#382));
#1749=EDGE_LOOP('',(#383,#384,#385,#386));
#1750=EDGE_LOOP('',(#387,#388,#389,#390));
#1751=EDGE_LOOP('',(#391,#392,#393,#394));
#1752=EDGE_LOOP('',(#395,#396,#397,#398));
#1753=EDGE_LOOP('',(#399,#400,#401,#402));
#1754=EDGE_LOOP('',(#403,#404,#405,#406));
#1755=EDGE_LOOP('',(#407,#408,#409,#410));
#1756=EDGE_LOOP('',(#411,#412,#413,#414));
#1757=EDGE_LOOP('',(#415,#416,#417,#418));
#1758=EDGE_LOOP('',(#419,#420,#421,#422));
#1759=EDGE_LOOP('',(#423,#424,#425,#426));
#1760=EDGE_LOOP('',(#427,#428,#429,#430));
#1761=EDGE_LOOP('',(#431,#432,#433,#434));
#1762=EDGE_LOOP('',(#435,#436,#437,#438,#439,#440,#441,#442));
#1763=EDGE_LOOP('',(#443,#444,#445,#446,#447,#448));
#1764=EDGE_LOOP('',(#449,#450,#451,#452));
#1765=EDGE_LOOP('',(#453,#454,#455,#456));
#1766=EDGE_LOOP('',(#457,#458,#459,#460));
#1767=EDGE_LOOP('',(#461,#462,#463,#464,#465,#466));
#1768=EDGE_LOOP('',(#467,#468,#469,#470,#471,#472,#473,#474));
#1769=EDGE_LOOP('',(#475,#476,#477,#478,#479,#480,#481,#482));
#1770=EDGE_LOOP('',(#483,#484,#485,#486,#487,#488,#489,#490));
#1771=EDGE_LOOP('',(#491,#492,#493,#494));
#1772=EDGE_LOOP('',(#495,#496,#497,#498));
#1773=EDGE_LOOP('',(#499,#500,#501,#502));
#1774=EDGE_LOOP('',(#503,#504,#505,#506));
#1775=EDGE_LOOP('',(#507,#508,#509,#510));
#1776=EDGE_LOOP('',(#511,#512,#513,#514));
#1777=EDGE_LOOP('',(#515,#516,#517,#518));
#1778=EDGE_LOOP('',(#519,#520,#521,#522));
#1779=EDGE_LOOP('',(#523,#524,#525,#526));
#1780=EDGE_LOOP('',(#527,#528,#529,#530));
#1781=EDGE_LOOP('',(#531,#532,#533,#534));
#1782=EDGE_LOOP('',(#535,#536,#537,#538));
#1783=EDGE_LOOP('',(#539,#540,#541,#542));
#1784=EDGE_LOOP('',(#543,#544,#545,#546));
#1785=EDGE_LOOP('',(#547,#548,#549,#550));
#1786=EDGE_LOOP('',(#551,#552,#553,#554));
#1787=EDGE_LOOP('',(#555,#556,#557,#558));
#1788=EDGE_LOOP('',(#559,#560,#561,#562));
#1789=EDGE_LOOP('',(#563,#564,#565,#566,#567,#568,#569,#570));
#1790=EDGE_LOOP('',(#571,#572,#573,#574,#575,#576,#577,#578));
#1791=EDGE_LOOP('',(#579));
#1792=EDGE_LOOP('',(#580));
#1793=EDGE_LOOP('',(#581));
#1794=EDGE_LOOP('',(#582));
#1795=EDGE_LOOP('',(#583));
#1796=EDGE_LOOP('',(#584));
#1797=EDGE_LOOP('',(#585));
#1798=EDGE_LOOP('',(#586));
#1799=EDGE_LOOP('',(#587));
#1800=EDGE_LOOP('',(#588));
#1801=EDGE_LOOP('',(#589));
#1802=EDGE_LOOP('',(#590));
#1803=EDGE_LOOP('',(#591));
#1804=EDGE_LOOP('',(#592));
#1805=EDGE_LOOP('',(#593));
#1806=EDGE_LOOP('',(#594));
#1807=EDGE_LOOP('',(#595));
#1808=EDGE_LOOP('',(#596));
#1809=EDGE_LOOP('',(#597,#598,#599,#600));
#1810=EDGE_LOOP('',(#601,#602,#603,#604));
#1811=EDGE_LOOP('',(#605,#606,#607,#608));
#1812=EDGE_LOOP('',(#609,#610,#611,#612));
#1813=EDGE_LOOP('',(#613,#614,#615,#616));
#1814=EDGE_LOOP('',(#617,#618,#619,#620));
#1815=EDGE_LOOP('',(#621,#622,#623,#624,#625,#626,#627,#628));
#1816=EDGE_LOOP('',(#629,#630,#631,#632));
#1817=EDGE_LOOP('',(#633,#634,#635,#636));
#1818=EDGE_LOOP('',(#637,#638,#639,#640));
#1819=EDGE_LOOP('',(#641,#642,#643,#644,#645,#646,#647,#648));
#1820=EDGE_LOOP('',(#649));
#1821=EDGE_LOOP('',(#650));
#1822=EDGE_LOOP('',(#651));
#1823=EDGE_LOOP('',(#652));
#1824=EDGE_LOOP('',(#653,#654,#655,#656));
#1825=EDGE_LOOP('',(#657,#658,#659,#660,#661,#662,#663,#664));
#1826=EDGE_LOOP('',(#665));
#1827=EDGE_LOOP('',(#666));
#1828=EDGE_LOOP('',(#667));
#1829=EDGE_LOOP('',(#668));
#1830=EDGE_LOOP('',(#669,#670,#671,#672));
#1831=EDGE_LOOP('',(#673));
#1832=EDGE_LOOP('',(#674));
#1833=EDGE_LOOP('',(#675));
#1834=EDGE_LOOP('',(#676));
#1835=EDGE_LOOP('',(#677));
#1836=EDGE_LOOP('',(#678));
#1837=EDGE_LOOP('',(#679));
#1838=EDGE_LOOP('',(#680));
#1839=EDGE_LOOP('',(#681,#682,#683,#684));
#1840=EDGE_LOOP('',(#685,#686,#687,#688));
#1841=EDGE_LOOP('',(#689,#690,#691,#692));
#1842=EDGE_LOOP('',(#693,#694,#695,#696));
#1843=EDGE_LOOP('',(#697,#698,#699,#700));
#1844=EDGE_LOOP('',(#701,#702,#703,#704));
#1845=EDGE_LOOP('',(#705,#706,#707,#708));
#1846=EDGE_LOOP('',(#709,#710,#711,#712));
#1847=EDGE_LOOP('',(#713));
#1848=EDGE_LOOP('',(#714,#715));
#1849=EDGE_LOOP('',(#716));
#1850=EDGE_LOOP('',(#717,#718));
#1851=EDGE_LOOP('',(#719));
#1852=EDGE_LOOP('',(#720));
#1853=EDGE_LOOP('',(#721,#722,#723,#724));
#1854=EDGE_LOOP('',(#725));
#1855=EDGE_LOOP('',(#726,#727));
#1856=EDGE_LOOP('',(#728));
#1857=EDGE_LOOP('',(#729,#730));
#1858=EDGE_LOOP('',(#731));
#1859=EDGE_LOOP('',(#732));
#1860=EDGE_LOOP('',(#733,#734,#735,#736));
#1861=EDGE_LOOP('',(#737));
#1862=EDGE_LOOP('',(#738,#739));
#1863=EDGE_LOOP('',(#740));
#1864=EDGE_LOOP('',(#741,#742));
#1865=EDGE_LOOP('',(#743));
#1866=EDGE_LOOP('',(#744));
#1867=EDGE_LOOP('',(#745,#746,#747,#748));
#1868=EDGE_LOOP('',(#749));
#1869=EDGE_LOOP('',(#750,#751));
#1870=EDGE_LOOP('',(#752));
#1871=EDGE_LOOP('',(#753,#754));
#1872=EDGE_LOOP('',(#755));
#1873=EDGE_LOOP('',(#756));
#1874=EDGE_LOOP('',(#757,#758,#759,#760));
#1875=FACE_BOUND('',#1690,.T.);
#1876=FACE_BOUND('',#1691,.T.);
#1877=FACE_BOUND('',#1692,.T.);
#1878=FACE_BOUND('',#1693,.T.);
#1879=FACE_BOUND('',#1694,.T.);
#1880=FACE_BOUND('',#1695,.T.);
#1881=FACE_BOUND('',#1696,.T.);
#1882=FACE_BOUND('',#1697,.T.);
#1883=FACE_BOUND('',#1698,.T.);
#1884=FACE_BOUND('',#1699,.T.);
#1885=FACE_BOUND('',#1700,.T.);
#1886=FACE_BOUND('',#1701,.T.);
#1887=FACE_BOUND('',#1702,.T.);
#1888=FACE_BOUND('',#1703,.T.);
#1889=FACE_BOUND('',#1704,.T.);
#1890=FACE_BOUND('',#1705,.T.);
#1891=FACE_BOUND('',#1706,.T.);
#1892=FACE_BOUND('',#1707,.T.);
#1893=FACE_BOUND('',#1708,.T.);
#1894=FACE_BOUND('',#1709,.T.);
#1895=FACE_BOUND('',#1710,.T.);
#1896=FACE_BOUND('',#1711,.T.);
#1897=FACE_BOUND('',#1712,.T.);
#1898=FACE_BOUND('',#1713,.T.);
#1899=FACE_BOUND('',#1714,.T.);
#1900=FACE_BOUND('',#1715,.T.);
#1901=FACE_BOUND('',#1716,.T.);
#1902=FACE_BOUND('',#1717,.T.);
#1903=FACE_BOUND('',#1718,.T.);
#1904=FACE_BOUND('',#1719,.T.);
#1905=FACE_BOUND('',#1720,.T.);
#1906=FACE_BOUND('',#1721,.T.);
#1907=FACE_BOUND('',#1722,.T.);
#1908=FACE_BOUND('',#1723,.T.);
#1909=FACE_BOUND('',#1724,.T.);
#1910=FACE_BOUND('',#1725,.T.);
#1911=FACE_BOUND('',#1726,.T.);
#1912=FACE_BOUND('',#1727,.T.);
#1913=FACE_BOUND('',#1728,.T.);
#1914=FACE_BOUND('',#1729,.T.);
#1915=FACE_BOUND('',#1730,.T.);
#1916=FACE_BOUND('',#1731,.T.);
#1917=FACE_BOUND('',#1732,.T.);
#1918=FACE_BOUND('',#1733,.T.);
#1919=FACE_BOUND('',#1734,.T.);
#1920=FACE_BOUND('',#1735,.T.);
#1921=FACE_BOUND('',#1736,.T.);
#1922=FACE_BOUND('',#1737,.T.);
#1923=FACE_BOUND('',#1738,.T.);
#1924=FACE_BOUND('',#1739,.T.);
#1925=FACE_BOUND('',#1740,.T.);
#1926=FACE_BOUND('',#1741,.T.);
#1927=FACE_BOUND('',#1742,.T.);
#1928=FACE_BOUND('',#1743,.T.);
#1929=FACE_BOUND('',#1744,.T.);
#1930=FACE_BOUND('',#1745,.T.);
#1931=FACE_BOUND('',#1746,.T.);
#1932=FACE_BOUND('',#1747,.T.);
#1933=FACE_BOUND('',#1748,.T.);
#1934=FACE_BOUND('',#1749,.T.);
#1935=FACE_BOUND('',#1750,.T.);
#1936=FACE_BOUND('',#1751,.T.);
#1937=FACE_BOUND('',#1752,.T.);
#1938=FACE_BOUND('',#1753,.T.);
#1939=FACE_BOUND('',#1754,.T.);
#1940=FACE_BOUND('',#1755,.T.);
#1941=FACE_BOUND('',#1756,.T.);
#1942=FACE_BOUND('',#1757,.T.);
#1943=FACE_BOUND('',#1758,.T.);
#1944=FACE_BOUND('',#1759,.T.);
#1945=FACE_BOUND('',#1760,.T.);
#1946=FACE_BOUND('',#1761,.T.);
#1947=FACE_BOUND('',#1762,.T.);
#1948=FACE_BOUND('',#1763,.T.);
#1949=FACE_BOUND('',#1764,.T.);
#1950=FACE_BOUND('',#1765,.T.);
#1951=FACE_BOUND('',#1766,.T.);
#1952=FACE_BOUND('',#1767,.T.);
#1953=FACE_BOUND('',#1768,.T.);
#1954=FACE_BOUND('',#1769,.T.);
#1955=FACE_BOUND('',#1770,.T.);
#1956=FACE_BOUND('',#1771,.T.);
#1957=FACE_BOUND('',#1772,.T.);
#1958=FACE_BOUND('',#1773,.T.);
#1959=FACE_BOUND('',#1774,.T.);
#1960=FACE_BOUND('',#1775,.T.);
#1961=FACE_BOUND('',#1776,.T.);
#1962=FACE_BOUND('',#1777,.T.);
#1963=FACE_BOUND('',#1778,.T.);
#1964=FACE_BOUND('',#1779,.T.);
#1965=FACE_BOUND('',#1780,.T.);
#1966=FACE_BOUND('',#1781,.T.);
#1967=FACE_BOUND('',#1782,.T.);
#1968=FACE_BOUND('',#1783,.T.);
#1969=FACE_BOUND('',#1784,.T.);
#1970=FACE_BOUND('',#1785,.T.);
#1971=FACE_BOUND('',#1786,.T.);
#1972=FACE_BOUND('',#1787,.T.);
#1973=FACE_BOUND('',#1788,.T.);
#1974=FACE_BOUND('',#1789,.T.);
#1975=FACE_BOUND('',#1790,.T.);
#1976=FACE_BOUND('',#1791,.T.);
#1977=FACE_BOUND('',#1792,.T.);
#1978=FACE_BOUND('',#1793,.T.);
#1979=FACE_BOUND('',#1794,.T.);
#1980=FACE_BOUND('',#1795,.T.);
#1981=FACE_BOUND('',#1796,.T.);
#1982=FACE_BOUND('',#1797,.T.);
#1983=FACE_BOUND('',#1798,.T.);
#1984=FACE_BOUND('',#1799,.T.);
#1985=FACE_BOUND('',#1800,.T.);
#1986=FACE_BOUND('',#1801,.T.);
#1987=FACE_BOUND('',#1802,.T.);
#1988=FACE_BOUND('',#1803,.T.);
#1989=FACE_BOUND('',#1804,.T.);
#1990=FACE_BOUND('',#1805,.T.);
#1991=FACE_BOUND('',#1806,.T.);
#1992=FACE_BOUND('',#1807,.T.);
#1993=FACE_BOUND('',#1808,.T.);
#1994=FACE_BOUND('',#1809,.T.);
#1995=FACE_BOUND('',#1810,.T.);
#1996=FACE_BOUND('',#1811,.T.);
#1997=FACE_BOUND('',#1812,.T.);
#1998=FACE_BOUND('',#1813,.T.);
#1999=FACE_BOUND('',#1814,.T.);
#2000=FACE_BOUND('',#1815,.T.);
#2001=FACE_BOUND('',#1816,.T.);
#2002=FACE_BOUND('',#1817,.T.);
#2003=FACE_BOUND('',#1818,.T.);
#2004=FACE_BOUND('',#1819,.T.);
#2005=FACE_BOUND('',#1820,.T.);
#2006=FACE_BOUND('',#1821,.T.);
#2007=FACE_BOUND('',#1822,.T.);
#2008=FACE_BOUND('',#1823,.T.);
#2009=FACE_BOUND('',#1824,.T.);
#2010=FACE_BOUND('',#1825,.T.);
#2011=FACE_BOUND('',#1826,.T.);
#2012=FACE_BOUND('',#1827,.T.);
#2013=FACE_BOUND('',#1828,.T.);
#2014=FACE_BOUND('',#1829,.T.);
#2015=FACE_BOUND('',#1830,.T.);
#2016=FACE_BOUND('',#1831,.T.);
#2017=FACE_BOUND('',#1832,.T.);
#2018=FACE_BOUND('',#1833,.T.);
#2019=FACE_BOUND('',#1834,.T.);
#2020=FACE_BOUND('',#1835,.T.);
#2021=FACE_BOUND('',#1836,.T.);
#2022=FACE_BOUND('',#1837,.T.);
#2023=FACE_BOUND('',#1838,.T.);
#2024=FACE_BOUND('',#1839,.T.);
#2025=FACE_BOUND('',#1840,.T.);
#2026=FACE_BOUND('',#1841,.T.);
#2027=FACE_BOUND('',#1842,.T.);
#2028=FACE_BOUND('',#1843,.T.);
#2029=FACE_BOUND('',#1844,.T.);
#2030=FACE_BOUND('',#1845,.T.);
#2031=FACE_BOUND('',#1846,.T.);
#2032=FACE_BOUND('',#1847,.T.);
#2033=FACE_BOUND('',#1848,.T.);
#2034=FACE_BOUND('',#1849,.T.);
#2035=FACE_BOUND('',#1850,.T.);
#2036=FACE_BOUND('',#1851,.T.);
#2037=FACE_BOUND('',#1852,.T.);
#2038=FACE_BOUND('',#1853,.T.);
#2039=FACE_BOUND('',#1854,.T.);
#2040=FACE_BOUND('',#1855,.T.);
#2041=FACE_BOUND('',#1856,.T.);
#2042=FACE_BOUND('',#1857,.T.);
#2043=FACE_BOUND('',#1858,.T.);
#2044=FACE_BOUND('',#1859,.T.);
#2045=FACE_BOUND('',#1860,.T.);
#2046=FACE_BOUND('',#1861,.T.);
#2047=FACE_BOUND('',#1862,.T.);
#2048=FACE_BOUND('',#1863,.T.);
#2049=FACE_BOUND('',#1864,.T.);
#2050=FACE_BOUND('',#1865,.T.);
#2051=FACE_BOUND('',#1866,.T.);
#2052=FACE_BOUND('',#1867,.T.);
#2053=FACE_BOUND('',#1868,.T.);
#2054=FACE_BOUND('',#1869,.T.);
#2055=FACE_BOUND('',#1870,.T.);
#2056=FACE_BOUND('',#1871,.T.);
#2057=FACE_BOUND('',#1872,.T.);
#2058=FACE_BOUND('',#1873,.T.);
#2059=FACE_BOUND('',#1874,.T.);
#2060=PLANE('',#2266);
#2061=PLANE('',#2267);
#2062=PLANE('',#2268);
#2063=PLANE('',#2269);
#2064=PLANE('',#2283);
#2065=PLANE('',#2284);
#2066=PLANE('',#2285);
#2067=PLANE('',#2286);
#2068=PLANE('',#2287);
#2069=PLANE('',#2288);
#2070=PLANE('',#2289);
#2071=PLANE('',#2290);
#2072=PLANE('',#2291);
#2073=PLANE('',#2292);
#2074=PLANE('',#2293);
#2075=PLANE('',#2294);
#2076=PLANE('',#2295);
#2077=PLANE('',#2296);
#2078=PLANE('',#2297);
#2079=PLANE('',#2298);
#2080=PLANE('',#2299);
#2081=PLANE('',#2300);
#2082=PLANE('',#2301);
#2083=PLANE('',#2302);
#2084=PLANE('',#2303);
#2085=PLANE('',#2304);
#2086=PLANE('',#2305);
#2087=PLANE('',#2306);
#2088=PLANE('',#2307);
#2089=PLANE('',#2308);
#2090=PLANE('',#2318);
#2091=PLANE('',#2323);
#2092=PLANE('',#2360);
#2093=PLANE('',#2361);
#2094=PLANE('',#2362);
#2095=PLANE('',#2363);
#2096=PLANE('',#2364);
#2097=PLANE('',#2365);
#2098=PLANE('',#2366);
#2099=PLANE('',#2367);
#2100=PLANE('',#2368);
#2101=PLANE('',#2369);
#2102=PLANE('',#2374);
#2103=PLANE('',#2377);
#2104=PLANE('',#2382);
#2105=PLANE('',#2387);
#2106=PLANE('',#2392);
#2107=PLANE('',#2399);
#2108=PLANE('',#2409);
#2109=PLANE('',#2410);
#2110=PLANE('',#2411);
#2111=PLANE('',#2412);
#2112=PLANE('',#2413);
#2113=PLANE('',#2414);
#2114=PLANE('',#2415);
#2115=PLANE('',#2416);
#2116=PLANE('',#2417);
#2117=PLANE('',#2418);
#2118=PLANE('',#2419);
#2119=PLANE('',#2428);
#2120=PLANE('',#2441);
#2121=PLANE('',#2443);
#2122=PLANE('',#2445);
#2123=PLANE('',#2447);
#2124=PLANE('',#2449);
#2125=PLANE('',#2452);
#2126=PLANE('',#2457);
#2127=PLANE('',#2460);
#2128=PLANE('',#2465);
#2129=PLANE('',#2468);
#2130=PLANE('',#2473);
#2131=PLANE('',#2476);
#2132=ADVANCED_FACE('',(#1875),#2060,.F.);
#2133=ADVANCED_FACE('',(#1876,#1877),#2061,.F.);
#2134=ADVANCED_FACE('',(#1878,#1879,#1880),#2062,.T.);
#2135=ADVANCED_FACE('',(#1881,#1882,#1883,#1884,#1885,#1886,#1887,#1888,
#1889,#1890,#1891),#2063,.T.);
#2136=ADVANCED_FACE('',(#1892),#2064,.T.);
#2137=ADVANCED_FACE('',(#1893),#2065,.T.);
#2138=ADVANCED_FACE('',(#1894),#2066,.T.);
#2139=ADVANCED_FACE('',(#1895),#2067,.T.);
#2140=ADVANCED_FACE('',(#1896),#2068,.T.);
#2141=ADVANCED_FACE('',(#1897),#2069,.F.);
#2142=ADVANCED_FACE('',(#1898),#2070,.F.);
#2143=ADVANCED_FACE('',(#1899),#2071,.F.);
#2144=ADVANCED_FACE('',(#1900),#2072,.F.);
#2145=ADVANCED_FACE('',(#1901),#2073,.F.);
#2146=ADVANCED_FACE('',(#1902),#2074,.F.);
#2147=ADVANCED_FACE('',(#1903),#2075,.F.);
#2148=ADVANCED_FACE('',(#1904),#2076,.F.);
#2149=ADVANCED_FACE('',(#1905),#2077,.F.);
#2150=ADVANCED_FACE('',(#1906),#2078,.F.);
#2151=ADVANCED_FACE('',(#1907),#2079,.F.);
#2152=ADVANCED_FACE('',(#1908),#2080,.T.);
#2153=ADVANCED_FACE('',(#1909),#2081,.T.);
#2154=ADVANCED_FACE('',(#1910),#2082,.T.);
#2155=ADVANCED_FACE('',(#1911),#2083,.T.);
#2156=ADVANCED_FACE('',(#1912),#2084,.T.);
#2157=ADVANCED_FACE('',(#1913),#2085,.T.);
#2158=ADVANCED_FACE('',(#1914),#2086,.T.);
#2159=ADVANCED_FACE('',(#1915),#2087,.T.);
#2160=ADVANCED_FACE('',(#1916),#2088,.F.);
#2161=ADVANCED_FACE('',(#1917,#1918,#1919,#1920,#1921,#1922,#1923,#1924,
#1925,#1926,#1927),#2089,.F.);
#2162=ADVANCED_FACE('',(#1928,#1929),#2090,.F.);
#2163=ADVANCED_FACE('',(#1930),#2091,.F.);
#2164=ADVANCED_FACE('',(#1931),#24,.F.);
#2165=ADVANCED_FACE('',(#1932),#25,.F.);
#2166=ADVANCED_FACE('',(#1933),#26,.F.);
#2167=ADVANCED_FACE('',(#1934),#27,.F.);
#2168=ADVANCED_FACE('',(#1935),#28,.F.);
#2169=ADVANCED_FACE('',(#1936),#29,.F.);
#2170=ADVANCED_FACE('',(#1937),#30,.F.);
#2171=ADVANCED_FACE('',(#1938),#31,.F.);
#2172=ADVANCED_FACE('',(#1939),#12,.T.);
#2173=ADVANCED_FACE('',(#1940),#32,.T.);
#2174=ADVANCED_FACE('',(#1941),#33,.T.);
#2175=ADVANCED_FACE('',(#1942),#13,.T.);
#2176=ADVANCED_FACE('',(#1943),#14,.T.);
#2177=ADVANCED_FACE('',(#1944),#34,.T.);
#2178=ADVANCED_FACE('',(#1945),#35,.T.);
#2179=ADVANCED_FACE('',(#1946),#15,.T.);
#2180=ADVANCED_FACE('',(#1947),#2092,.F.);
#2181=ADVANCED_FACE('',(#1948),#2093,.F.);
#2182=ADVANCED_FACE('',(#1949),#2094,.F.);
#2183=ADVANCED_FACE('',(#1950),#2095,.F.);
#2184=ADVANCED_FACE('',(#1951),#2096,.F.);
#2185=ADVANCED_FACE('',(#1952),#2097,.F.);
#2186=ADVANCED_FACE('',(#1953),#2098,.F.);
#2187=ADVANCED_FACE('',(#1954),#2099,.F.);
#2188=ADVANCED_FACE('',(#1955),#2100,.F.);
#2189=ADVANCED_FACE('',(#1956),#2101,.F.);
#2190=ADVANCED_FACE('',(#1957),#36,.T.);
#2191=ADVANCED_FACE('',(#1958),#37,.T.);
#2192=ADVANCED_FACE('',(#1959),#2102,.T.);
#2193=ADVANCED_FACE('',(#1960),#38,.T.);
#2194=ADVANCED_FACE('',(#1961),#2103,.T.);
#2195=ADVANCED_FACE('',(#1962,#1963),#39,.F.);
#2196=ADVANCED_FACE('',(#1964),#2104,.T.);
#2197=ADVANCED_FACE('',(#1965,#1966),#40,.F.);
#2198=ADVANCED_FACE('',(#1967),#2105,.F.);
#2199=ADVANCED_FACE('',(#1968,#1969),#41,.F.);
#2200=ADVANCED_FACE('',(#1970),#2106,.F.);
#2201=ADVANCED_FACE('',(#1971,#1972),#42,.F.);
#2202=ADVANCED_FACE('',(#1973),#43,.T.);
#2203=ADVANCED_FACE('',(#1974,#1975),#2107,.T.);
#2204=ADVANCED_FACE('',(#1976,#1977),#44,.F.);
#2205=ADVANCED_FACE('',(#1978,#1979),#45,.F.);
#2206=ADVANCED_FACE('',(#1980,#1981),#46,.F.);
#2207=ADVANCED_FACE('',(#1982,#1983),#47,.F.);
#2208=ADVANCED_FACE('',(#1984,#1985),#48,.F.);
#2209=ADVANCED_FACE('',(#1986,#1987),#49,.F.);
#2210=ADVANCED_FACE('',(#1988,#1989),#50,.F.);
#2211=ADVANCED_FACE('',(#1990,#1991),#51,.F.);
#2212=ADVANCED_FACE('',(#1992,#1993),#52,.F.);
#2213=ADVANCED_FACE('',(#1994),#2108,.T.);
#2214=ADVANCED_FACE('',(#1995),#2109,.F.);
#2215=ADVANCED_FACE('',(#1996),#2110,.F.);
#2216=ADVANCED_FACE('',(#1997),#2111,.T.);
#2217=ADVANCED_FACE('',(#1998),#2112,.T.);
#2218=ADVANCED_FACE('',(#1999),#2113,.F.);
#2219=ADVANCED_FACE('',(#2000),#2114,.F.);
#2220=ADVANCED_FACE('',(#2001),#2115,.F.);
#2221=ADVANCED_FACE('',(#2002),#2116,.T.);
#2222=ADVANCED_FACE('',(#2003),#2117,.T.);
#2223=ADVANCED_FACE('',(#2004,#2005,#2006,#2007,#2008,#2009),#2118,.T.);
#2224=ADVANCED_FACE('',(#2010,#2011,#2012,#2013,#2014,#2015),#2119,.F.);
#2225=ADVANCED_FACE('',(#2016,#2017),#53,.F.);
#2226=ADVANCED_FACE('',(#2018,#2019),#54,.F.);
#2227=ADVANCED_FACE('',(#2020,#2021),#55,.F.);
#2228=ADVANCED_FACE('',(#2022,#2023),#56,.F.);
#2229=ADVANCED_FACE('',(#2024),#2120,.F.);
#2230=ADVANCED_FACE('',(#2025),#57,.F.);
#2231=ADVANCED_FACE('',(#2026),#2121,.F.);
#2232=ADVANCED_FACE('',(#2027),#58,.F.);
#2233=ADVANCED_FACE('',(#2028),#2122,.T.);
#2234=ADVANCED_FACE('',(#2029),#59,.F.);
#2235=ADVANCED_FACE('',(#2030),#2123,.T.);
#2236=ADVANCED_FACE('',(#2031),#60,.F.);
#2237=ADVANCED_FACE('',(#2032,#2033),#2124,.T.);
#2238=ADVANCED_FACE('',(#2034,#2035),#2125,.F.);
#2239=ADVANCED_FACE('',(#2036,#2037),#61,.F.);
#2240=ADVANCED_FACE('',(#2038),#62,.T.);
#2241=ADVANCED_FACE('',(#2039,#2040),#2126,.T.);
#2242=ADVANCED_FACE('',(#2041,#2042),#2127,.F.);
#2243=ADVANCED_FACE('',(#2043,#2044),#63,.F.);
#2244=ADVANCED_FACE('',(#2045),#64,.T.);
#2245=ADVANCED_FACE('',(#2046,#2047),#2128,.T.);
#2246=ADVANCED_FACE('',(#2048,#2049),#2129,.F.);
#2247=ADVANCED_FACE('',(#2050,#2051),#65,.F.);
#2248=ADVANCED_FACE('',(#2052),#66,.T.);
#2249=ADVANCED_FACE('',(#2053,#2054),#2130,.T.);
#2250=ADVANCED_FACE('',(#2055,#2056),#2131,.F.);
#2251=ADVANCED_FACE('',(#2057,#2058),#67,.F.);
#2252=ADVANCED_FACE('',(#2059),#68,.T.);
#2253=CLOSED_SHELL('',(#2132,#2133,#2134,#2135,#2136,#2137,#2138,#2139,
#2140,#2141,#2142,#2143,#2144,#2145,#2146,#2147,#2148,#2149,#2150,#2151,
#2152,#2153,#2154,#2155,#2156,#2157,#2158,#2159,#2160,#2161,#2162,#2163,
#2164,#2165,#2166,#2167,#2168,#2169,#2170,#2171,#2172,#2173,#2174,#2175,
#2176,#2177,#2178,#2179,#2180,#2181,#2182,#2183,#2184,#2185,#2186,#2187,
#2188,#2189,#2190,#2191,#2192,#2193,#2194,#2195,#2196,#2197,#2198,#2199,
#2200,#2201,#2202,#2203,#2204,#2205,#2206,#2207,#2208,#2209,#2210,#2211,
#2212,#2213,#2214,#2215,#2216,#2217,#2218,#2219,#2220,#2221,#2222,#2223,
#2224,#2225,#2226,#2227,#2228,#2229,#2230,#2231,#2232,#2233,#2234,#2235,
#2236,#2237,#2238,#2239,#2240,#2241,#2242,#2243,#2244,#2245,#2246,#2247,
#2248,#2249,#2250,#2251,#2252));
#2254=STYLED_ITEM('',(#2255),#2262);
#2255=PRESENTATION_STYLE_ASSIGNMENT((#2256));
#2256=SURFACE_STYLE_USAGE(.BOTH.,#2257);
#2257=SURFACE_SIDE_STYLE('',(#2258));
#2258=SURFACE_STYLE_FILL_AREA(#2259);
#2259=FILL_AREA_STYLE('',(#2260));
#2260=FILL_AREA_STYLE_COLOUR('',#2261);
#2261=COLOUR_RGB('',0.901960784313726,0.901960784313726,0.901960784313726);
#2262=MANIFOLD_SOLID_BREP('Part 1089',#2253);
#2263=SHAPE_DEFINITION_REPRESENTATION(#3761,#2264);
#2264=SHAPE_REPRESENTATION('Part 1089',(#2265),#3756);
#2265=AXIS2_PLACEMENT_3D('',#3122,#2481,#2482);
#2266=AXIS2_PLACEMENT_3D('',#3123,#2483,#2484);
#2267=AXIS2_PLACEMENT_3D('',#3132,#2489,#2490);
#2268=AXIS2_PLACEMENT_3D('',#3149,#2499,#2500);
#2269=AXIS2_PLACEMENT_3D('',#3179,#2516,#2517);
#2270=AXIS2_PLACEMENT_3D('',#3180,#2518,#2519);
#2271=AXIS2_PLACEMENT_3D('',#3182,#2520,#2521);
#2272=AXIS2_PLACEMENT_3D('',#3184,#2522,#2523);
#2273=AXIS2_PLACEMENT_3D('',#3186,#2524,#2525);
#2274=AXIS2_PLACEMENT_3D('',#3188,#2526,#2527);
#2275=AXIS2_PLACEMENT_3D('',#3190,#2528,#2529);
#2276=AXIS2_PLACEMENT_3D('',#3192,#2530,#2531);
#2277=AXIS2_PLACEMENT_3D('',#3194,#2532,#2533);
#2278=AXIS2_PLACEMENT_3D('',#3196,#2534,#2535);
#2279=AXIS2_PLACEMENT_3D('',#3216,#2545,#2546);
#2280=AXIS2_PLACEMENT_3D('',#3218,#2547,#2548);
#2281=AXIS2_PLACEMENT_3D('',#3222,#2550,#2551);
#2282=AXIS2_PLACEMENT_3D('',#3226,#2553,#2554);
#2283=AXIS2_PLACEMENT_3D('',#3229,#2556,#2557);
#2284=AXIS2_PLACEMENT_3D('',#3238,#2562,#2563);
#2285=AXIS2_PLACEMENT_3D('',#3244,#2567,#2568);
#2286=AXIS2_PLACEMENT_3D('',#3253,#2573,#2574);
#2287=AXIS2_PLACEMENT_3D('',#3262,#2579,#2580);
#2288=AXIS2_PLACEMENT_3D('',#3271,#2585,#2586);
#2289=AXIS2_PLACEMENT_3D('',#3273,#2588,#2589);
#2290=AXIS2_PLACEMENT_3D('',#3291,#2599,#2600);
#2291=AXIS2_PLACEMENT_3D('',#3295,#2603,#2604);
#2292=AXIS2_PLACEMENT_3D('',#3299,#2607,#2608);
#2293=AXIS2_PLACEMENT_3D('',#3308,#2613,#2614);
#2294=AXIS2_PLACEMENT_3D('',#3314,#2618,#2619);
#2295=AXIS2_PLACEMENT_3D('',#3320,#2623,#2624);
#2296=AXIS2_PLACEMENT_3D('',#3326,#2628,#2629);
#2297=AXIS2_PLACEMENT_3D('',#3332,#2633,#2634);
#2298=AXIS2_PLACEMENT_3D('',#3338,#2638,#2639);
#2299=AXIS2_PLACEMENT_3D('',#3344,#2643,#2644);
#2300=AXIS2_PLACEMENT_3D('',#3350,#2648,#2649);
#2301=AXIS2_PLACEMENT_3D('',#3359,#2654,#2655);
#2302=AXIS2_PLACEMENT_3D('',#3365,#2659,#2660);
#2303=AXIS2_PLACEMENT_3D('',#3369,#2663,#2664);
#2304=AXIS2_PLACEMENT_3D('',#3373,#2667,#2668);
#2305=AXIS2_PLACEMENT_3D('',#3377,#2671,#2672);
#2306=AXIS2_PLACEMENT_3D('',#3381,#2675,#2676);
#2307=AXIS2_PLACEMENT_3D('',#3383,#2678,#2679);
#2308=AXIS2_PLACEMENT_3D('',#3386,#2682,#2683);
#2309=AXIS2_PLACEMENT_3D('',#3387,#2684,#2685);
#2310=AXIS2_PLACEMENT_3D('',#3389,#2686,#2687);
#2311=AXIS2_PLACEMENT_3D('',#3391,#2688,#2689);
#2312=AXIS2_PLACEMENT_3D('',#3393,#2690,#2691);
#2313=AXIS2_PLACEMENT_3D('',#3395,#2692,#2693);
#2314=AXIS2_PLACEMENT_3D('',#3397,#2694,#2695);
#2315=AXIS2_PLACEMENT_3D('',#3399,#2696,#2697);
#2316=AXIS2_PLACEMENT_3D('',#3401,#2698,#2699);
#2317=AXIS2_PLACEMENT_3D('',#3403,#2700,#2701);
#2318=AXIS2_PLACEMENT_3D('',#3420,#2712,#2713);
#2319=AXIS2_PLACEMENT_3D('',#3440,#2723,#2724);
#2320=AXIS2_PLACEMENT_3D('',#3444,#2726,#2727);
#2321=AXIS2_PLACEMENT_3D('',#3448,#2729,#2730);
#2322=AXIS2_PLACEMENT_3D('',#3452,#2732,#2733);
#2323=AXIS2_PLACEMENT_3D('',#3453,#2734,#2735);
#2324=AXIS2_PLACEMENT_3D('',#3455,#2737,#2738);
#2325=AXIS2_PLACEMENT_3D('',#3456,#2739,#2740);
#2326=AXIS2_PLACEMENT_3D('',#3457,#2741,#2742);
#2327=AXIS2_PLACEMENT_3D('',#3458,#2743,#2744);
#2328=AXIS2_PLACEMENT_3D('',#3459,#2745,#2746);
#2329=AXIS2_PLACEMENT_3D('',#3460,#2747,#2748);
#2330=AXIS2_PLACEMENT_3D('',#3461,#2749,#2750);
#2331=AXIS2_PLACEMENT_3D('',#3462,#2751,#2752);
#2332=AXIS2_PLACEMENT_3D('',#3463,#2753,#2754);
#2333=AXIS2_PLACEMENT_3D('',#3464,#2755,#2756);
#2334=AXIS2_PLACEMENT_3D('',#3465,#2757,#2758);
#2335=AXIS2_PLACEMENT_3D('',#3466,#2759,#2760);
#2336=AXIS2_PLACEMENT_3D('',#3467,#2761,#2762);
#2337=AXIS2_PLACEMENT_3D('',#3468,#2763,#2764);
#2338=AXIS2_PLACEMENT_3D('',#3469,#2765,#2766);
#2339=AXIS2_PLACEMENT_3D('',#3470,#2767,#2768);
#2340=AXIS2_PLACEMENT_3D('',#3471,#2769,#2770);
#2341=AXIS2_PLACEMENT_3D('',#3472,#2771,#2772);
#2342=AXIS2_PLACEMENT_3D('',#3473,#2773,#2774);
#2343=AXIS2_PLACEMENT_3D('',#3475,#2775,#2776);
#2344=AXIS2_PLACEMENT_3D('',#3476,#2777,#2778);
#2345=AXIS2_PLACEMENT_3D('',#3477,#2779,#2780);
#2346=AXIS2_PLACEMENT_3D('',#3480,#2782,#2783);
#2347=AXIS2_PLACEMENT_3D('',#3481,#2784,#2785);
#2348=AXIS2_PLACEMENT_3D('',#3482,#2786,#2787);
#2349=AXIS2_PLACEMENT_3D('',#3483,#2788,#2789);
#2350=AXIS2_PLACEMENT_3D('',#3485,#2790,#2791);
#2351=AXIS2_PLACEMENT_3D('',#3486,#2792,#2793);
#2352=AXIS2_PLACEMENT_3D('',#3487,#2794,#2795);
#2353=AXIS2_PLACEMENT_3D('',#3489,#2796,#2797);
#2354=AXIS2_PLACEMENT_3D('',#3490,#2798,#2799);
#2355=AXIS2_PLACEMENT_3D('',#3491,#2800,#2801);
#2356=AXIS2_PLACEMENT_3D('',#3494,#2803,#2804);
#2357=AXIS2_PLACEMENT_3D('',#3497,#2806,#2807);
#2358=AXIS2_PLACEMENT_3D('',#3498,#2808,#2809);
#2359=AXIS2_PLACEMENT_3D('',#3499,#2810,#2811);
#2360=AXIS2_PLACEMENT_3D('',#3500,#2812,#2813);
#2361=AXIS2_PLACEMENT_3D('',#3503,#2816,#2817);
#2362=AXIS2_PLACEMENT_3D('',#3505,#2819,#2820);
#2363=AXIS2_PLACEMENT_3D('',#3507,#2822,#2823);
#2364=AXIS2_PLACEMENT_3D('',#3509,#2825,#2826);
#2365=AXIS2_PLACEMENT_3D('',#3511,#2828,#2829);
#2366=AXIS2_PLACEMENT_3D('',#3513,#2831,#2832);
#2367=AXIS2_PLACEMENT_3D('',#3515,#2834,#2835);
#2368=AXIS2_PLACEMENT_3D('',#3517,#2837,#2838);
#2369=AXIS2_PLACEMENT_3D('',#3518,#2839,#2840);
#2370=AXIS2_PLACEMENT_3D('',#3524,#2844,#2845);
#2371=AXIS2_PLACEMENT_3D('',#3525,#2846,#2847);
#2372=AXIS2_PLACEMENT_3D('',#3526,#2848,#2849);
#2373=AXIS2_PLACEMENT_3D('',#3529,#2851,#2852);
#2374=AXIS2_PLACEMENT_3D('',#3530,#2853,#2854);
#2375=AXIS2_PLACEMENT_3D('',#3534,#2857,#2858);
#2376=AXIS2_PLACEMENT_3D('',#3537,#2860,#2861);
#2377=AXIS2_PLACEMENT_3D('',#3538,#2862,#2863);
#2378=AXIS2_PLACEMENT_3D('',#3542,#2866,#2867);
#2379=AXIS2_PLACEMENT_3D('',#3543,#2868,#2869);
#2380=AXIS2_PLACEMENT_3D('',#3548,#2871,#2872);
#2381=AXIS2_PLACEMENT_3D('',#3553,#2875,#2876);
#2382=AXIS2_PLACEMENT_3D('',#3554,#2877,#2878);
#2383=AXIS2_PLACEMENT_3D('',#3558,#2881,#2882);
#2384=AXIS2_PLACEMENT_3D('',#3559,#2883,#2884);
#2385=AXIS2_PLACEMENT_3D('',#3564,#2886,#2887);
#2386=AXIS2_PLACEMENT_3D('',#3569,#2890,#2891);
#2387=AXIS2_PLACEMENT_3D('',#3570,#2892,#2893);
#2388=AXIS2_PLACEMENT_3D('',#3574,#2896,#2897);
#2389=AXIS2_PLACEMENT_3D('',#3575,#2898,#2899);
#2390=AXIS2_PLACEMENT_3D('',#3580,#2901,#2902);
#2391=AXIS2_PLACEMENT_3D('',#3585,#2905,#2906);
#2392=AXIS2_PLACEMENT_3D('',#3586,#2907,#2908);
#2393=AXIS2_PLACEMENT_3D('',#3590,#2911,#2912);
#2394=AXIS2_PLACEMENT_3D('',#3591,#2913,#2914);
#2395=AXIS2_PLACEMENT_3D('',#3596,#2916,#2917);
#2396=AXIS2_PLACEMENT_3D('',#3599,#2919,#2920);
#2397=AXIS2_PLACEMENT_3D('',#3600,#2921,#2922);
#2398=AXIS2_PLACEMENT_3D('',#3601,#2923,#2924);
#2399=AXIS2_PLACEMENT_3D('',#3602,#2925,#2926);
#2400=AXIS2_PLACEMENT_3D('',#3603,#2927,#2928);
#2401=AXIS2_PLACEMENT_3D('',#3604,#2929,#2930);
#2402=AXIS2_PLACEMENT_3D('',#3605,#2931,#2932);
#2403=AXIS2_PLACEMENT_3D('',#3606,#2933,#2934);
#2404=AXIS2_PLACEMENT_3D('',#3607,#2935,#2936);
#2405=AXIS2_PLACEMENT_3D('',#3608,#2937,#2938);
#2406=AXIS2_PLACEMENT_3D('',#3609,#2939,#2940);
#2407=AXIS2_PLACEMENT_3D('',#3610,#2941,#2942);
#2408=AXIS2_PLACEMENT_3D('',#3611,#2943,#2944);
#2409=AXIS2_PLACEMENT_3D('',#3612,#2945,#2946);
#2410=AXIS2_PLACEMENT_3D('',#3615,#2949,#2950);
#2411=AXIS2_PLACEMENT_3D('',#3617,#2952,#2953);
#2412=AXIS2_PLACEMENT_3D('',#3619,#2955,#2956);
#2413=AXIS2_PLACEMENT_3D('',#3620,#2957,#2958);
#2414=AXIS2_PLACEMENT_3D('',#3624,#2961,#2962);
#2415=AXIS2_PLACEMENT_3D('',#3628,#2965,#2966);
#2416=AXIS2_PLACEMENT_3D('',#3635,#2971,#2972);
#2417=AXIS2_PLACEMENT_3D('',#3639,#2975,#2976);
#2418=AXIS2_PLACEMENT_3D('',#3643,#2979,#2980);
#2419=AXIS2_PLACEMENT_3D('',#3645,#2982,#2983);
#2420=AXIS2_PLACEMENT_3D('',#3649,#2985,#2986);
#2421=AXIS2_PLACEMENT_3D('',#3653,#2988,#2989);
#2422=AXIS2_PLACEMENT_3D('',#3657,#2991,#2992);
#2423=AXIS2_PLACEMENT_3D('',#3661,#2994,#2995);
#2424=AXIS2_PLACEMENT_3D('',#3662,#2996,#2997);
#2425=AXIS2_PLACEMENT_3D('',#3664,#2998,#2999);
#2426=AXIS2_PLACEMENT_3D('',#3666,#3000,#3001);
#2427=AXIS2_PLACEMENT_3D('',#3668,#3002,#3003);
#2428=AXIS2_PLACEMENT_3D('',#3670,#3004,#3005);
#2429=AXIS2_PLACEMENT_3D('',#3671,#3006,#3007);
#2430=AXIS2_PLACEMENT_3D('',#3676,#3009,#3010);
#2431=AXIS2_PLACEMENT_3D('',#3680,#3012,#3013);
#2432=AXIS2_PLACEMENT_3D('',#3684,#3015,#3016);
#2433=AXIS2_PLACEMENT_3D('',#3687,#3018,#3019);
#2434=AXIS2_PLACEMENT_3D('',#3689,#3020,#3021);
#2435=AXIS2_PLACEMENT_3D('',#3691,#3022,#3023);
#2436=AXIS2_PLACEMENT_3D('',#3693,#3024,#3025);
#2437=AXIS2_PLACEMENT_3D('',#3695,#3026,#3027);
#2438=AXIS2_PLACEMENT_3D('',#3696,#3028,#3029);
#2439=AXIS2_PLACEMENT_3D('',#3697,#3030,#3031);
#2440=AXIS2_PLACEMENT_3D('',#3698,#3032,#3033);
#2441=AXIS2_PLACEMENT_3D('',#3699,#3034,#3035);
#2442=AXIS2_PLACEMENT_3D('',#3702,#3038,#3039);
#2443=AXIS2_PLACEMENT_3D('',#3704,#3041,#3042);
#2444=AXIS2_PLACEMENT_3D('',#3706,#3044,#3045);
#2445=AXIS2_PLACEMENT_3D('',#3708,#3047,#3048);
#2446=AXIS2_PLACEMENT_3D('',#3710,#3050,#3051);
#2447=AXIS2_PLACEMENT_3D('',#3712,#3053,#3054);
#2448=AXIS2_PLACEMENT_3D('',#3714,#3056,#3057);
#2449=AXIS2_PLACEMENT_3D('',#3715,#3058,#3059);
#2450=AXIS2_PLACEMENT_3D('',#3716,#3060,#3061);
#2451=AXIS2_PLACEMENT_3D('',#3718,#3062,#3063);
#2452=AXIS2_PLACEMENT_3D('',#3719,#3064,#3065);
#2453=AXIS2_PLACEMENT_3D('',#3720,#3066,#3067);
#2454=AXIS2_PLACEMENT_3D('',#3722,#3068,#3069);
#2455=AXIS2_PLACEMENT_3D('',#3723,#3070,#3071);
#2456=AXIS2_PLACEMENT_3D('',#3724,#3072,#3073);
#2457=AXIS2_PLACEMENT_3D('',#3725,#3074,#3075);
#2458=AXIS2_PLACEMENT_3D('',#3726,#3076,#3077);
#2459=AXIS2_PLACEMENT_3D('',#3728,#3078,#3079);
#2460=AXIS2_PLACEMENT_3D('',#3729,#3080,#3081);
#2461=AXIS2_PLACEMENT_3D('',#3730,#3082,#3083);
#2462=AXIS2_PLACEMENT_3D('',#3732,#3084,#3085);
#2463=AXIS2_PLACEMENT_3D('',#3733,#3086,#3087);
#2464=AXIS2_PLACEMENT_3D('',#3734,#3088,#3089);
#2465=AXIS2_PLACEMENT_3D('',#3735,#3090,#3091);
#2466=AXIS2_PLACEMENT_3D('',#3736,#3092,#3093);
#2467=AXIS2_PLACEMENT_3D('',#3738,#3094,#3095);
#2468=AXIS2_PLACEMENT_3D('',#3739,#3096,#3097);
#2469=AXIS2_PLACEMENT_3D('',#3740,#3098,#3099);
#2470=AXIS2_PLACEMENT_3D('',#3742,#3100,#3101);
#2471=AXIS2_PLACEMENT_3D('',#3743,#3102,#3103);
#2472=AXIS2_PLACEMENT_3D('',#3744,#3104,#3105);
#2473=AXIS2_PLACEMENT_3D('',#3745,#3106,#3107);
#2474=AXIS2_PLACEMENT_3D('',#3746,#3108,#3109);
#2475=AXIS2_PLACEMENT_3D('',#3748,#3110,#3111);
#2476=AXIS2_PLACEMENT_3D('',#3749,#3112,#3113);
#2477=AXIS2_PLACEMENT_3D('',#3750,#3114,#3115);
#2478=AXIS2_PLACEMENT_3D('',#3752,#3116,#3117);
#2479=AXIS2_PLACEMENT_3D('',#3753,#3118,#3119);
#2480=AXIS2_PLACEMENT_3D('',#3754,#3120,#3121);
#2481=DIRECTION('',(0.,0.,1.));
#2482=DIRECTION('',(1.,0.,0.));
#2483=DIRECTION('',(3.00060276925718E-16,4.33768005492621E-32,-1.));
#2484=DIRECTION('',(-1.,0.,-3.00060276925718E-16));
#2485=DIRECTION('',(-1.,-1.50030138462859E-16,-3.00060276925718E-16));
#2486=DIRECTION('',(-1.44560289664734E-16,1.,0.));
#2487=DIRECTION('',(-1.,-1.44560289664734E-16,-3.00060276925718E-16));
#2488=DIRECTION('',(-1.44560289664734E-16,1.,0.));
#2489=DIRECTION('',(0.,-1.,0.));
#2490=DIRECTION('',(0.,0.,-1.));
#2491=DIRECTION('',(-1.,-1.38777878078145E-16,0.));
#2492=DIRECTION('',(0.,0.,-1.));
#2493=DIRECTION('',(-1.,0.,0.));
#2494=DIRECTION('',(0.,0.,-1.));
#2495=DIRECTION('',(1.,0.,0.));
#2496=DIRECTION('',(0.,0.,1.));
#2497=DIRECTION('',(1.,0.,0.));
#2498=DIRECTION('',(0.,0.,1.));
#2499=DIRECTION('',(1.44560289664734E-16,-1.,0.));
#2500=DIRECTION('',(1.,1.44560289664734E-16,0.));
#2501=DIRECTION('',(-2.25655086305926E-16,-3.26207646407052E-32,1.));
#2502=DIRECTION('',(1.,1.44560289664734E-16,0.));
#2503=DIRECTION('',(0.,0.,-1.));
#2504=DIRECTION('',(-1.,-1.44560289664734E-16,0.));
#2505=DIRECTION('',(0.,0.,-1.));
#2506=DIRECTION('',(-1.,-1.44560289664734E-16,0.));
#2507=DIRECTION('',(-2.25655086305926E-16,-3.26207646407052E-32,1.));
#2508=DIRECTION('',(-1.,-1.44560289664734E-16,0.));
#2509=DIRECTION('',(0.,0.,-1.));
#2510=DIRECTION('',(-1.,-1.44560289664734E-16,0.));
#2511=DIRECTION('',(0.,0.,-1.));
#2512=DIRECTION('',(0.,0.,-1.));
#2513=DIRECTION('',(-1.,-1.44560289664734E-16,0.));
#2514=DIRECTION('',(0.,0.,-1.));
#2515=DIRECTION('',(-1.,-1.44560289664734E-16,0.));
#2516=DIRECTION('',(0.,0.,1.));
#2517=DIRECTION('',(1.,0.,0.));
#2518=DIRECTION('',(0.,0.,1.));
#2519=DIRECTION('',(1.,0.,0.));
#2520=DIRECTION('',(0.,0.,1.));
#2521=DIRECTION('',(1.,0.,0.));
#2522=DIRECTION('',(0.,0.,1.));
#2523=DIRECTION('',(1.,0.,0.));
#2524=DIRECTION('',(0.,0.,1.));
#2525=DIRECTION('',(1.,0.,0.));
#2526=DIRECTION('',(0.,0.,1.));
#2527=DIRECTION('',(1.,0.,0.));
#2528=DIRECTION('',(0.,0.,1.));
#2529=DIRECTION('',(1.,0.,0.));
#2530=DIRECTION('',(0.,0.,1.));
#2531=DIRECTION('',(1.,0.,0.));
#2532=DIRECTION('',(0.,0.,1.));
#2533=DIRECTION('',(1.,0.,0.));
#2534=DIRECTION('',(0.,0.,1.));
#2535=DIRECTION('',(1.,0.,0.));
#2536=DIRECTION('',(0.99615198365662,0.0876426006972731,0.));
#2537=DIRECTION('',(0.819432269391012,-0.573176025214502,0.));
#2538=DIRECTION('',(0.259291089302097,-0.965799218786458,0.));
#2539=DIRECTION('',(-0.422175273170735,-0.90651422422553,0.));
#2540=DIRECTION('',(-0.906101133371455,-0.4230611493661,0.));
#2541=DIRECTION('',(-0.966052203075286,0.258346939082673,0.));
#2542=DIRECTION('',(-0.573976710485884,0.818871623528257,0.));
#2543=DIRECTION('',(0.0866688639804422,0.996237174580601,0.));
#2544=DIRECTION('',(0.706761113773189,0.707452279703785,0.));
#2545=DIRECTION('',(0.,0.,1.));
#2546=DIRECTION('',(1.,0.,0.));
#2547=DIRECTION('',(0.,0.,1.));
#2548=DIRECTION('',(1.,0.,0.));
#2549=DIRECTION('',(0.,1.,0.));
#2550=DIRECTION('',(0.,0.,1.));
#2551=DIRECTION('',(1.,0.,0.));
#2552=DIRECTION('',(-1.,-1.44560289664734E-16,0.));
#2553=DIRECTION('',(0.,0.,1.));
#2554=DIRECTION('',(1.,0.,0.));
#2555=DIRECTION('',(0.,1.,0.));
#2556=DIRECTION('',(-0.585612582688634,0.810591082480401,0.));
#2557=DIRECTION('',(-0.810591082480401,-0.585612582688634,0.));
#2558=DIRECTION('',(0.,0.,1.));
#2559=DIRECTION('',(0.810591082480401,0.585612582688634,0.));
#2560=DIRECTION('',(0.,0.,-1.));
#2561=DIRECTION('',(0.810591082480401,0.585612582688634,0.));
#2562=DIRECTION('',(0.159083822823935,0.987265079558536,0.));
#2563=DIRECTION('',(-0.987265079558536,0.159083822823935,0.));
#2564=DIRECTION('',(0.,0.,-1.));
#2565=DIRECTION('',(0.987265079558536,-0.159083822823935,0.));
#2566=DIRECTION('',(0.987265079558536,-0.159083822823935,0.));
#2567=DIRECTION('',(0.810591082480401,0.585612582688634,0.));
#2568=DIRECTION('',(-0.585612582688634,0.810591082480401,0.));
#2569=DIRECTION('',(0.,0.,1.));
#2570=DIRECTION('',(0.585612582688633,-0.810591082480401,0.));
#2571=DIRECTION('',(0.,0.,-1.));
#2572=DIRECTION('',(0.585612582688633,-0.810591082480401,0.));
#2573=DIRECTION('',(0.987265079558536,-0.159083822823935,0.));
#2574=DIRECTION('',(0.159083822823935,0.987265079558536,0.));
#2575=DIRECTION('',(0.,0.,1.));
#2576=DIRECTION('',(-0.159083822823935,-0.987265079558536,0.));
#2577=DIRECTION('',(0.,0.,-1.));
#2578=DIRECTION('',(-0.159083822823935,-0.987265079558536,0.));
#2579=DIRECTION('',(0.585612582688634,-0.810591082480401,0.));
#2580=DIRECTION('',(0.810591082480401,0.585612582688634,0.));
#2581=DIRECTION('',(0.,0.,1.));
#2582=DIRECTION('',(-0.810591082480401,-0.585612582688634,0.));
#2583=DIRECTION('',(0.,0.,-1.));
#2584=DIRECTION('',(-0.810591082480401,-0.585612582688634,0.));
#2585=DIRECTION('',(0.,0.,1.));
#2586=DIRECTION('',(1.,0.,0.));
#2587=DIRECTION('',(0.99615198365662,0.0876426006972731,0.));
#2588=DIRECTION('',(0.,0.,1.));
#2589=DIRECTION('',(1.,0.,0.));
#2590=DIRECTION('',(0.810591082480401,0.585612582688634,0.));
#2591=DIRECTION('',(0.706761113773189,0.707452279703785,0.));
#2592=DIRECTION('',(0.0866688639804422,0.996237174580601,0.));
#2593=DIRECTION('',(-0.573976710485884,0.818871623528257,0.));
#2594=DIRECTION('',(-0.966052203075286,0.258346939082673,0.));
#2595=DIRECTION('',(-0.906101133371455,-0.4230611493661,0.));
#2596=DIRECTION('',(-0.987265079558536,0.159083822823935,0.));
#2597=DIRECTION('',(-0.585612582688634,0.810591082480401,0.));
#2598=DIRECTION('',(0.159083822823935,0.987265079558536,0.));
#2599=DIRECTION('',(0.,0.,1.));
#2600=DIRECTION('',(1.,0.,0.));
#2601=DIRECTION('',(-0.810591082480401,-0.585612582688634,0.));
#2602=DIRECTION('',(-0.422175273170735,-0.90651422422553,0.));
#2603=DIRECTION('',(0.,0.,1.));
#2604=DIRECTION('',(1.,0.,0.));
#2605=DIRECTION('',(-0.159083822823935,-0.987265079558536,0.));
#2606=DIRECTION('',(0.259291089302097,-0.965799218786458,0.));
#2607=DIRECTION('',(-0.0235829569056916,0.99972188339737,0.));
#2608=DIRECTION('',(-0.99972188339737,-0.0235829569056916,0.));
#2609=DIRECTION('',(0.,0.,-1.));
#2610=DIRECTION('',(0.99972188339737,0.0235829569056916,0.));
#2611=DIRECTION('',(0.,0.,-1.));
#2612=DIRECTION('',(0.99972188339737,0.0235829569056916,0.));
#2613=DIRECTION('',(-0.723585791799312,0.690234454302423,0.));
#2614=DIRECTION('',(-0.690234454302423,-0.723585791799312,0.));
#2615=DIRECTION('',(0.,0.,-1.));
#2616=DIRECTION('',(0.690234454302423,0.723585791799312,0.));
#2617=DIRECTION('',(0.690234454302423,0.723585791799312,0.));
#2618=DIRECTION('',(-0.99972188339737,-0.0235829569056914,0.));
#2619=DIRECTION('',(0.0235829569056914,-0.99972188339737,0.));
#2620=DIRECTION('',(0.,0.,-1.));
#2621=DIRECTION('',(-0.0235829569056914,0.99972188339737,0.));
#2622=DIRECTION('',(-0.0235829569056914,0.99972188339737,0.));
#2623=DIRECTION('',(-0.690234454302423,-0.723585791799312,0.));
#2624=DIRECTION('',(0.723585791799312,-0.690234454302423,0.));
#2625=DIRECTION('',(0.,0.,-1.));
#2626=DIRECTION('',(-0.723585791799312,0.690234454302423,0.));
#2627=DIRECTION('',(-0.723585791799312,0.690234454302423,0.));
#2628=DIRECTION('',(0.0235829569056911,-0.99972188339737,0.));
#2629=DIRECTION('',(0.99972188339737,0.0235829569056911,0.));
#2630=DIRECTION('',(0.,0.,-1.));
#2631=DIRECTION('',(-0.99972188339737,-0.0235829569056911,0.));
#2632=DIRECTION('',(-0.99972188339737,-0.0235829569056911,0.));
#2633=DIRECTION('',(0.723585791799311,-0.690234454302423,0.));
#2634=DIRECTION('',(0.690234454302423,0.723585791799312,0.));
#2635=DIRECTION('',(0.,0.,-1.));
#2636=DIRECTION('',(-0.690234454302423,-0.723585791799312,0.));
#2637=DIRECTION('',(-0.690234454302423,-0.723585791799312,0.));
#2638=DIRECTION('',(0.99972188339737,0.0235829569056914,0.));
#2639=DIRECTION('',(-0.0235829569056914,0.99972188339737,0.));
#2640=DIRECTION('',(0.,0.,-1.));
#2641=DIRECTION('',(0.0235829569056914,-0.99972188339737,0.));
#2642=DIRECTION('',(0.0235829569056914,-0.99972188339737,0.));
#2643=DIRECTION('',(-0.585612582688634,0.810591082480401,0.));
#2644=DIRECTION('',(-0.810591082480401,-0.585612582688634,0.));
#2645=DIRECTION('',(0.,0.,-1.));
#2646=DIRECTION('',(0.,0.,-1.));
#2647=DIRECTION('',(0.810591082480401,0.585612582688634,0.));
#2648=DIRECTION('',(0.159083822823935,0.987265079558536,0.));
#2649=DIRECTION('',(-0.987265079558536,0.159083822823935,0.));
#2650=DIRECTION('',(0.,0.,1.));
#2651=DIRECTION('',(0.987265079558536,-0.159083822823935,0.));
#2652=DIRECTION('',(0.,0.,-1.));
#2653=DIRECTION('',(0.987265079558536,-0.159083822823935,0.));
#2654=DIRECTION('',(0.810591082480401,0.585612582688634,0.));
#2655=DIRECTION('',(-0.585612582688634,0.810591082480401,0.));
#2656=DIRECTION('',(0.,0.,-1.));
#2657=DIRECTION('',(0.585612582688633,-0.810591082480401,0.));
#2658=DIRECTION('',(0.585612582688633,-0.810591082480401,0.));
#2659=DIRECTION('',(0.987265079558536,-0.159083822823935,0.));
#2660=DIRECTION('',(0.159083822823935,0.987265079558536,0.));
#2661=DIRECTION('',(0.,0.,-1.));
#2662=DIRECTION('',(-0.159083822823935,-0.987265079558536,0.));
#2663=DIRECTION('',(0.585612582688634,-0.810591082480401,0.));
#2664=DIRECTION('',(0.810591082480401,0.585612582688634,0.));
#2665=DIRECTION('',(0.,0.,-1.));
#2666=DIRECTION('',(-0.810591082480401,-0.585612582688634,0.));
#2667=DIRECTION('',(-0.159083822823935,-0.987265079558536,0.));
#2668=DIRECTION('',(0.987265079558536,-0.159083822823935,0.));
#2669=DIRECTION('',(-0.987265079558536,0.159083822823935,0.));
#2670=DIRECTION('',(0.,0.,-1.));
#2671=DIRECTION('',(-0.810591082480401,-0.585612582688634,0.));
#2672=DIRECTION('',(0.585612582688634,-0.810591082480401,0.));
#2673=DIRECTION('',(-0.585612582688634,0.810591082480401,0.));
#2674=DIRECTION('',(0.,0.,-1.));
#2675=DIRECTION('',(-0.987265079558536,0.159083822823935,0.));
#2676=DIRECTION('',(-0.159083822823935,-0.987265079558536,0.));
#2677=DIRECTION('',(0.159083822823935,0.987265079558536,0.));
#2678=DIRECTION('',(0.690234454302423,0.723585791799312,0.));
#2679=DIRECTION('',(-0.723585791799312,0.690234454302423,0.));
#2680=DIRECTION('',(0.723585791799312,-0.690234454302423,0.));
#2681=DIRECTION('',(0.723585791799312,-0.690234454302423,0.));
#2682=DIRECTION('',(0.,0.,1.));
#2683=DIRECTION('',(1.,0.,0.));
#2684=DIRECTION('',(0.,0.,1.));
#2685=DIRECTION('',(1.,0.,0.));
#2686=DIRECTION('',(0.,0.,1.));
#2687=DIRECTION('',(1.,0.,0.));
#2688=DIRECTION('',(0.,0.,1.));
#2689=DIRECTION('',(1.,0.,0.));
#2690=DIRECTION('',(0.,0.,1.));
#2691=DIRECTION('',(1.,0.,0.));
#2692=DIRECTION('',(0.,0.,1.));
#2693=DIRECTION('',(1.,0.,0.));
#2694=DIRECTION('',(0.,0.,1.));
#2695=DIRECTION('',(1.,0.,0.));
#2696=DIRECTION('',(0.,0.,1.));
#2697=DIRECTION('',(1.,0.,0.));
#2698=DIRECTION('',(0.,0.,1.));
#2699=DIRECTION('',(1.,0.,0.));
#2700=DIRECTION('',(0.,0.,1.));
#2701=DIRECTION('',(1.,0.,0.));
#2702=DIRECTION('',(0.99615198365662,0.0876426006972731,0.));
#2703=DIRECTION('',(0.706761113773189,0.707452279703785,0.));
#2704=DIRECTION('',(-0.906101133371455,-0.4230611493661,0.));
#2705=DIRECTION('',(-0.422175273170735,-0.90651422422553,0.));
#2706=DIRECTION('',(-0.422175273170735,-0.90651422422553,0.));
#2707=DIRECTION('',(0.259291089302097,-0.965799218786458,0.));
#2708=DIRECTION('',(0.259291089302097,-0.965799218786458,0.));
#2709=DIRECTION('',(0.819432269391012,-0.573176025214502,0.));
#2710=DIRECTION('',(0.819432269391012,-0.573176025214502,0.));
#2711=DIRECTION('',(0.99615198365662,0.0876426006972731,0.));
#2712=DIRECTION('',(0.,0.,1.));
#2713=DIRECTION('',(1.,0.,0.));
#2714=DIRECTION('',(0.723585791799312,-0.690234454302423,0.));
#2715=DIRECTION('',(0.99972188339737,0.0235829569056916,0.));
#2716=DIRECTION('',(0.690234454302423,0.723585791799312,0.));
#2717=DIRECTION('',(-0.0235829569056914,0.99972188339737,0.));
#2718=DIRECTION('',(-0.723585791799312,0.690234454302423,0.));
#2719=DIRECTION('',(-0.99972188339737,-0.0235829569056911,0.));
#2720=DIRECTION('',(-0.690234454302423,-0.723585791799312,0.));
#2721=DIRECTION('',(0.0235829569056914,-0.99972188339737,0.));
#2722=DIRECTION('',(0.,1.,0.));
#2723=DIRECTION('',(0.,0.,1.));
#2724=DIRECTION('',(1.,0.,0.));
#2725=DIRECTION('',(-1.,-1.38777878078145E-16,0.));
#2726=DIRECTION('',(0.,0.,1.));
#2727=DIRECTION('',(1.,0.,0.));
#2728=DIRECTION('',(0.,1.,0.));
#2729=DIRECTION('',(0.,0.,1.));
#2730=DIRECTION('',(1.,0.,0.));
#2731=DIRECTION('',(-1.,-1.38777878078145E-16,0.));
#2732=DIRECTION('',(0.,0.,1.));
#2733=DIRECTION('',(1.,0.,0.));
#2734=DIRECTION('',(0.,0.,1.));
#2735=DIRECTION('',(1.,0.,0.));
#2736=DIRECTION('',(0.819432269391012,-0.573176025214502,0.));
#2737=DIRECTION('',(0.99972188339737,0.0235829569056911,0.));
#2738=DIRECTION('',(-0.0235829569056911,0.99972188339737,0.));
#2739=DIRECTION('',(0.932647393168453,-0.360789190547734,0.));
#2740=DIRECTION('',(-0.360789190547734,-0.932647393168453,0.));
#2741=DIRECTION('',(0.914597779380477,0.404364812950261,0.));
#2742=DIRECTION('',(0.404364812950261,-0.914597779380477,0.));
#2743=DIRECTION('',(0.690234454302423,0.723585791799312,0.));
#2744=DIRECTION('',(-0.723585791799312,0.690234454302423,0.));
#2745=DIRECTION('',(0.360789190547734,0.932647393168453,0.));
#2746=DIRECTION('',(0.932647393168453,-0.360789190547734,0.));
#2747=DIRECTION('',(0.723585791799312,-0.690234454302423,0.));
#2748=DIRECTION('',(0.690234454302423,0.723585791799312,0.));
#2749=DIRECTION('',(0.404364812950261,-0.914597779380477,0.));
#2750=DIRECTION('',(-0.914597779380477,-0.404364812950261,0.));
#2751=DIRECTION('',(-0.0235829569056914,0.99972188339737,0.));
#2752=DIRECTION('',(-0.99972188339737,-0.0235829569056914,0.));
#2753=DIRECTION('',(-0.404364812950261,0.914597779380477,0.));
#2754=DIRECTION('',(0.914597779380477,0.404364812950261,0.));
#2755=DIRECTION('',(0.0235829569056914,-0.99972188339737,0.));
#2756=DIRECTION('',(0.99972188339737,0.0235829569056914,0.));
#2757=DIRECTION('',(-0.360789190547734,-0.932647393168453,0.));
#2758=DIRECTION('',(-0.932647393168453,0.360789190547734,0.));
#2759=DIRECTION('',(-0.723585791799312,0.690234454302423,0.));
#2760=DIRECTION('',(-0.690234454302423,-0.723585791799312,0.));
#2761=DIRECTION('',(-0.932647393168453,0.360789190547734,0.));
#2762=DIRECTION('',(0.360789190547734,0.932647393168453,0.));
#2763=DIRECTION('',(-0.690234454302423,-0.723585791799312,0.));
#2764=DIRECTION('',(0.723585791799312,-0.690234454302423,0.));
#2765=DIRECTION('',(-0.914597779380477,-0.404364812950261,0.));
#2766=DIRECTION('',(0.404364812950261,-0.914597779380477,0.));
#2767=DIRECTION('',(-0.99972188339737,-0.0235829569056916,0.));
#2768=DIRECTION('',(0.0235829569056916,-0.99972188339737,0.));
#2769=DIRECTION('',(0.,0.,1.));
#2770=DIRECTION('',(1.,0.,0.));
#2771=DIRECTION('',(1.,0.,0.));
#2772=DIRECTION('',(0.,0.,-1.));
#2773=DIRECTION('',(0.,-1.,0.));
#2774=DIRECTION('',(0.,0.,-1.));
#2775=DIRECTION('',(0.,0.,1.));
#2776=DIRECTION('',(1.,0.,0.));
#2777=DIRECTION('',(0.,-1.,0.));
#2778=DIRECTION('',(0.,0.,-1.));
#2779=DIRECTION('',(0.,-1.,0.));
#2780=DIRECTION('',(0.,0.,-1.));
#2781=DIRECTION('',(0.,1.,0.));
#2782=DIRECTION('',(-1.,-1.38777878078145E-16,0.));
#2783=DIRECTION('',(1.38777878078145E-16,-1.,0.));
#2784=DIRECTION('',(1.,0.,0.));
#2785=DIRECTION('',(0.,0.,-1.));
#2786=DIRECTION('',(0.,0.,1.));
#2787=DIRECTION('',(1.,0.,0.));
#2788=DIRECTION('',(1.,0.,0.));
#2789=DIRECTION('',(0.,0.,-1.));
#2790=DIRECTION('',(0.,0.,1.));
#2791=DIRECTION('',(1.,0.,0.));
#2792=DIRECTION('',(0.,0.,1.));
#2793=DIRECTION('',(1.,0.,0.));
#2794=DIRECTION('',(0.,0.,1.));
#2795=DIRECTION('',(1.,0.,0.));
#2796=DIRECTION('',(0.,-1.,0.));
#2797=DIRECTION('',(0.,0.,-1.));
#2798=DIRECTION('',(1.,1.38777878078145E-16,0.));
#2799=DIRECTION('',(-1.38777878078145E-16,1.,0.));
#2800=DIRECTION('',(1.,0.,0.));
#2801=DIRECTION('',(0.,0.,-1.));
#2802=DIRECTION('',(-1.,-1.38777878078145E-16,0.));
#2803=DIRECTION('',(0.,1.,0.));
#2804=DIRECTION('',(0.,0.,1.));
#2805=DIRECTION('',(0.,1.,0.));
#2806=DIRECTION('',(0.,-1.,0.));
#2807=DIRECTION('',(0.,0.,-1.));
#2808=DIRECTION('',(0.,0.,1.));
#2809=DIRECTION('',(1.,0.,0.));
#2810=DIRECTION('',(0.,0.,1.));
#2811=DIRECTION('',(1.,0.,0.));
#2812=DIRECTION('',(0.0876426006972731,-0.99615198365662,0.));
#2813=DIRECTION('',(0.99615198365662,0.0876426006972731,0.));
#2814=DIRECTION('',(0.,0.,1.));
#2815=DIRECTION('',(0.,0.,1.));
#2816=DIRECTION('',(0.707452279703785,-0.706761113773189,0.));
#2817=DIRECTION('',(0.706761113773189,0.707452279703785,0.));
#2818=DIRECTION('',(0.,0.,1.));
#2819=DIRECTION('',(0.996237174580601,-0.0866688639804422,0.));
#2820=DIRECTION('',(0.0866688639804422,0.996237174580601,0.));
#2821=DIRECTION('',(0.,0.,1.));
#2822=DIRECTION('',(0.818871623528257,0.573976710485884,0.));
#2823=DIRECTION('',(-0.573976710485884,0.818871623528257,0.));
#2824=DIRECTION('',(0.,0.,1.));
#2825=DIRECTION('',(0.258346939082673,0.966052203075286,0.));
#2826=DIRECTION('',(-0.966052203075286,0.258346939082673,0.));
#2827=DIRECTION('',(0.,0.,1.));
#2828=DIRECTION('',(-0.4230611493661,0.906101133371455,0.));
#2829=DIRECTION('',(-0.906101133371455,-0.4230611493661,0.));
#2830=DIRECTION('',(0.,0.,1.));
#2831=DIRECTION('',(-0.90651422422553,0.422175273170735,0.));
#2832=DIRECTION('',(-0.422175273170735,-0.90651422422553,0.));
#2833=DIRECTION('',(0.,0.,1.));
#2834=DIRECTION('',(-0.965799218786458,-0.259291089302097,0.));
#2835=DIRECTION('',(0.259291089302097,-0.965799218786458,0.));
#2836=DIRECTION('',(0.,0.,1.));
#2837=DIRECTION('',(-0.573176025214502,-0.819432269391012,0.));
#2838=DIRECTION('',(0.819432269391012,-0.573176025214502,0.));
#2839=DIRECTION('',(-1.,-2.31296463463574E-16,0.));
#2840=DIRECTION('',(2.31296463463574E-16,-1.,0.));
#2841=DIRECTION('',(0.,0.,-1.));
#2842=DIRECTION('',(-2.31296463463574E-16,1.,0.));
#2843=DIRECTION('',(0.,0.,-1.));
#2844=DIRECTION('',(0.,0.,-1.));
#2845=DIRECTION('',(-1.,0.,0.));
#2846=DIRECTION('',(0.,0.,1.));
#2847=DIRECTION('',(1.,0.,0.));
#2848=DIRECTION('',(0.,0.,-1.));
#2849=DIRECTION('',(-1.,0.,0.));
#2850=DIRECTION('',(0.,0.,-1.));
#2851=DIRECTION('',(0.,0.,1.));
#2852=DIRECTION('',(1.,0.,0.));
#2853=DIRECTION('',(-1.,-2.31296463463574E-16,0.));
#2854=DIRECTION('',(2.31296463463574E-16,-1.,0.));
#2855=DIRECTION('',(0.,0.,-1.));
#2856=DIRECTION('',(-2.31296463463574E-16,1.,0.));
#2857=DIRECTION('',(0.,0.,-1.));
#2858=DIRECTION('',(-1.,0.,0.));
#2859=DIRECTION('',(0.,0.,-1.));
#2860=DIRECTION('',(0.,0.,1.));
#2861=DIRECTION('',(1.,0.,0.));
#2862=DIRECTION('',(0.,-1.,0.));
#2863=DIRECTION('',(0.,0.,-1.));
#2864=DIRECTION('',(0.,0.,-1.));
#2865=DIRECTION('',(-1.,0.,0.));
#2866=DIRECTION('',(0.,0.,-1.));
#2867=DIRECTION('',(-1.,0.,0.));
#2868=DIRECTION('',(0.,0.,1.));
#2869=DIRECTION('',(1.,0.,0.));
#2870=DIRECTION('',(0.,0.,-1.));
#2871=DIRECTION('',(0.,0.,1.));
#2872=DIRECTION('',(1.,0.,0.));
#2873=DIRECTION('',(0.,0.,-1.));
#2874=DIRECTION('',(0.,0.,-1.));
#2875=DIRECTION('',(0.,0.,1.));
#2876=DIRECTION('',(1.,0.,0.));
#2877=DIRECTION('',(-1.,0.,0.));
#2878=DIRECTION('',(0.,0.,1.));
#2879=DIRECTION('',(0.,0.,-1.));
#2880=DIRECTION('',(0.,1.,0.));
#2881=DIRECTION('',(0.,0.,-1.));
#2882=DIRECTION('',(-1.,0.,0.));
#2883=DIRECTION('',(0.,0.,1.));
#2884=DIRECTION('',(1.,0.,0.));
#2885=DIRECTION('',(0.,0.,-1.));
#2886=DIRECTION('',(0.,0.,1.));
#2887=DIRECTION('',(1.,0.,0.));
#2888=DIRECTION('',(0.,0.,-1.));
#2889=DIRECTION('',(0.,0.,-1.));
#2890=DIRECTION('',(0.,0.,1.));
#2891=DIRECTION('',(1.,0.,0.));
#2892=DIRECTION('',(1.44560289664734E-16,-1.,0.));
#2893=DIRECTION('',(1.,1.44560289664734E-16,0.));
#2894=DIRECTION('',(0.,0.,-1.));
#2895=DIRECTION('',(-1.,-1.44560289664734E-16,0.));
#2896=DIRECTION('',(0.,0.,-1.));
#2897=DIRECTION('',(-1.,0.,0.));
#2898=DIRECTION('',(0.,0.,1.));
#2899=DIRECTION('',(1.,0.,0.));
#2900=DIRECTION('',(0.,0.,-1.));
#2901=DIRECTION('',(0.,0.,1.));
#2902=DIRECTION('',(1.,0.,0.));
#2903=DIRECTION('',(0.,0.,-1.));
#2904=DIRECTION('',(0.,0.,-1.));
#2905=DIRECTION('',(0.,0.,1.));
#2906=DIRECTION('',(1.,0.,0.));
#2907=DIRECTION('',(-1.,0.,0.));
#2908=DIRECTION('',(0.,0.,1.));
#2909=DIRECTION('',(0.,0.,-1.));
#2910=DIRECTION('',(0.,1.,0.));
#2911=DIRECTION('',(0.,0.,-1.));
#2912=DIRECTION('',(-1.,0.,0.));
#2913=DIRECTION('',(0.,0.,1.));
#2914=DIRECTION('',(1.,0.,0.));
#2915=DIRECTION('',(0.,0.,-1.));
#2916=DIRECTION('',(0.,0.,1.));
#2917=DIRECTION('',(1.,0.,0.));
#2918=DIRECTION('',(0.,0.,-1.));
#2919=DIRECTION('',(0.,0.,1.));
#2920=DIRECTION('',(1.,0.,0.));
#2921=DIRECTION('',(0.,0.,-1.));
#2922=DIRECTION('',(-1.,0.,0.));
#2923=DIRECTION('',(0.,0.,1.));
#2924=DIRECTION('',(1.,0.,0.));
#2925=DIRECTION('',(0.,0.,1.));
#2926=DIRECTION('',(1.,0.,0.));
#2927=DIRECTION('',(0.,0.,1.));
#2928=DIRECTION('',(1.,0.,0.));
#2929=DIRECTION('',(0.,0.,1.));
#2930=DIRECTION('',(1.,0.,0.));
#2931=DIRECTION('',(0.,0.,1.));
#2932=DIRECTION('',(1.,0.,0.));
#2933=DIRECTION('',(0.,0.,1.));
#2934=DIRECTION('',(1.,0.,0.));
#2935=DIRECTION('',(0.,0.,1.));
#2936=DIRECTION('',(1.,0.,0.));
#2937=DIRECTION('',(0.,0.,1.));
#2938=DIRECTION('',(1.,0.,0.));
#2939=DIRECTION('',(0.,0.,1.));
#2940=DIRECTION('',(1.,0.,0.));
#2941=DIRECTION('',(0.,0.,1.));
#2942=DIRECTION('',(1.,0.,0.));
#2943=DIRECTION('',(0.,0.,1.));
#2944=DIRECTION('',(1.,0.,0.));
#2945=DIRECTION('',(0.,0.,1.));
#2946=DIRECTION('',(1.,0.,0.));
#2947=DIRECTION('',(0.,1.,0.));
#2948=DIRECTION('',(0.,1.,0.));
#2949=DIRECTION('',(-1.,0.,0.));
#2950=DIRECTION('',(0.,0.,1.));
#2951=DIRECTION('',(0.,1.,0.));
#2952=DIRECTION('',(0.,0.,1.));
#2953=DIRECTION('',(1.,0.,0.));
#2954=DIRECTION('',(0.,1.,0.));
#2955=DIRECTION('',(-1.,0.,0.));
#2956=DIRECTION('',(0.,0.,1.));
#2957=DIRECTION('',(-1.,-1.44560289664734E-16,-2.25655086305926E-16));
#2958=DIRECTION('',(-2.25655086305926E-16,0.,1.));
#2959=DIRECTION('',(3.00060276925718E-16,4.33768005492621E-32,-1.));
#2960=DIRECTION('',(-1.44560289664734E-16,1.,0.));
#2961=DIRECTION('',(-1.,-1.44560289664734E-16,-2.25655086305926E-16));
#2962=DIRECTION('',(-2.25655086305926E-16,0.,1.));
#2963=DIRECTION('',(-1.44560289664734E-16,1.,0.));
#2964=DIRECTION('',(3.00060276925718E-16,4.33768005492621E-32,-1.));
#2965=DIRECTION('',(0.,0.,-1.));
#2966=DIRECTION('',(-1.,0.,0.));
#2967=DIRECTION('',(-1.44560289664734E-16,1.,0.));
#2968=DIRECTION('',(1.,1.44560289664734E-16,0.));
#2969=DIRECTION('',(-1.44560289664734E-16,1.,0.));
#2970=DIRECTION('',(-1.,-1.50030138462859E-16,-3.00060276925718E-16));
#2971=DIRECTION('',(1.,1.44560289664734E-16,0.));
#2972=DIRECTION('',(-1.44560289664734E-16,1.,0.));
#2973=DIRECTION('',(-1.44560289664734E-16,1.,0.));
#2974=DIRECTION('',(0.,0.,-1.));
#2975=DIRECTION('',(0.,0.,-1.));
#2976=DIRECTION('',(-1.,0.,0.));
#2977=DIRECTION('',(-1.44560289664734E-16,1.,0.));
#2978=DIRECTION('',(-1.,-1.44560289664734E-16,0.));
#2979=DIRECTION('',(1.,1.44560289664734E-16,0.));
#2980=DIRECTION('',(-1.44560289664734E-16,1.,0.));
#2981=DIRECTION('',(0.,0.,-1.));
#2982=DIRECTION('',(1.44560289664734E-16,-1.,0.));
#2983=DIRECTION('',(1.,1.44560289664734E-16,0.));
#2984=DIRECTION('',(0.,0.,1.));
#2985=DIRECTION('',(1.44560289664734E-16,-1.,0.));
#2986=DIRECTION('',(1.,1.44560289664734E-16,0.));
#2987=DIRECTION('',(-1.,-1.44560289664734E-16,0.));
#2988=DIRECTION('',(1.44560289664734E-16,-1.,0.));
#2989=DIRECTION('',(1.,1.44560289664734E-16,0.));
#2990=DIRECTION('',(0.,0.,1.));
#2991=DIRECTION('',(1.44560289664734E-16,-1.,0.));
#2992=DIRECTION('',(1.,1.44560289664734E-16,0.));
#2993=DIRECTION('',(-1.,-1.44560289664734E-16,0.));
#2994=DIRECTION('',(1.44560289664734E-16,-1.,0.));
#2995=DIRECTION('',(1.,1.44560289664734E-16,0.));
#2996=DIRECTION('',(1.44560289664734E-16,-1.,0.));
#2997=DIRECTION('',(1.,1.44560289664734E-16,0.));
#2998=DIRECTION('',(1.44560289664734E-16,-1.,0.));
#2999=DIRECTION('',(1.,1.44560289664734E-16,0.));
#3000=DIRECTION('',(1.44560289664734E-16,-1.,0.));
#3001=DIRECTION('',(1.,1.44560289664734E-16,0.));
#3002=DIRECTION('',(1.44560289664734E-16,-1.,0.));
#3003=DIRECTION('',(1.,1.44560289664734E-16,0.));
#3004=DIRECTION('',(1.50030138462859E-16,-1.,1.64128434510722E-33));
#3005=DIRECTION('',(1.,1.50030138462859E-16,0.));
#3006=DIRECTION('',(1.50030138462859E-16,-1.,1.64128434510722E-33));
#3007=DIRECTION('',(1.,1.50030138462859E-16,0.));
#3008=DIRECTION('',(-2.37264540350893E-49,1.64128434510722E-33,1.));
#3009=DIRECTION('',(1.50030138462859E-16,-1.,1.64128434510722E-33));
#3010=DIRECTION('',(1.,1.50030138462859E-16,0.));
#3011=DIRECTION('',(-1.,-1.50030138462859E-16,0.));
#3012=DIRECTION('',(1.50030138462859E-16,-1.,1.64128434510722E-33));
#3013=DIRECTION('',(1.,1.50030138462859E-16,0.));
#3014=DIRECTION('',(-2.37264540350893E-49,1.64128434510722E-33,1.));
#3015=DIRECTION('',(1.50030138462859E-16,-1.,1.64128434510722E-33));
#3016=DIRECTION('',(1.,1.50030138462859E-16,0.));
#3017=DIRECTION('',(-1.,-1.50030138462859E-16,0.));
#3018=DIRECTION('',(1.50030138462859E-16,-1.,1.64128434510722E-33));
#3019=DIRECTION('',(1.,1.50030138462859E-16,0.));
#3020=DIRECTION('',(1.50030138462859E-16,-1.,1.64128434510722E-33));
#3021=DIRECTION('',(1.,1.50030138462859E-16,0.));
#3022=DIRECTION('',(1.50030138462859E-16,-1.,1.64128434510722E-33));
#3023=DIRECTION('',(1.,1.50030138462859E-16,0.));
#3024=DIRECTION('',(1.50030138462859E-16,-1.,1.64128434510722E-33));
#3025=DIRECTION('',(1.,1.50030138462859E-16,0.));
#3026=DIRECTION('',(1.44560289664734E-16,-1.,0.));
#3027=DIRECTION('',(1.,1.44560289664734E-16,0.));
#3028=DIRECTION('',(1.44560289664734E-16,-1.,0.));
#3029=DIRECTION('',(1.,1.44560289664734E-16,0.));
#3030=DIRECTION('',(1.44560289664734E-16,-1.,0.));
#3031=DIRECTION('',(1.,1.44560289664734E-16,0.));
#3032=DIRECTION('',(1.44560289664734E-16,-1.,0.));
#3033=DIRECTION('',(1.,1.44560289664734E-16,0.));
#3034=DIRECTION('',(1.,1.44560289664734E-16,0.));
#3035=DIRECTION('',(-1.44560289664734E-16,1.,0.));
#3036=DIRECTION('',(1.44560289664734E-16,-1.,0.));
#3037=DIRECTION('',(1.44560289664734E-16,-1.,0.));
#3038=DIRECTION('',(1.44560289664734E-16,-1.,0.));
#3039=DIRECTION('',(1.,1.44560289664734E-16,0.));
#3040=DIRECTION('',(1.44560289664734E-16,-1.,0.));
#3041=DIRECTION('',(0.,0.,1.));
#3042=DIRECTION('',(1.,0.,0.));
#3043=DIRECTION('',(1.44560289664734E-16,-1.,0.));
#3044=DIRECTION('',(1.44560289664734E-16,-1.,0.));
#3045=DIRECTION('',(1.,1.44560289664734E-16,0.));
#3046=DIRECTION('',(1.44560289664734E-16,-1.,0.));
#3047=DIRECTION('',(1.,1.44560289664734E-16,0.));
#3048=DIRECTION('',(-1.44560289664734E-16,1.,0.));
#3049=DIRECTION('',(1.44560289664734E-16,-1.,0.));
#3050=DIRECTION('',(1.44560289664734E-16,-1.,0.));
#3051=DIRECTION('',(1.,1.44560289664734E-16,0.));
#3052=DIRECTION('',(1.44560289664734E-16,-1.,0.));
#3053=DIRECTION('',(0.,0.,1.));
#3054=DIRECTION('',(1.,0.,0.));
#3055=DIRECTION('',(1.44560289664734E-16,-1.,0.));
#3056=DIRECTION('',(1.44560289664734E-16,-1.,0.));
#3057=DIRECTION('',(1.,1.44560289664734E-16,0.));
#3058=DIRECTION('',(0.,0.,1.));
#3059=DIRECTION('',(1.,0.,0.));
#3060=DIRECTION('',(0.,0.,1.));
#3061=DIRECTION('',(1.,0.,0.));
#3062=DIRECTION('',(0.,0.,1.));
#3063=DIRECTION('',(1.,0.,0.));
#3064=DIRECTION('',(0.,0.,1.));
#3065=DIRECTION('',(1.,0.,0.));
#3066=DIRECTION('',(0.,0.,1.));
#3067=DIRECTION('',(1.,0.,0.));
#3068=DIRECTION('',(0.,0.,1.));
#3069=DIRECTION('',(1.,0.,0.));
#3070=DIRECTION('',(0.,0.,-1.));
#3071=DIRECTION('',(-1.,0.,0.));
#3072=DIRECTION('',(0.,0.,-1.));
#3073=DIRECTION('',(-1.,0.,0.));
#3074=DIRECTION('',(0.,0.,1.));
#3075=DIRECTION('',(1.,0.,0.));
#3076=DIRECTION('',(0.,0.,1.));
#3077=DIRECTION('',(1.,0.,0.));
#3078=DIRECTION('',(0.,0.,1.));
#3079=DIRECTION('',(1.,0.,0.));
#3080=DIRECTION('',(0.,0.,1.));
#3081=DIRECTION('',(1.,0.,0.));
#3082=DIRECTION('',(0.,0.,1.));
#3083=DIRECTION('',(1.,0.,0.));
#3084=DIRECTION('',(0.,0.,1.));
#3085=DIRECTION('',(1.,0.,0.));
#3086=DIRECTION('',(0.,0.,-1.));
#3087=DIRECTION('',(-1.,0.,0.));
#3088=DIRECTION('',(0.,0.,-1.));
#3089=DIRECTION('',(-1.,0.,0.));
#3090=DIRECTION('',(0.,0.,1.));
#3091=DIRECTION('',(1.,0.,0.));
#3092=DIRECTION('',(0.,0.,1.));
#3093=DIRECTION('',(1.,0.,0.));
#3094=DIRECTION('',(0.,0.,1.));
#3095=DIRECTION('',(1.,0.,0.));
#3096=DIRECTION('',(0.,0.,1.));
#3097=DIRECTION('',(1.,0.,0.));
#3098=DIRECTION('',(0.,0.,1.));
#3099=DIRECTION('',(1.,0.,0.));
#3100=DIRECTION('',(0.,0.,1.));
#3101=DIRECTION('',(1.,0.,0.));
#3102=DIRECTION('',(0.,0.,-1.));
#3103=DIRECTION('',(-1.,0.,0.));
#3104=DIRECTION('',(0.,0.,-1.));
#3105=DIRECTION('',(-1.,0.,0.));
#3106=DIRECTION('',(0.,0.,1.));
#3107=DIRECTION('',(1.,0.,0.));
#3108=DIRECTION('',(0.,0.,1.));
#3109=DIRECTION('',(1.,0.,0.));
#3110=DIRECTION('',(0.,0.,1.));
#3111=DIRECTION('',(1.,0.,0.));
#3112=DIRECTION('',(0.,0.,1.));
#3113=DIRECTION('',(1.,0.,0.));
#3114=DIRECTION('',(0.,0.,1.));
#3115=DIRECTION('',(1.,0.,0.));
#3116=DIRECTION('',(0.,0.,1.));
#3117=DIRECTION('',(1.,0.,0.));
#3118=DIRECTION('',(0.,0.,-1.));
#3119=DIRECTION('',(-1.,0.,0.));
#3120=DIRECTION('',(0.,0.,-1.));
#3121=DIRECTION('',(-1.,0.,0.));
#3122=CARTESIAN_POINT('',(0.,0.,0.));
#3123=CARTESIAN_POINT('',(9.0205620750794E-18,0.0351452540975275,0.08875));
#3124=CARTESIAN_POINT('',(-2.77555756156289E-17,0.0391452540975274,0.08875));
#3125=CARTESIAN_POINT('',(0.04625,0.0391452540975274,0.08875));
#3126=CARTESIAN_POINT('',(-0.04625,0.0391452540975274,0.08875));
#3127=CARTESIAN_POINT('',(0.04625,0.0351452540975275,0.08875));
#3128=CARTESIAN_POINT('',(0.04625,0.0495452540975275,0.08875));
#3129=CARTESIAN_POINT('',(6.93889390390723E-18,0.0495452540975275,0.08875));
#3130=CARTESIAN_POINT('',(-0.04625,0.0495452540975275,0.08875));
#3131=CARTESIAN_POINT('',(-0.04625,0.0351452540975275,0.08875));
#3132=CARTESIAN_POINT('',(0.,0.0515452540975275,0.152));
#3133=CARTESIAN_POINT('',(-6.93889390390723E-18,0.0515452540975275,0.087));
#3134=CARTESIAN_POINT('',(0.05,0.0515452540975275,0.087));
#3135=CARTESIAN_POINT('',(-0.05,0.0515452540975275,0.087));
#3136=CARTESIAN_POINT('',(-0.05,0.0515452540975275,0.152));
#3137=CARTESIAN_POINT('',(-0.05,0.0515452540975275,0.152));
#3138=CARTESIAN_POINT('',(0.,0.0515452540975275,0.152));
#3139=CARTESIAN_POINT('',(0.05,0.0515452540975275,0.152));
#3140=CARTESIAN_POINT('',(0.05,0.0515452540975275,0.152));
#3141=CARTESIAN_POINT('',(-6.93889390390723E-18,0.0515452540975275,0.095));
#3142=CARTESIAN_POINT('',(-0.037,0.0515452540975275,0.095));
#3143=CARTESIAN_POINT('',(0.037,0.0515452540975275,0.095));
#3144=CARTESIAN_POINT('',(0.037,0.0515452540975275,0.1195));
#3145=CARTESIAN_POINT('',(0.037,0.0515452540975275,0.144));
#3146=CARTESIAN_POINT('',(-6.93889390390723E-18,0.0515452540975275,0.144));
#3147=CARTESIAN_POINT('',(-0.037,0.0515452540975275,0.144));
#3148=CARTESIAN_POINT('',(-0.037,0.0515452540975275,0.1195));
#3149=CARTESIAN_POINT('',(0.,0.0495452540975275,0.152));
#3150=CARTESIAN_POINT('',(0.04625,0.0495452540975275,0.1195));
#3151=CARTESIAN_POINT('',(0.04625,0.0495452540975275,0.15025));
#3152=CARTESIAN_POINT('',(0.047,0.0495452540975275,0.15025));
#3153=CARTESIAN_POINT('',(0.04775,0.0495452540975275,0.15025));
#3154=CARTESIAN_POINT('',(0.04775,0.0495452540975275,0.11875));
#3155=CARTESIAN_POINT('',(0.04775,0.0495452540975275,0.08725));
#3156=CARTESIAN_POINT('',(-0.0477493863882639,0.0495452540975275,0.08725));
#3157=CARTESIAN_POINT('',(-0.04775,0.0495452540975275,0.08725));
#3158=CARTESIAN_POINT('',(-0.04775,0.0495452540975275,0.11875));
#3159=CARTESIAN_POINT('',(-0.04775,0.0495452540975275,0.15025));
#3160=CARTESIAN_POINT('',(-0.047,0.0495452540975275,0.15025));
#3161=CARTESIAN_POINT('',(-0.04625,0.0495452540975275,0.15025));
#3162=CARTESIAN_POINT('',(-0.04625,0.0495452540975275,0.1195));
#3163=CARTESIAN_POINT('',(0.,0.0495452540975275,0.087));
#3164=CARTESIAN_POINT('',(0.048,0.0495452540975275,0.087));
#3165=CARTESIAN_POINT('',(-0.048,0.0495452540975275,0.087));
#3166=CARTESIAN_POINT('',(0.048,0.0495452540975275,0.152));
#3167=CARTESIAN_POINT('',(0.048,0.0495452540975275,0.152));
#3168=CARTESIAN_POINT('',(0.,0.0495452540975275,0.152));
#3169=CARTESIAN_POINT('',(-0.048,0.0495452540975275,0.152));
#3170=CARTESIAN_POINT('',(-0.048,0.0495452540975275,0.152));
#3171=CARTESIAN_POINT('',(0.037,0.0495452540975275,0.152));
#3172=CARTESIAN_POINT('',(0.037,0.0495452540975275,0.144));
#3173=CARTESIAN_POINT('',(0.037,0.0495452540975275,0.095));
#3174=CARTESIAN_POINT('',(0.,0.0495452540975275,0.095));
#3175=CARTESIAN_POINT('',(-0.037,0.0495452540975275,0.095));
#3176=CARTESIAN_POINT('',(-0.037,0.0495452540975275,0.152));
#3177=CARTESIAN_POINT('',(-0.037,0.0495452540975275,0.144));
#3178=CARTESIAN_POINT('',(0.,0.0495452540975275,0.144));
#3179=CARTESIAN_POINT('',(0.,0.0115452540975275,0.087));
#3180=CARTESIAN_POINT('',(-0.00184049461464274,0.037480029584766,0.087));
#3181=CARTESIAN_POINT('',(-0.00044049461464274,0.037480029584766,0.087));
#3182=CARTESIAN_POINT('',(0.0161592400620101,0.0311686382639692,0.087));
#3183=CARTESIAN_POINT('',(0.0175592400620101,0.0311686382639692,0.087));
#3184=CARTESIAN_POINT('',(0.0255204104513921,0.0165160337539269,0.087));
#3185=CARTESIAN_POINT('',(0.0269204104513921,0.0165160337539269,0.087));
#3186=CARTESIAN_POINT('',(0.0225836042494278,-0.00133810024461597,0.087));
#3187=CARTESIAN_POINT('',(0.0239836042494278,-0.00133810024461597,0.087));
#3188=CARTESIAN_POINT('',(0.0122946045535357,-0.0113641915280694,0.087));
#3189=CARTESIAN_POINT('',(0.0136946045535357,-0.0113641915280694,0.087));
#3190=CARTESIAN_POINT('',(-0.0081686620660747,-0.0131382010911262,0.087));
#3191=CARTESIAN_POINT('',(-0.0067686620660747,-0.0131382010911262,0.087));
#3192=CARTESIAN_POINT('',(-0.0211022126549231,-0.00364344634281324,0.087));
#3193=CARTESIAN_POINT('',(-0.0197022126549231,-0.00364344634281324,0.087));
#3194=CARTESIAN_POINT('',(-0.0259651508126651,0.0128909670221722,0.087));
#3195=CARTESIAN_POINT('',(-0.0245651508126651,0.0128909670221722,0.087));
#3196=CARTESIAN_POINT('',(-0.0199099221176234,0.0282663485972953,0.087));
#3197=CARTESIAN_POINT('',(-0.0185099221176235,0.0282663485972953,0.087));
#3198=CARTESIAN_POINT('',(0.00172949920797599,-0.00858668915410789,0.087));
#3199=CARTESIAN_POINT('',(-0.00542528572073612,-0.00921617538599812,0.087));
#3200=CARTESIAN_POINT('',(0.00888428413668811,-0.00795720292221766,0.087));
#3201=CARTESIAN_POINT('',(-0.0113107949074148,-0.0050993827138094,0.087));
#3202=CARTESIAN_POINT('',(-0.0171963040940934,-0.00098259004162067,0.087));
#3203=CARTESIAN_POINT('',(-0.019058642380143,0.00595418849027577,0.087));
#3204=CARTESIAN_POINT('',(-0.0209209806661927,0.0128909670221722,0.087));
#3205=CARTESIAN_POINT('',(-0.0178887392699861,0.019401935644996,0.087));
#3206=CARTESIAN_POINT('',(-0.0148564978737795,0.0259129042678199,0.087));
#3207=CARTESIAN_POINT('',(-0.00834849624421112,0.0289515084015959,0.087));
#3208=CARTESIAN_POINT('',(-0.00184049461464274,0.0319901125353719,0.087));
#3209=CARTESIAN_POINT('',(0.0050981009574309,0.0301345555355831,0.087));
#3210=CARTESIAN_POINT('',(0.0120366965295045,0.0282789985357941,0.087));
#3211=CARTESIAN_POINT('',(0.0161592400620101,0.0223975161448605,0.087));
#3212=CARTESIAN_POINT('',(0.0202817835945156,0.0165160337539269,0.087));
#3213=CARTESIAN_POINT('',(0.0196592911516259,0.0093606369479622,0.087));
#3214=CARTESIAN_POINT('',(0.0190367987087362,0.00220524014199746,0.087));
#3215=CARTESIAN_POINT('',(0.0139605414227121,-0.00287598139011009,0.087));
#3216=CARTESIAN_POINT('',(0.048,0.0395452540975275,0.087));
#3217=CARTESIAN_POINT('',(0.058,0.0395452540975275,0.087));
#3218=CARTESIAN_POINT('',(-0.048,0.0395452540975275,0.087));
#3219=CARTESIAN_POINT('',(-0.058,0.0395452540975275,0.087));
#3220=CARTESIAN_POINT('',(-0.058,0.0115452540975275,0.087));
#3221=CARTESIAN_POINT('',(-0.058,-0.0164547459024726,0.087));
#3222=CARTESIAN_POINT('',(-0.048,-0.0164547459024726,0.087));
#3223=CARTESIAN_POINT('',(-0.048,-0.0264547459024726,0.087));
#3224=CARTESIAN_POINT('',(0.,-0.0264547459024725,0.087));
#3225=CARTESIAN_POINT('',(0.048,-0.0264547459024725,0.087));
#3226=CARTESIAN_POINT('',(0.048,-0.0164547459024726,0.087));
#3227=CARTESIAN_POINT('',(0.058,-0.0164547459024726,0.087));
#3228=CARTESIAN_POINT('',(0.058,0.0115452540975275,0.087));
#3229=CARTESIAN_POINT('',(0.0119027805407962,-0.00493029312994837,0.083));
#3230=CARTESIAN_POINT('',(0.00755058366476703,-0.0080745434283132,0.083));
#3231=CARTESIAN_POINT('',(0.00755058366476703,-0.0080745434283132,0.068));
#3232=CARTESIAN_POINT('',(0.00755058366476703,-0.0080745434283132,0.083));
#3233=CARTESIAN_POINT('',(0.0119027805407962,-0.00493029312994837,0.068));
#3234=CARTESIAN_POINT('',(0.00507838543165731,-0.00986058625989674,0.068));
#3235=CARTESIAN_POINT('',(0.00507838543165731,-0.00986058625989674,0.083));
#3236=CARTESIAN_POINT('',(0.00507838543165731,-0.00986058625989674,0.083));
#3237=CARTESIAN_POINT('',(0.0119027805407962,-0.00493029312994837,0.083));
#3238=CARTESIAN_POINT('',(-0.00323343433293508,-0.00852125390615223,0.083));
#3239=CARTESIAN_POINT('',(-0.00121799657571389,-0.00884601323343018,0.083));
#3240=CARTESIAN_POINT('',(-0.00121799657571389,-0.00884601323343018,0.083));
#3241=CARTESIAN_POINT('',(-0.00121799657571389,-0.00884601323343018,0.068));
#3242=CARTESIAN_POINT('',(-0.00323343433293508,-0.00852125390615223,0.083));
#3243=CARTESIAN_POINT('',(-0.00323343433293508,-0.00852125390615223,0.068));
#3244=CARTESIAN_POINT('',(-0.0164755472274759,-0.000357526443268777,0.083));
#3245=CARTESIAN_POINT('',(-0.0178895980386052,0.0015997692357503,0.083));
#3246=CARTESIAN_POINT('',(-0.0178895980386052,0.0015997692357503,0.068));
#3247=CARTESIAN_POINT('',(-0.0178895980386052,0.00159976923575028,0.083));
#3248=CARTESIAN_POINT('',(-0.0164755472274759,-0.000357526443268777,0.068));
#3249=CARTESIAN_POINT('',(-0.0214058403574242,0.00646686866587016,0.068));
#3250=CARTESIAN_POINT('',(-0.0214058403574242,0.00646686866587016,0.083));
#3251=CARTESIAN_POINT('',(-0.0214058403574242,0.00646686866587016,0.083));
#3252=CARTESIAN_POINT('',(-0.0164755472274759,-0.000357526443268777,0.083));
#3253=CARTESIAN_POINT('',(-0.0200665080036797,0.0147786884304625,0.083));
#3254=CARTESIAN_POINT('',(-0.0200795561054379,0.0146977126593767,0.083));
#3255=CARTESIAN_POINT('',(-0.0200795561054379,0.0146977126593767,0.068));
#3256=CARTESIAN_POINT('',(-0.0200795561054379,0.0146977126593767,0.083));
#3257=CARTESIAN_POINT('',(-0.0200665080036797,0.0147786884304625,0.068));
#3258=CARTESIAN_POINT('',(-0.0187271756499352,0.023090508195055,0.068));
#3259=CARTESIAN_POINT('',(-0.0187271756499352,0.023090508195055,0.083));
#3260=CARTESIAN_POINT('',(-0.0187271756499352,0.023090508195055,0.083));
#3261=CARTESIAN_POINT('',(-0.0200665080036797,0.0147786884304625,0.083));
#3262=CARTESIAN_POINT('',(-0.0119027805407962,0.0280208013250033,0.083));
#3263=CARTESIAN_POINT('',(-0.0147546781645971,0.0259604441743583,0.083));
#3264=CARTESIAN_POINT('',(-0.0147546781645971,0.0259604441743583,0.068));
#3265=CARTESIAN_POINT('',(-0.0147546781645971,0.0259604441743583,0.083));
#3266=CARTESIAN_POINT('',(-0.0119027805407962,0.0280208013250033,0.068));
#3267=CARTESIAN_POINT('',(-0.00507838543165731,0.0329510944549517,0.068));
#3268=CARTESIAN_POINT('',(-0.00507838543165731,0.0329510944549517,0.083));
#3269=CARTESIAN_POINT('',(-0.00507838543165731,0.0329510944549517,0.083));
#3270=CARTESIAN_POINT('',(-0.0119027805407962,0.0280208013250033,0.083));
#3271=CARTESIAN_POINT('',(0.,0.0115452540975275,0.083));
#3272=CARTESIAN_POINT('',(0.00177091103592747,-0.00858304569371144,0.083));
#3273=CARTESIAN_POINT('',(0.,0.0115452540975275,0.083));
#3274=CARTESIAN_POINT('',(0.0119027805407962,-0.00493029312994837,0.083));
#3275=CARTESIAN_POINT('',(0.0119223890678569,-0.0049161269240489,0.083));
#3276=CARTESIAN_POINT('',(0.0187271756499352,1.7347234759768E-18,0.083));
#3277=CARTESIAN_POINT('',(0.0141977079188875,-0.00263858296068485,0.083));
#3278=CARTESIAN_POINT('',(0.0190367987087362,0.00220524014199746,0.083));
#3279=CARTESIAN_POINT('',(0.0197002463834034,0.00983140721673507,0.083));
#3280=CARTESIAN_POINT('',(0.0202817835945156,0.0165160337539269,0.083));
#3281=CARTESIAN_POINT('',(0.015936297168563,0.0227155806338476,0.083));
#3282=CARTESIAN_POINT('',(0.0120366965295045,0.0282789985357941,0.083));
#3283=CARTESIAN_POINT('',(0.00497971847131162,0.0301662140244645,0.083));
#3284=CARTESIAN_POINT('',(-0.00184049461464274,0.0319901125353719,0.083));
#3285=CARTESIAN_POINT('',(-0.00816666715672854,0.0290364049102807,0.083));
#3286=CARTESIAN_POINT('',(0.00323343433293508,0.0316117621012072,0.083));
#3287=CARTESIAN_POINT('',(0.0115452540975275,0.0302724297474626,0.083));
#3288=CARTESIAN_POINT('',(0.0164755472274759,0.0234480346383237,0.083));
#3289=CARTESIAN_POINT('',(0.0214058403574242,0.0166236395291848,0.083));
#3290=CARTESIAN_POINT('',(0.0200665080036797,0.00831181976459239,0.083));
#3291=CARTESIAN_POINT('',(0.,0.0115452540975275,0.083));
#3292=CARTESIAN_POINT('',(-0.0119027805407962,0.0280208013250033,0.083));
#3293=CARTESIAN_POINT('',(-0.0148747600644226,0.0258736908495181,0.083));
#3294=CARTESIAN_POINT('',(-0.0177072082044904,0.0197917275240293,0.083));
#3295=CARTESIAN_POINT('',(0.,0.0115452540975275,0.083));
#3296=CARTESIAN_POINT('',(-0.0200665080036797,0.0147786884304625,0.083));
#3297=CARTESIAN_POINT('',(-0.0205770891806172,0.0116100509328071,0.083));
#3298=CARTESIAN_POINT('',(-0.0191774263901991,0.00639663140038595,0.083));
#3299=CARTESIAN_POINT('',(0.000697209958440451,-0.0180106686632554,0.083));
#3300=CARTESIAN_POINT('',(0.0129396740144084,-0.0177218748426478,0.083));
#3301=CARTESIAN_POINT('',(0.0129396740144084,-0.0177218748426478,0.079));
#3302=CARTESIAN_POINT('',(0.0129396740144084,-0.0177218748426478,0.068));
#3303=CARTESIAN_POINT('',(-0.0115452540975275,-0.018299462483863,0.079));
#3304=CARTESIAN_POINT('',(-0.0115452540975275,-0.018299462483863,0.079));
#3305=CARTESIAN_POINT('',(-0.0115452540975275,-0.018299462483863,0.083));
#3306=CARTESIAN_POINT('',(-0.0115452540975275,-0.018299462483863,0.068));
#3307=CARTESIAN_POINT('',(0.000697209958440451,-0.0180106686632554,0.068));
#3308=CARTESIAN_POINT('',(0.0213921952978994,-0.0088609374213239,0.083));
#3309=CARTESIAN_POINT('',(0.0298447165813905,-3.46944695195361E-18,0.083));
#3310=CARTESIAN_POINT('',(0.0298447165813905,-3.46944695195361E-18,0.079));
#3311=CARTESIAN_POINT('',(0.0298447165813905,-3.46944695195361E-18,0.068));
#3312=CARTESIAN_POINT('',(0.0129396740144084,-0.0177218748426478,0.079));
#3313=CARTESIAN_POINT('',(0.0213921952978994,-0.0088609374213239,0.068));
#3314=CARTESIAN_POINT('',(0.0295559227607829,0.0122424640559679,0.083));
#3315=CARTESIAN_POINT('',(0.0292671289401753,0.0244849281119359,0.083));
#3316=CARTESIAN_POINT('',(0.0292671289401753,0.0244849281119359,0.079));
#3317=CARTESIAN_POINT('',(0.0292671289401753,0.0244849281119359,0.068));
#3318=CARTESIAN_POINT('',(0.0298447165813905,-5.69333984020444E-18,0.079));
#3319=CARTESIAN_POINT('',(0.0295559227607829,0.0122424640559679,0.068));
#3320=CARTESIAN_POINT('',(0.0204061915188514,0.0329374493954269,0.083));
#3321=CARTESIAN_POINT('',(0.0115452540975275,0.0413899706789179,0.083));
#3322=CARTESIAN_POINT('',(0.0115452540975275,0.0413899706789179,0.079));
#3323=CARTESIAN_POINT('',(0.0115452540975275,0.0413899706789179,0.068));
#3324=CARTESIAN_POINT('',(0.0292671289401753,0.0244849281119359,0.079));
#3325=CARTESIAN_POINT('',(0.0204061915188514,0.0329374493954269,0.068));
#3326=CARTESIAN_POINT('',(-0.000697209958440449,0.0411011768583103,0.083));
#3327=CARTESIAN_POINT('',(-0.0129396740144084,0.0408123830377028,0.083));
#3328=CARTESIAN_POINT('',(-0.0129396740144084,0.0408123830377028,0.079));
#3329=CARTESIAN_POINT('',(-0.0129396740144084,0.0408123830377028,0.068));
#3330=CARTESIAN_POINT('',(0.0115452540975275,0.0413899706789179,0.079));
#3331=CARTESIAN_POINT('',(-0.000697209958440449,0.0411011768583103,0.068));
#3332=CARTESIAN_POINT('',(-0.0213921952978994,0.0319514456163789,0.083));
#3333=CARTESIAN_POINT('',(-0.0298447165813905,0.023090508195055,0.083));
#3334=CARTESIAN_POINT('',(-0.0298447165813905,0.023090508195055,0.079));
#3335=CARTESIAN_POINT('',(-0.0298447165813905,0.023090508195055,0.068));
#3336=CARTESIAN_POINT('',(-0.0129396740144084,0.0408123830377028,0.079));
#3337=CARTESIAN_POINT('',(-0.0213921952978994,0.0319514456163789,0.068));
#3338=CARTESIAN_POINT('',(-0.0295559227607829,0.010848044139087,0.083));
#3339=CARTESIAN_POINT('',(-0.0292671289401753,-0.00139441991688089,0.083));
#3340=CARTESIAN_POINT('',(-0.0292671289401753,-0.00139441991688089,0.079));
#3341=CARTESIAN_POINT('',(-0.0292671289401753,-0.00139441991688089,0.068));
#3342=CARTESIAN_POINT('',(-0.0298447165813905,0.023090508195055,0.079));
#3343=CARTESIAN_POINT('',(-0.0295559227607829,0.010848044139087,0.068));
#3344=CARTESIAN_POINT('',(0.0119027805407962,-0.00493029312994837,0.083));
#3345=CARTESIAN_POINT('',(0.0119223890678569,-0.00491612692404888,0.083));
#3346=CARTESIAN_POINT('',(0.0119223890678569,-0.00491612692404888,0.068));
#3347=CARTESIAN_POINT('',(0.0187271756499352,1.7347234759768E-18,0.083));
#3348=CARTESIAN_POINT('',(0.0187271756499352,1.7347234759768E-18,0.068));
#3349=CARTESIAN_POINT('',(0.0119027805407962,-0.00493029312994837,0.068));
#3350=CARTESIAN_POINT('',(-0.00323343433293508,-0.00852125390615223,0.083));
#3351=CARTESIAN_POINT('',(-0.00737219739586732,-0.00785435069702812,0.083));
#3352=CARTESIAN_POINT('',(-0.00737219739586732,-0.00785435069702812,0.068));
#3353=CARTESIAN_POINT('',(-0.00737219739586731,-0.00785435069702812,0.083));
#3354=CARTESIAN_POINT('',(-0.00323343433293508,-0.00852125390615223,0.068));
#3355=CARTESIAN_POINT('',(-0.0115452540975275,-0.00718192155240772,0.068));
#3356=CARTESIAN_POINT('',(-0.0115452540975275,-0.00718192155240772,0.083));
#3357=CARTESIAN_POINT('',(-0.0115452540975275,-0.00718192155240772,0.083));
#3358=CARTESIAN_POINT('',(-0.00323343433293508,-0.00852125390615223,0.083));
#3359=CARTESIAN_POINT('',(-0.0164755472274759,-0.000357526443268777,0.083));
#3360=CARTESIAN_POINT('',(-0.014826323745492,-0.0026403425695476,0.083));
#3361=CARTESIAN_POINT('',(-0.014826323745492,-0.00264034256954759,0.083));
#3362=CARTESIAN_POINT('',(-0.014826323745492,-0.0026403425695476,0.068));
#3363=CARTESIAN_POINT('',(-0.0164755472274759,-0.000357526443268777,0.083));
#3364=CARTESIAN_POINT('',(-0.0164755472274759,-0.000357526443268777,0.068));
#3365=CARTESIAN_POINT('',(-0.0200665080036797,0.0147786884304625,0.083));
#3366=CARTESIAN_POINT('',(-0.0205770891806172,0.011610050932807,0.083));
#3367=CARTESIAN_POINT('',(-0.0205770891806172,0.011610050932807,0.068));
#3368=CARTESIAN_POINT('',(-0.0200665080036797,0.0147786884304625,0.068));
#3369=CARTESIAN_POINT('',(-0.0119027805407962,0.0280208013250033,0.083));
#3370=CARTESIAN_POINT('',(-0.0148747600644226,0.0258736908495181,0.083));
#3371=CARTESIAN_POINT('',(-0.0148747600644226,0.0258736908495181,0.068));
#3372=CARTESIAN_POINT('',(-0.0119027805407962,0.0280208013250033,0.068));
#3373=CARTESIAN_POINT('',(0.00323343433293508,0.0316117621012072,0.083));
#3374=CARTESIAN_POINT('',(0.00323343433293508,0.0316117621012072,0.068));
#3375=CARTESIAN_POINT('',(0.0115452540975275,0.0302724297474626,0.068));
#3376=CARTESIAN_POINT('',(0.0115452540975275,0.0302724297474626,0.083));
#3377=CARTESIAN_POINT('',(0.0164755472274759,0.0234480346383237,0.083));
#3378=CARTESIAN_POINT('',(0.0164755472274759,0.0234480346383237,0.068));
#3379=CARTESIAN_POINT('',(0.0214058403574242,0.0166236395291848,0.068));
#3380=CARTESIAN_POINT('',(0.0214058403574242,0.0166236395291848,0.083));
#3381=CARTESIAN_POINT('',(0.0200665080036797,0.00831181976459239,0.083));
#3382=CARTESIAN_POINT('',(0.0200665080036797,0.00831181976459239,0.068));
#3383=CARTESIAN_POINT('',(-0.0204061915188514,-0.00984694120037197,0.083));
#3384=CARTESIAN_POINT('',(-0.0292671289401753,-0.0013944199168809,0.079));
#3385=CARTESIAN_POINT('',(-0.0204061915188514,-0.00984694120037197,0.068));
#3386=CARTESIAN_POINT('',(-2.710881727825E-5,0.0115238507326849,0.068));
#3387=CARTESIAN_POINT('',(-0.00184049461464274,0.037480029584766,0.068));
#3388=CARTESIAN_POINT('',(-0.00044049461464274,0.037480029584766,0.068));
#3389=CARTESIAN_POINT('',(0.0161592400620101,0.0311686382639692,0.068));
#3390=CARTESIAN_POINT('',(0.0175592400620101,0.0311686382639692,0.068));
#3391=CARTESIAN_POINT('',(0.0255204104513921,0.0165160337539269,0.068));
#3392=CARTESIAN_POINT('',(0.0269204104513921,0.0165160337539269,0.068));
#3393=CARTESIAN_POINT('',(0.0225836042494278,-0.00133810024461597,0.068));
#3394=CARTESIAN_POINT('',(0.0239836042494278,-0.00133810024461597,0.068));
#3395=CARTESIAN_POINT('',(0.0122946045535357,-0.0113641915280694,0.068));
#3396=CARTESIAN_POINT('',(0.0136946045535357,-0.0113641915280694,0.068));
#3397=CARTESIAN_POINT('',(-0.0081686620660747,-0.0131382010911262,0.068));
#3398=CARTESIAN_POINT('',(-0.0067686620660747,-0.0131382010911262,0.068));
#3399=CARTESIAN_POINT('',(-0.0211022126549231,-0.00364344634281324,0.068));
#3400=CARTESIAN_POINT('',(-0.0197022126549231,-0.00364344634281324,0.068));
#3401=CARTESIAN_POINT('',(-0.0259651508126651,0.0128909670221722,0.068));
#3402=CARTESIAN_POINT('',(-0.0245651508126651,0.0128909670221722,0.068));
#3403=CARTESIAN_POINT('',(-0.0199099221176234,0.0282663485972953,0.068));
#3404=CARTESIAN_POINT('',(-0.0185099221176235,0.0282663485972953,0.068));
#3405=CARTESIAN_POINT('',(0.00174214181931635,-0.00858557684257746,0.068));
#3406=CARTESIAN_POINT('',(0.00888428413668811,-0.00795720292221766,0.068));
#3407=CARTESIAN_POINT('',(0.014173465081779,-0.00266284950569511,0.068));
#3408=CARTESIAN_POINT('',(-0.00819712870220159,0.0290221823296385,0.068));
#3409=CARTESIAN_POINT('',(-0.0148564978737795,0.0259129042678199,0.068));
#3410=CARTESIAN_POINT('',(-0.0177202310987648,0.019763764164613,0.068));
#3411=CARTESIAN_POINT('',(-0.0177202310987648,0.019763764164613,0.068));
#3412=CARTESIAN_POINT('',(-0.0209209806661927,0.0128909670221722,0.068));
#3413=CARTESIAN_POINT('',(-0.0191738890690026,0.00638345569867814,0.068));
#3414=CARTESIAN_POINT('',(-0.0191738890690026,0.00638345569867814,0.068));
#3415=CARTESIAN_POINT('',(-0.0171963040940934,-0.000982590041620675,0.068));
#3416=CARTESIAN_POINT('',(-0.0115417292542004,-0.00493784888615765,0.068));
#3417=CARTESIAN_POINT('',(-0.0115417292542004,-0.00493784888615765,0.068));
#3418=CARTESIAN_POINT('',(-0.00542528572073612,-0.00921617538599812,0.068));
#3419=CARTESIAN_POINT('',(0.00174214181931635,-0.00858557684257746,0.068));
#3420=CARTESIAN_POINT('',(0.,0.0115452540975275,0.083));
#3421=CARTESIAN_POINT('',(-0.0143061919147372,-0.0211938056510603,0.083));
#3422=CARTESIAN_POINT('',(-0.0332269429513999,-0.00314514519532111,0.083));
#3423=CARTESIAN_POINT('',(-0.0131073157207222,-0.0223374235398173,0.083));
#3424=CARTESIAN_POINT('',(0.0130340058420311,-0.0217207623762373,0.083));
#3425=CARTESIAN_POINT('',(0.0146903992928486,-0.0216816888538725,0.083));
#3426=CARTESIAN_POINT('',(0.0327390597485878,-0.00276093781720969,0.083));
#3427=CARTESIAN_POINT('',(0.0338826776373448,-0.00156206162319469,0.083));
#3428=CARTESIAN_POINT('',(0.0332660164737648,0.0245792599395586,0.083));
#3429=CARTESIAN_POINT('',(0.0332269429513999,0.0262356533903761,0.083));
#3430=CARTESIAN_POINT('',(0.0143061919147372,0.0442843138461152,0.083));
#3431=CARTESIAN_POINT('',(0.0131073157207222,0.0454279317348722,0.083));
#3432=CARTESIAN_POINT('',(-0.0130340058420311,0.0448112705712922,0.083));
#3433=CARTESIAN_POINT('',(-0.0146903992928486,0.0447721970489275,0.083));
#3434=CARTESIAN_POINT('',(-0.0327390597485878,0.0258514460122647,0.083));
#3435=CARTESIAN_POINT('',(-0.0338826776373448,0.0246525698182496,0.083));
#3436=CARTESIAN_POINT('',(-0.0332660164737648,-0.00148875174450367,0.083));
#3437=CARTESIAN_POINT('',(0.056,0.0115452540975275,0.083));
#3438=CARTESIAN_POINT('',(0.056,0.0415452540975274,0.083));
#3439=CARTESIAN_POINT('',(0.056,-0.0184547459024725,0.083));
#3440=CARTESIAN_POINT('',(0.05,-0.0184547459024725,0.083));
#3441=CARTESIAN_POINT('',(0.05,-0.0244547459024726,0.083));
#3442=CARTESIAN_POINT('',(-0.05,-0.0244547459024726,0.083));
#3443=CARTESIAN_POINT('',(-0.05,-0.0244547459024726,0.083));
#3444=CARTESIAN_POINT('',(-0.05,-0.0184547459024725,0.083));
#3445=CARTESIAN_POINT('',(-0.056,-0.0184547459024725,0.083));
#3446=CARTESIAN_POINT('',(-0.056,0.0415452540975274,0.083));
#3447=CARTESIAN_POINT('',(-0.056,0.0415452540975274,0.083));
#3448=CARTESIAN_POINT('',(-0.05,0.0415452540975274,0.083));
#3449=CARTESIAN_POINT('',(-0.05,0.0475452540975275,0.083));
#3450=CARTESIAN_POINT('',(-4.9960036108132E-18,0.0475452540975275,0.083));
#3451=CARTESIAN_POINT('',(0.05,0.0475452540975275,0.083));
#3452=CARTESIAN_POINT('',(0.05,0.0415452540975274,0.083));
#3453=CARTESIAN_POINT('',(0.,0.0115452540975275,0.083));
#3454=CARTESIAN_POINT('',(-0.0115335792266748,-0.00494354966285021,0.083));
#3455=CARTESIAN_POINT('',(-0.000791541786063204,0.0451000643918998,0.079));
#3456=CARTESIAN_POINT('',(0.0131073157207222,0.0454279317348722,0.079));
#3457=CARTESIAN_POINT('',(-0.0146903992928486,0.0447721970489275,0.079));
#3458=CARTESIAN_POINT('',(-0.0242865384650967,0.0347123834335885,0.079));
#3459=CARTESIAN_POINT('',(-0.0338826776373448,0.0246525698182496,0.079));
#3460=CARTESIAN_POINT('',(0.0231671293360611,0.0358317925626241,0.079));
#3461=CARTESIAN_POINT('',(0.0332269429513999,0.0262356533903761,0.079));
#3462=CARTESIAN_POINT('',(-0.0335548102943724,0.0107537123114642,0.079));
#3463=CARTESIAN_POINT('',(-0.0332269429514,-0.00314514519532111,0.079));
#3464=CARTESIAN_POINT('',(0.0335548102943724,0.0123367958835907,0.079));
#3465=CARTESIAN_POINT('',(0.0338826776373448,-0.0015620616231947,0.079));
#3466=CARTESIAN_POINT('',(-0.023167129336061,-0.0127412843675692,0.079));
#3467=CARTESIAN_POINT('',(-0.0131073157207222,-0.0223374235398173,0.079));
#3468=CARTESIAN_POINT('',(0.0242865384650967,-0.0116218752385336,0.079));
#3469=CARTESIAN_POINT('',(0.0146903992928486,-0.0216816888538725,0.079));
#3470=CARTESIAN_POINT('',(0.000791541786063218,-0.0220095561968449,0.079));
#3471=CARTESIAN_POINT('',(-0.05,0.0415452540975274,0.087));
#3472=CARTESIAN_POINT('',(-0.05,0.0475452540975275,0.087));
#3473=CARTESIAN_POINT('',(-0.056,0.0415452540975274,0.087));
#3474=CARTESIAN_POINT('',(-0.06,0.0415452540975274,0.087));
#3475=CARTESIAN_POINT('',(-0.05,0.0415452540975274,0.087));
#3476=CARTESIAN_POINT('',(-0.056,0.0115452540975275,0.087));
#3477=CARTESIAN_POINT('',(-0.056,-0.0184547459024725,0.087));
#3478=CARTESIAN_POINT('',(-0.06,-0.0184547459024725,0.087));
#3479=CARTESIAN_POINT('',(-0.06,0.0115452540975274,0.087));
#3480=CARTESIAN_POINT('',(-6.38378239159465E-18,0.0475452540975275,0.087));
#3481=CARTESIAN_POINT('',(0.05,0.0475452540975275,0.087));
#3482=CARTESIAN_POINT('',(-0.05,-0.0184547459024725,0.087));
#3483=CARTESIAN_POINT('',(-0.05,-0.0244547459024726,0.087));
#3484=CARTESIAN_POINT('',(-0.05,-0.0284547459024726,0.087));
#3485=CARTESIAN_POINT('',(-0.05,-0.0184547459024725,0.087));
#3486=CARTESIAN_POINT('',(0.05,0.0415452540975274,0.087));
#3487=CARTESIAN_POINT('',(0.05,0.0415452540975274,0.087));
#3488=CARTESIAN_POINT('',(0.06,0.0415452540975274,0.087));
#3489=CARTESIAN_POINT('',(0.056,0.0415452540975274,0.087));
#3490=CARTESIAN_POINT('',(4.99600361081321E-18,-0.0244547459024726,0.087));
#3491=CARTESIAN_POINT('',(0.05,-0.0244547459024726,0.087));
#3492=CARTESIAN_POINT('',(0.05,-0.0284547459024726,0.087));
#3493=CARTESIAN_POINT('',(-6.93889390390723E-18,-0.0284547459024726,0.087));
#3494=CARTESIAN_POINT('',(0.056,0.0115452540975275,0.087));
#3495=CARTESIAN_POINT('',(0.06,0.0115452540975275,0.087));
#3496=CARTESIAN_POINT('',(0.06,-0.0184547459024725,0.087));
#3497=CARTESIAN_POINT('',(0.056,-0.0184547459024725,0.087));
#3498=CARTESIAN_POINT('',(0.05,-0.0184547459024725,0.087));
#3499=CARTESIAN_POINT('',(0.05,-0.0184547459024725,0.087));
#3500=CARTESIAN_POINT('',(0.00172949920797599,-0.00858668915410789,0.062));
#3501=CARTESIAN_POINT('',(-0.00542528572073612,-0.00921617538599812,0.062));
#3502=CARTESIAN_POINT('',(0.00888428413668811,-0.00795720292221766,0.062));
#3503=CARTESIAN_POINT('',(0.0139605414227121,-0.00287598139011009,0.062));
#3504=CARTESIAN_POINT('',(0.0190367987087362,0.00220524014199746,0.062));
#3505=CARTESIAN_POINT('',(0.0196592911516259,0.0093606369479622,0.062));
#3506=CARTESIAN_POINT('',(0.0202817835945156,0.0165160337539269,0.062));
#3507=CARTESIAN_POINT('',(0.0161592400620101,0.0223975161448605,0.062));
#3508=CARTESIAN_POINT('',(0.0120366965295045,0.0282789985357941,0.062));
#3509=CARTESIAN_POINT('',(0.0050981009574309,0.0301345555355831,0.062));
#3510=CARTESIAN_POINT('',(-0.00184049461464274,0.0319901125353719,0.062));
#3511=CARTESIAN_POINT('',(-0.00834849624421112,0.0289515084015959,0.062));
#3512=CARTESIAN_POINT('',(-0.0148564978737795,0.0259129042678199,0.062));
#3513=CARTESIAN_POINT('',(-0.0178887392699861,0.019401935644996,0.062));
#3514=CARTESIAN_POINT('',(-0.0209209806661927,0.0128909670221722,0.062));
#3515=CARTESIAN_POINT('',(-0.019058642380143,0.00595418849027577,0.062));
#3516=CARTESIAN_POINT('',(-0.0171963040940934,-0.000982590041620675,0.062));
#3517=CARTESIAN_POINT('',(-0.0113107949074148,-0.0050993827138094,0.062));
#3518=CARTESIAN_POINT('',(0.06,0.0115452540975275,0.152));
#3519=CARTESIAN_POINT('',(0.06,0.0415452540975274,0.152));
#3520=CARTESIAN_POINT('',(0.06,0.0415452540975274,0.152));
#3521=CARTESIAN_POINT('',(0.06,0.0115452540975275,0.152));
#3522=CARTESIAN_POINT('',(0.06,-0.0184547459024725,0.152));
#3523=CARTESIAN_POINT('',(0.06,-0.0184547459024725,0.152));
#3524=CARTESIAN_POINT('',(0.05,0.0415452540975274,0.152));
#3525=CARTESIAN_POINT('',(0.05,0.0415452540975274,0.152));
#3526=CARTESIAN_POINT('',(-0.05,0.0415452540975274,0.152));
#3527=CARTESIAN_POINT('',(-0.06,0.0415452540975274,0.152));
#3528=CARTESIAN_POINT('',(-0.06,0.0415452540975274,0.152));
#3529=CARTESIAN_POINT('',(-0.05,0.0415452540975274,0.152));
#3530=CARTESIAN_POINT('',(-0.06,0.0115452540975275,0.152));
#3531=CARTESIAN_POINT('',(-0.06,-0.0184547459024725,0.152));
#3532=CARTESIAN_POINT('',(-0.06,-0.0184547459024725,0.152));
#3533=CARTESIAN_POINT('',(-0.06,0.0115452540975275,0.152));
#3534=CARTESIAN_POINT('',(-0.05,-0.0184547459024725,0.152));
#3535=CARTESIAN_POINT('',(-0.05,-0.0284547459024726,0.152));
#3536=CARTESIAN_POINT('',(-0.05,-0.0284547459024726,0.152));
#3537=CARTESIAN_POINT('',(-0.05,-0.0184547459024725,0.152));
#3538=CARTESIAN_POINT('',(0.,-0.0284547459024726,0.152));
#3539=CARTESIAN_POINT('',(0.05,-0.0284547459024726,0.152));
#3540=CARTESIAN_POINT('',(0.05,-0.0284547459024726,0.152));
#3541=CARTESIAN_POINT('',(0.,-0.0284547459024726,0.152));
#3542=CARTESIAN_POINT('',(0.048,0.0395452540975275,0.152));
#3543=CARTESIAN_POINT('',(0.048,0.0395452540975275,0.1518));
#3544=CARTESIAN_POINT('',(0.0571529283238673,0.0435731447487428,0.1518));
#3545=CARTESIAN_POINT('',(0.0520278906512153,0.0486981824213948,0.1518));
#3546=CARTESIAN_POINT('',(0.0571529283238673,0.0435731447487428,0.1429));
#3547=CARTESIAN_POINT('',(0.0571529283238673,0.0435731447487428,0.134));
#3548=CARTESIAN_POINT('',(0.048,0.0395452540975275,0.134));
#3549=CARTESIAN_POINT('',(0.0520278906512153,0.0486981824213948,0.134));
#3550=CARTESIAN_POINT('',(0.0520278906512153,0.0486981824213948,0.1429));
#3551=CARTESIAN_POINT('',(0.058,0.0395452540975275,0.152));
#3552=CARTESIAN_POINT('',(0.058,0.0395452540975275,0.152));
#3553=CARTESIAN_POINT('',(0.048,0.0395452540975275,0.152));
#3554=CARTESIAN_POINT('',(0.058,0.0115452540975275,0.152));
#3555=CARTESIAN_POINT('',(0.058,-0.0164547459024726,0.152));
#3556=CARTESIAN_POINT('',(0.058,-0.0164547459024726,0.152));
#3557=CARTESIAN_POINT('',(0.058,0.0115452540975275,0.152));
#3558=CARTESIAN_POINT('',(0.048,-0.0164547459024726,0.152));
#3559=CARTESIAN_POINT('',(0.048,-0.0164547459024726,0.1518));
#3560=CARTESIAN_POINT('',(0.0522596954384502,-0.0255021209235296,0.1518));
#3561=CARTESIAN_POINT('',(0.057047375021057,-0.0207144413409228,0.1518));
#3562=CARTESIAN_POINT('',(0.0522596954384502,-0.0255021209235296,0.1429));
#3563=CARTESIAN_POINT('',(0.0522596954384502,-0.0255021209235296,0.134));
#3564=CARTESIAN_POINT('',(0.048,-0.0164547459024726,0.134));
#3565=CARTESIAN_POINT('',(0.057047375021057,-0.0207144413409228,0.134));
#3566=CARTESIAN_POINT('',(0.057047375021057,-0.0207144413409228,0.1429));
#3567=CARTESIAN_POINT('',(0.048,-0.0264547459024725,0.152));
#3568=CARTESIAN_POINT('',(0.048,-0.0264547459024725,0.152));
#3569=CARTESIAN_POINT('',(0.048,-0.0164547459024726,0.152));
#3570=CARTESIAN_POINT('',(0.,-0.0264547459024725,0.152));
#3571=CARTESIAN_POINT('',(-0.048,-0.0264547459024726,0.152));
#3572=CARTESIAN_POINT('',(-0.048,-0.0264547459024726,0.152));
#3573=CARTESIAN_POINT('',(0.,-0.0264547459024725,0.152));
#3574=CARTESIAN_POINT('',(-0.048,-0.0164547459024726,0.152));
#3575=CARTESIAN_POINT('',(-0.048,-0.0164547459024726,0.1518));
#3576=CARTESIAN_POINT('',(-0.0570404172570597,-0.020729188067043,0.1518));
#3577=CARTESIAN_POINT('',(-0.0522744421645704,-0.0254951631595322,0.1518));
#3578=CARTESIAN_POINT('',(-0.0570404172570597,-0.020729188067043,0.1429));
#3579=CARTESIAN_POINT('',(-0.0570404172570597,-0.020729188067043,0.134));
#3580=CARTESIAN_POINT('',(-0.048,-0.0164547459024726,0.134));
#3581=CARTESIAN_POINT('',(-0.0522744421645704,-0.0254951631595322,0.134));
#3582=CARTESIAN_POINT('',(-0.0522744421645704,-0.0254951631595322,0.1429));
#3583=CARTESIAN_POINT('',(-0.058,-0.0164547459024726,0.152));
#3584=CARTESIAN_POINT('',(-0.058,-0.0164547459024726,0.152));
#3585=CARTESIAN_POINT('',(-0.048,-0.0164547459024726,0.152));
#3586=CARTESIAN_POINT('',(-0.058,0.0115452540975275,0.152));
#3587=CARTESIAN_POINT('',(-0.058,0.0395452540975275,0.152));
#3588=CARTESIAN_POINT('',(-0.058,0.0395452540975275,0.152));
#3589=CARTESIAN_POINT('',(-0.058,0.0115452540975275,0.152));
#3590=CARTESIAN_POINT('',(-0.048,0.0395452540975275,0.152));
#3591=CARTESIAN_POINT('',(-0.048,0.0395452540975275,0.1518));
#3592=CARTESIAN_POINT('',(-0.0520245826872987,0.0486996374297403,0.1518));
#3593=CARTESIAN_POINT('',(-0.0571543833322128,0.0435698367848262,0.1518));
#3594=CARTESIAN_POINT('',(-0.0520245826872987,0.0486996374297403,0.1429));
#3595=CARTESIAN_POINT('',(-0.0520245826872987,0.0486996374297403,0.134));
#3596=CARTESIAN_POINT('',(-0.048,0.0395452540975275,0.134));
#3597=CARTESIAN_POINT('',(-0.0571543833322128,0.0435698367848262,0.134));
#3598=CARTESIAN_POINT('',(-0.0571543833322128,0.0435698367848262,0.1429));
#3599=CARTESIAN_POINT('',(-0.048,0.0395452540975275,0.152));
#3600=CARTESIAN_POINT('',(0.05,-0.0184547459024725,0.152));
#3601=CARTESIAN_POINT('',(0.05,-0.0184547459024725,0.152));
#3602=CARTESIAN_POINT('',(0.,0.0115452540975275,0.152));
#3603=CARTESIAN_POINT('',(-0.0199099221176234,0.0282663485972953,0.057));
#3604=CARTESIAN_POINT('',(-0.0259651508126651,0.0128909670221722,0.057));
#3605=CARTESIAN_POINT('',(-0.0211022126549231,-0.00364344634281324,0.057));
#3606=CARTESIAN_POINT('',(-0.0081686620660747,-0.0131382010911262,0.057));
#3607=CARTESIAN_POINT('',(0.0122946045535357,-0.0113641915280694,0.057));
#3608=CARTESIAN_POINT('',(0.0225836042494278,-0.00133810024461597,0.057));
#3609=CARTESIAN_POINT('',(0.0255204104513921,0.0165160337539269,0.057));
#3610=CARTESIAN_POINT('',(0.0161592400620101,0.0311686382639692,0.057));
#3611=CARTESIAN_POINT('',(-0.00184049461464274,0.037480029584766,0.057));
#3612=CARTESIAN_POINT('',(-6.93889390390723E-18,0.0265452540975275,0.095));
#3613=CARTESIAN_POINT('',(0.037,0.0265452540975275,0.095));
#3614=CARTESIAN_POINT('',(-0.037,0.0265452540975275,0.095));
#3615=CARTESIAN_POINT('',(-0.037,0.0265452540975275,0.1195));
#3616=CARTESIAN_POINT('',(-0.037,0.0265452540975275,0.144));
#3617=CARTESIAN_POINT('',(-6.93889390390723E-18,0.0265452540975275,0.144));
#3618=CARTESIAN_POINT('',(0.037,0.0265452540975275,0.144));
#3619=CARTESIAN_POINT('',(0.037,0.0265452540975275,0.1195));
#3620=CARTESIAN_POINT('',(0.04625,0.0351452540975275,0.1195));
#3621=CARTESIAN_POINT('',(0.04625,0.0391452540975274,0.15025));
#3622=CARTESIAN_POINT('',(0.04625,0.0391452540975274,0.15025));
#3623=CARTESIAN_POINT('',(0.04625,0.0351452540975275,0.15025));
#3624=CARTESIAN_POINT('',(-0.04625,0.0351452540975275,0.1195));
#3625=CARTESIAN_POINT('',(-0.04625,0.0351452540975275,0.15025));
#3626=CARTESIAN_POINT('',(-0.04625,0.0391452540975274,0.15025));
#3627=CARTESIAN_POINT('',(-0.04625,0.0391452540975274,0.15025));
#3628=CARTESIAN_POINT('',(-0.047,0.0351452540975275,0.15025));
#3629=CARTESIAN_POINT('',(-0.04775,0.0351452540975275,0.15025));
#3630=CARTESIAN_POINT('',(-0.04775,0.0351452540975275,0.15025));
#3631=CARTESIAN_POINT('',(0.047,0.0351452540975275,0.15025));
#3632=CARTESIAN_POINT('',(0.04775,0.0351452540975275,0.15025));
#3633=CARTESIAN_POINT('',(0.04775,0.0351452540975275,0.15025));
#3634=CARTESIAN_POINT('',(-4.62092826465606E-17,0.0391452540975274,0.15025));
#3635=CARTESIAN_POINT('',(-0.04775,0.0351452540975275,0.11875));
#3636=CARTESIAN_POINT('',(-0.04775,0.0351452540975275,0.08725));
#3637=CARTESIAN_POINT('',(-0.04775,0.0351452540975275,0.08725));
#3638=CARTESIAN_POINT('',(-0.04775,0.0351452540975275,0.11875));
#3639=CARTESIAN_POINT('',(-0.0477493863882639,0.0351452540975275,0.08725));
#3640=CARTESIAN_POINT('',(0.04775,0.0351452540975275,0.08725));
#3641=CARTESIAN_POINT('',(0.04775,0.0351452540975275,0.08725));
#3642=CARTESIAN_POINT('',(-0.0477493863882639,0.0351452540975275,0.08725));
#3643=CARTESIAN_POINT('',(0.04775,0.0351452540975275,0.11875));
#3644=CARTESIAN_POINT('',(0.04775,0.0351452540975275,0.11875));
#3645=CARTESIAN_POINT('',(1.85828579122799E-18,0.0351452540975275,0.1195));
#3646=CARTESIAN_POINT('',(0.0276500922502514,0.0351452540975275,0.1195));
#3647=CARTESIAN_POINT('',(0.0276500922502514,0.0351452540975275,0.105477979391782));
#3648=CARTESIAN_POINT('',(0.0276500922502514,0.0351452540975275,0.133522020608218));
#3649=CARTESIAN_POINT('',(0.0226500922502514,0.0351452540975275,0.105477979391782));
#3650=CARTESIAN_POINT('',(0.0226500922502514,0.0351452540975275,0.100477979391782));
#3651=CARTESIAN_POINT('',(-1.04083408558608E-17,0.0351452540975275,0.100477979391782));
#3652=CARTESIAN_POINT('',(-0.0226500922502514,0.0351452540975275,0.100477979391782));
#3653=CARTESIAN_POINT('',(-0.0226500922502514,0.0351452540975275,0.105477979391782));
#3654=CARTESIAN_POINT('',(-0.0276500922502514,0.0351452540975275,0.105477979391782));
#3655=CARTESIAN_POINT('',(-0.0276500922502514,0.0351452540975275,0.1195));
#3656=CARTESIAN_POINT('',(-0.0276500922502514,0.0351452540975275,0.133522020608218));
#3657=CARTESIAN_POINT('',(-0.0226500922502514,0.0351452540975275,0.133522020608218));
#3658=CARTESIAN_POINT('',(-0.0226500922502514,0.0351452540975275,0.138522020608218));
#3659=CARTESIAN_POINT('',(-1.04083408558608E-17,0.0351452540975275,0.138522020608218));
#3660=CARTESIAN_POINT('',(0.0226500922502514,0.0351452540975275,0.138522020608218));
#3661=CARTESIAN_POINT('',(0.0226500922502514,0.0351452540975275,0.133522020608218));
#3662=CARTESIAN_POINT('',(0.0336,0.0351452540975275,0.1406));
#3663=CARTESIAN_POINT('',(0.035,0.0351452540975275,0.1406));
#3664=CARTESIAN_POINT('',(0.0336,0.0351452540975275,0.0984));
#3665=CARTESIAN_POINT('',(0.035,0.0351452540975275,0.0984));
#3666=CARTESIAN_POINT('',(-0.0336,0.0351452540975275,0.0984));
#3667=CARTESIAN_POINT('',(-0.0322,0.0351452540975275,0.0984));
#3668=CARTESIAN_POINT('',(-0.0336,0.0351452540975275,0.1406));
#3669=CARTESIAN_POINT('',(-0.0322,0.0351452540975275,0.1406));
#3670=CARTESIAN_POINT('',(-4.62092826465606E-17,0.0391452540975274,0.15025));
#3671=CARTESIAN_POINT('',(0.0226500922502514,0.0391452540975274,0.105477979391782));
#3672=CARTESIAN_POINT('',(0.0226500922502514,0.0391452540975274,0.100477979391782));
#3673=CARTESIAN_POINT('',(0.0276500922502514,0.0391452540975274,0.105477979391782));
#3674=CARTESIAN_POINT('',(0.0276500922502514,0.0391452540975274,0.15025));
#3675=CARTESIAN_POINT('',(0.0276500922502514,0.0391452540975274,0.133522020608218));
#3676=CARTESIAN_POINT('',(0.0226500922502514,0.0391452540975274,0.133522020608218));
#3677=CARTESIAN_POINT('',(0.0226500922502514,0.0391452540975274,0.138522020608218));
#3678=CARTESIAN_POINT('',(-4.62092826465606E-17,0.0391452540975274,0.138522020608218));
#3679=CARTESIAN_POINT('',(-0.0226500922502514,0.0391452540975274,0.138522020608218));
#3680=CARTESIAN_POINT('',(-0.0226500922502514,0.0391452540975274,0.133522020608218));
#3681=CARTESIAN_POINT('',(-0.0276500922502514,0.0391452540975274,0.133522020608218));
#3682=CARTESIAN_POINT('',(-0.0276500922502514,0.0391452540975274,0.15025));
#3683=CARTESIAN_POINT('',(-0.0276500922502514,0.0391452540975274,0.105477979391782));
#3684=CARTESIAN_POINT('',(-0.0226500922502514,0.0391452540975274,0.105477979391782));
#3685=CARTESIAN_POINT('',(-0.0226500922502514,0.0391452540975274,0.100477979391782));
#3686=CARTESIAN_POINT('',(-4.62092826465606E-17,0.0391452540975274,0.100477979391782));
#3687=CARTESIAN_POINT('',(0.0336,0.0391452540975274,0.1406));
#3688=CARTESIAN_POINT('',(0.035,0.0391452540975274,0.1406));
#3689=CARTESIAN_POINT('',(0.0336,0.0391452540975274,0.0984));
#3690=CARTESIAN_POINT('',(0.035,0.0391452540975274,0.0984));
#3691=CARTESIAN_POINT('',(-0.0336,0.0391452540975274,0.0984));
#3692=CARTESIAN_POINT('',(-0.0322,0.0391452540975274,0.0984));
#3693=CARTESIAN_POINT('',(-0.0336,0.0391452540975274,0.1406));
#3694=CARTESIAN_POINT('',(-0.0322,0.0391452540975274,0.1406));
#3695=CARTESIAN_POINT('',(-0.0336,0.0601452540975275,0.1406));
#3696=CARTESIAN_POINT('',(-0.0336,0.0601452540975275,0.0984));
#3697=CARTESIAN_POINT('',(0.0336,0.0601452540975275,0.0984));
#3698=CARTESIAN_POINT('',(0.0336,0.0601452540975275,0.1406));
#3699=CARTESIAN_POINT('',(0.0276500922502514,0.0601452540975275,0.1195));
#3700=CARTESIAN_POINT('',(0.0276500922502514,0.0601452540975275,0.105477979391782));
#3701=CARTESIAN_POINT('',(0.0276500922502514,0.0601452540975275,0.133522020608218));
#3702=CARTESIAN_POINT('',(0.0226500922502514,0.0601452540975275,0.133522020608218));
#3703=CARTESIAN_POINT('',(0.0226500922502514,0.0601452540975275,0.138522020608218));
#3704=CARTESIAN_POINT('',(-1.40223480974792E-17,0.0601452540975275,0.138522020608218));
#3705=CARTESIAN_POINT('',(-0.0226500922502514,0.0601452540975275,0.138522020608218));
#3706=CARTESIAN_POINT('',(-0.0226500922502514,0.0601452540975275,0.133522020608218));
#3707=CARTESIAN_POINT('',(-0.0276500922502514,0.0601452540975275,0.133522020608218));
#3708=CARTESIAN_POINT('',(-0.0276500922502514,0.0601452540975275,0.1195));
#3709=CARTESIAN_POINT('',(-0.0276500922502514,0.0601452540975275,0.105477979391782));
#3710=CARTESIAN_POINT('',(-0.0226500922502514,0.0601452540975275,0.105477979391782));
#3711=CARTESIAN_POINT('',(-0.0226500922502514,0.0601452540975275,0.100477979391782));
#3712=CARTESIAN_POINT('',(-1.40223480974792E-17,0.0601452540975275,0.100477979391782));
#3713=CARTESIAN_POINT('',(0.0226500922502514,0.0601452540975275,0.100477979391782));
#3714=CARTESIAN_POINT('',(0.0226500922502514,0.0601452540975275,0.105477979391782));
#3715=CARTESIAN_POINT('',(-1.4836429452561E-6,0.0116386017876382,0.1518));
#3716=CARTESIAN_POINT('',(-0.053023425432315,0.0445686795298424,0.1518));
#3717=CARTESIAN_POINT('',(-0.0516276218082648,0.0445686795298424,0.1518));
#3718=CARTESIAN_POINT('',(-0.053023425432315,0.0445686795298424,0.1518));
#3719=CARTESIAN_POINT('',(-1.4836429452561E-6,0.0116386017876382,0.134));
#3720=CARTESIAN_POINT('',(-0.053023425432315,0.0445686795298424,0.134));
#3721=CARTESIAN_POINT('',(-0.0516276218082648,0.0445686795298424,0.134));
#3722=CARTESIAN_POINT('',(-0.053023425432315,0.0445686795298424,0.134));
#3723=CARTESIAN_POINT('',(-0.053023425432315,0.0445686795298424,0.1518));
#3724=CARTESIAN_POINT('',(-0.053023425432315,0.0445686795298424,0.1518));
#3725=CARTESIAN_POINT('',(-1.4836429452561E-6,0.0116386017876382,0.1518));
#3726=CARTESIAN_POINT('',(-0.0528264135026829,-0.0212811594051554,0.1518));
#3727=CARTESIAN_POINT('',(-0.0511519929357976,-0.0212811594051554,0.1518));
#3728=CARTESIAN_POINT('',(-0.0528264135026829,-0.0212811594051554,0.1518));
#3729=CARTESIAN_POINT('',(-1.4836429452561E-6,0.0116386017876382,0.134));
#3730=CARTESIAN_POINT('',(-0.0528264135026829,-0.0212811594051554,0.134));
#3731=CARTESIAN_POINT('',(-0.0511519929357976,-0.0212811594051554,0.134));
#3732=CARTESIAN_POINT('',(-0.0528264135026829,-0.0212811594051554,0.134));
#3733=CARTESIAN_POINT('',(-0.0528264135026829,-0.0212811594051554,0.1518));
#3734=CARTESIAN_POINT('',(-0.0528264135026829,-0.0212811594051554,0.1518));
#3735=CARTESIAN_POINT('',(-1.4836429452561E-6,0.0116386017876382,0.1518));
#3736=CARTESIAN_POINT('',(0.0528367300520936,-0.0212914759545661,0.1518));
#3737=CARTESIAN_POINT('',(0.0544965608148854,-0.0212914759545661,0.1518));
#3738=CARTESIAN_POINT('',(0.0528367300520936,-0.0212914759545661,0.1518));
#3739=CARTESIAN_POINT('',(-1.4836429452561E-6,0.0116386017876382,0.134));
#3740=CARTESIAN_POINT('',(0.0528367300520936,-0.0212914759545661,0.134));
#3741=CARTESIAN_POINT('',(0.0544965608148854,-0.0212914759545661,0.134));
#3742=CARTESIAN_POINT('',(0.0528367300520936,-0.0212914759545661,0.134));
#3743=CARTESIAN_POINT('',(0.0528367300520936,-0.0212914759545661,0.1518));
#3744=CARTESIAN_POINT('',(0.0528367300520936,-0.0212914759545661,0.1518));
#3745=CARTESIAN_POINT('',(-1.4836429452561E-6,0.0116386017876382,0.1518));
#3746=CARTESIAN_POINT('',(0.0530204581464245,0.044565712243952,0.1518));
#3747=CARTESIAN_POINT('',(0.0544204581464245,0.044565712243952,0.1518));
#3748=CARTESIAN_POINT('',(0.0530204581464245,0.044565712243952,0.1518));
#3749=CARTESIAN_POINT('',(-1.4836429452561E-6,0.0116386017876382,0.134));
#3750=CARTESIAN_POINT('',(0.0530204581464245,0.044565712243952,0.134));
#3751=CARTESIAN_POINT('',(0.0544204581464245,0.044565712243952,0.134));
#3752=CARTESIAN_POINT('',(0.0530204581464245,0.044565712243952,0.134));
#3753=CARTESIAN_POINT('',(0.0530204581464245,0.044565712243952,0.1518));
#3754=CARTESIAN_POINT('',(0.0530204581464245,0.044565712243952,0.1518));
#3755=MECHANICAL_DESIGN_GEOMETRIC_PRESENTATION_REPRESENTATION('',(#2254),
#3756);
#3756=(
GEOMETRIC_REPRESENTATION_CONTEXT(3)
GLOBAL_UNCERTAINTY_ASSIGNED_CONTEXT((#3757))
GLOBAL_UNIT_ASSIGNED_CONTEXT((#3760,#3759,#3758))
REPRESENTATION_CONTEXT('Part 1089','TOP_LEVEL_ASSEMBLY_PART')
);
#3757=UNCERTAINTY_MEASURE_WITH_UNIT(LENGTH_MEASURE(1.E-8),#3760,
'DISTANCE_ACCURACY_VALUE','Maximum Tolerance applied to model');
#3758=(
NAMED_UNIT(*)
SI_UNIT($,.STERADIAN.)
SOLID_ANGLE_UNIT()
);
#3759=(
NAMED_UNIT(*)
PLANE_ANGLE_UNIT()
SI_UNIT($,.RADIAN.)
);
#3760=(
LENGTH_UNIT()
NAMED_UNIT(*)
SI_UNIT($,.METRE.)
);
#3761=PRODUCT_DEFINITION_SHAPE('','',#3762);
#3762=PRODUCT_DEFINITION('','',#3764,#3763);
#3763=PRODUCT_DEFINITION_CONTEXT('',#3770,'design');
#3764=PRODUCT_DEFINITION_FORMATION_WITH_SPECIFIED_SOURCE('','',#3766,
 .NOT_KNOWN.);
#3765=PRODUCT_RELATED_PRODUCT_CATEGORY('','',(#3766));
#3766=PRODUCT('Part 1089','Part 1089','Part 1089',(#3768));
#3767=PRODUCT_CATEGORY('','');
#3768=PRODUCT_CONTEXT('',#3770,'mechanical');
#3769=APPLICATION_PROTOCOL_DEFINITION('international standard',
'ap242_managed_model_based_3d_engineering',2020,#3770);
#3770=APPLICATION_CONTEXT('managed model based 3d engineering');
ENDSEC;
END-ISO-10303-21;
