ISO-10303-21;
HEADER;
/* Generated by software containing ST-Developer
 * from STEP Tools, Inc. (www.steptools.com) 
 */
/* OPTION: using custom renumber hook */

FILE_DESCRIPTION(
/* description */ ('STEP AP242 Edition 2',
'CAx-IF Rec.Pracs.---Representation and Presentation of Product Manufa
cturing Information (PMI)---4.0---2014-10-13',
'CAx-IF Rec.Pracs.---3D Tessellated Geometry---0.4---2014-09-14','2;1',
'CAx-IF Rec.Pracs.---User Defined Attributes---1.5---2016-08-15'),
/* implementation_level */ '2;1');

FILE_NAME(
/* name */ 'Part Studio 1 - Part 1088',
/* time_stamp */ '2026-04-12T08:47:33Z',
/* author */ (''),
/* organization */ (''),
/* preprocessor_version */ 'ST-DEVELOPER v20',
/* originating_system */ 'ONSHAPE BY PTC INC, 1.213',
/* authorisation */ '  ');

FILE_SCHEMA (('AP242_MANAGED_MODEL_BASED_3D_ENGINEERING_MIM_LF { 1 0 10303 442 3 1 4 }'));
ENDSEC;

DATA;
#10=SHAPE_REPRESENTATION_RELATIONSHIP('','',#3436,#11);
#11=ADVANCED_BREP_SHAPE_REPRESENTATION('',(#3434),#5910);
#12=DEGENERATE_TOROIDAL_SURFACE('',#3625,0.005,0.01,.T.);
#13=DEGENERATE_TOROIDAL_SURFACE('',#3626,0.005,0.01,.T.);
#14=DEGENERATE_TOROIDAL_SURFACE('',#3627,0.005,0.01,.T.);
#15=DEGENERATE_TOROIDAL_SURFACE('',#3628,0.005,0.01,.T.);
#16=DEGENERATE_TOROIDAL_SURFACE('',#3648,0.007,0.008,.T.);
#17=DEGENERATE_TOROIDAL_SURFACE('',#3655,0.007,0.008,.T.);
#18=DEGENERATE_TOROIDAL_SURFACE('',#3657,0.007,0.008,.T.);
#19=DEGENERATE_TOROIDAL_SURFACE('',#3663,0.007,0.008,.T.);
#20=B_SPLINE_CURVE_WITH_KNOTS('',3,(#5322,#5323,#5324,#5325,#5326,#5327,
#5328,#5329,#5330,#5331,#5332,#5333,#5334),.UNSPECIFIED.,.T.,.F.,(1,1,1,
1,1,1,1,1,1,1,1,1,1,1,1,1,1),(-0.00235830511014236,-0.00176872883260677,
-0.00117915255507118,0.,0.00117915255507118,0.00235830511014236,0.00353745766521354,
0.00471661022028472,0.0058957627753559,0.00648533905289149,0.00707491533042708,
0.00766449160796267,0.00825406788549826,0.00943322044056944,0.0106123729956406,
0.0117915255507118,0.012970678105783),.UNSPECIFIED.);
#21=B_SPLINE_CURVE_WITH_KNOTS('',3,(#5337,#5338,#5339,#5340,#5341,#5342,
#5343,#5344,#5345),.UNSPECIFIED.,.F.,.F.,(4,1,1,1,1,1,4),(0.,0.00414657518367488,
0.00829315036734976,0.0103664379591872,0.0124397255510246,0.0145130131428621,
0.0165863007346995),.UNSPECIFIED.);
#22=B_SPLINE_CURVE_WITH_KNOTS('',3,(#5346,#5347,#5348,#5349,#5350,#5351,
#5352,#5353,#5354),.UNSPECIFIED.,.F.,.F.,(4,1,1,1,1,1,4),(0.,0.00207880619652761,
0.00415761239305523,0.00831522478611045,0.0124728371791657,0.0145516433756933,
0.0166304495722209),.UNSPECIFIED.);
#23=B_SPLINE_CURVE_WITH_KNOTS('',3,(#5361,#5362,#5363,#5364,#5365,#5366,
#5367,#5368,#5369,#5370,#5371,#5372,#5373),.UNSPECIFIED.,.T.,.F.,(1,1,1,
1,1,1,1,1,1,1,1,1,1,1,1,1,1),(-0.00354204326325455,-0.00236136217550303,
-0.00118068108775151,1.11076499342709E-17,0.00118068108775153,0.00177102163162729,
0.00236136217550305,0.00295170271937881,0.00354204326325458,0.0047227243510061,
0.00590340543875762,0.00708408652650914,0.00826476761426066,0.00944544870201218,
0.0106261297897637,0.0112164703336395,0.0118068108775152),.UNSPECIFIED.);
#24=B_SPLINE_CURVE_WITH_KNOTS('',3,(#5376,#5377,#5378,#5379,#5380,#5381,
#5382,#5383,#5384),.UNSPECIFIED.,.F.,.F.,(4,1,1,1,1,1,4),(0.,0.00414657518367489,
0.00829315036734979,0.0103664379591872,0.0124397255510247,0.0145130131428621,
0.0165863007346996),.UNSPECIFIED.);
#25=B_SPLINE_CURVE_WITH_KNOTS('',3,(#5385,#5386,#5387,#5388,#5389,#5390,
#5391,#5392,#5393),.UNSPECIFIED.,.F.,.F.,(4,1,1,1,1,1,4),(0.,0.00207880619652761,
0.00415761239305521,0.00831522478611042,0.0124728371791656,0.0145516433756932,
0.0166304495722208),.UNSPECIFIED.);
#26=B_SPLINE_CURVE_WITH_KNOTS('',3,(#5400,#5401,#5402,#5403,#5404,#5405,
#5406,#5407,#5408,#5409,#5410,#5411,#5412),.UNSPECIFIED.,.T.,.F.,(1,1,1,
1,1,1,1,1,1,1,1,1,1,1,1,1,1),(-0.00356060104161634,-0.00237373402774423,
-0.00118686701387211,0.,0.00118686701387211,0.00237373402774423,0.00296716753468028,
0.00356060104161634,0.00415403454855239,0.00474746805548845,0.00593433506936056,
0.00712120208323268,0.00830806909710479,0.0094949361109769,0.010681803124849,
0.0118686701387211,0.0124621036456572),.UNSPECIFIED.);
#27=B_SPLINE_CURVE_WITH_KNOTS('',3,(#5415,#5416,#5417,#5418,#5419,#5420,
#5421,#5422,#5423),.UNSPECIFIED.,.F.,.F.,(4,1,1,1,1,1,4),(0.,0.0041465751836749,
0.0082931503673498,0.0103664379591873,0.0124397255510247,0.0145130131428622,
0.0165863007346996),.UNSPECIFIED.);
#28=B_SPLINE_CURVE_WITH_KNOTS('',3,(#5424,#5425,#5426,#5427,#5428,#5429,
#5430,#5431,#5432),.UNSPECIFIED.,.F.,.F.,(4,1,1,1,1,1,4),(0.,0.00207880619652762,
0.00415761239305523,0.00831522478611046,0.0124728371791657,0.0145516433756933,
0.0166304495722209),.UNSPECIFIED.);
#29=B_SPLINE_CURVE_WITH_KNOTS('',3,(#5439,#5440,#5441,#5442,#5443,#5444,
#5445,#5446,#5447,#5448,#5449,#5450,#5451),.UNSPECIFIED.,.T.,.F.,(1,1,1,
1,1,1,1,1,1,1,1,1,1,1,1,1,1),(-0.00297400583384705,-0.00237920466707764,
-0.00118960233353882,0.,0.00118960233353882,0.00237920466707764,0.00356880700061646,
0.00475840933415528,0.00535321050092469,0.0059480116676941,0.00654281283446351,
0.00713761400123292,0.00832721633477174,0.00951681866831056,0.0107064210018494,
0.0118960233353882,0.013085625668927),.UNSPECIFIED.);
#30=B_SPLINE_CURVE_WITH_KNOTS('',3,(#5454,#5455,#5456,#5457,#5458,#5459,
#5460,#5461,#5462),.UNSPECIFIED.,.F.,.F.,(4,1,1,1,1,1,4),(0.,0.00414657518367489,
0.00829315036734979,0.0103664379591872,0.0124397255510247,0.0145130131428621,
0.0165863007346996),.UNSPECIFIED.);
#31=B_SPLINE_CURVE_WITH_KNOTS('',3,(#5463,#5464,#5465,#5466,#5467,#5468,
#5469,#5470,#5471),.UNSPECIFIED.,.F.,.F.,(4,1,1,1,1,1,4),(0.,0.00207880619652762,
0.00415761239305523,0.00831522478611046,0.0124728371791657,0.0145516433756933,
0.0166304495722209),.UNSPECIFIED.);
#32=CYLINDRICAL_SURFACE('',#3473,0.00125);
#33=CYLINDRICAL_SURFACE('',#3475,0.00125);
#34=CYLINDRICAL_SURFACE('',#3477,0.00125);
#35=CYLINDRICAL_SURFACE('',#3479,0.00125);
#36=CYLINDRICAL_SURFACE('',#3481,0.00125);
#37=CYLINDRICAL_SURFACE('',#3483,0.00125);
#38=CYLINDRICAL_SURFACE('',#3485,0.00125);
#39=CYLINDRICAL_SURFACE('',#3487,0.00125);
#40=CYLINDRICAL_SURFACE('',#3489,0.00125);
#41=CYLINDRICAL_SURFACE('',#3491,0.00125);
#42=CYLINDRICAL_SURFACE('',#3493,0.00125);
#43=CYLINDRICAL_SURFACE('',#3495,0.00125);
#44=CYLINDRICAL_SURFACE('',#3558,0.015);
#45=CYLINDRICAL_SURFACE('',#3563,0.015);
#46=CYLINDRICAL_SURFACE('',#3568,0.015);
#47=CYLINDRICAL_SURFACE('',#3573,0.015);
#48=CYLINDRICAL_SURFACE('',#3579,0.015);
#49=CYLINDRICAL_SURFACE('',#3583,0.015);
#50=CYLINDRICAL_SURFACE('',#3587,0.015);
#51=CYLINDRICAL_SURFACE('',#3593,0.015);
#52=CYLINDRICAL_SURFACE('',#3608,0.0014);
#53=CYLINDRICAL_SURFACE('',#3609,0.0065);
#54=CYLINDRICAL_SURFACE('',#3613,0.0014);
#55=CYLINDRICAL_SURFACE('',#3614,0.0065);
#56=CYLINDRICAL_SURFACE('',#3618,0.0014);
#57=CYLINDRICAL_SURFACE('',#3619,0.0065);
#58=CYLINDRICAL_SURFACE('',#3623,0.0014);
#59=CYLINDRICAL_SURFACE('',#3624,0.0065);
#60=CYLINDRICAL_SURFACE('',#3651,0.008);
#61=CYLINDRICAL_SURFACE('',#3653,0.008);
#62=CYLINDRICAL_SURFACE('',#3659,0.008);
#63=CYLINDRICAL_SURFACE('',#3661,0.008);
#64=CYLINDRICAL_SURFACE('',#3664,0.007);
#65=CYLINDRICAL_SURFACE('',#3667,0.007);
#66=CYLINDRICAL_SURFACE('',#3669,0.007);
#67=CYLINDRICAL_SURFACE('',#3673,0.007);
#68=CYLINDRICAL_SURFACE('',#3695,0.0014);
#69=CYLINDRICAL_SURFACE('',#3696,0.0014);
#70=CYLINDRICAL_SURFACE('',#3697,0.0014);
#71=CYLINDRICAL_SURFACE('',#3698,0.0014);
#72=CYLINDRICAL_SURFACE('',#3699,0.0014);
#73=CYLINDRICAL_SURFACE('',#3700,0.0014);
#74=CYLINDRICAL_SURFACE('',#3701,0.0014);
#75=CYLINDRICAL_SURFACE('',#3702,0.0014);
#76=CYLINDRICAL_SURFACE('',#3703,0.0014);
#77=CYLINDRICAL_SURFACE('',#3709,0.001);
#78=CYLINDRICAL_SURFACE('',#3711,0.001);
#79=CYLINDRICAL_SURFACE('',#3713,0.001);
#80=CYLINDRICAL_SURFACE('',#3715,0.001);
#81=CYLINDRICAL_SURFACE('',#3717,0.007);
#82=CYLINDRICAL_SURFACE('',#3722,0.007);
#83=CYLINDRICAL_SURFACE('',#3727,0.007);
#84=CYLINDRICAL_SURFACE('',#3731,0.007);
#85=CYLINDRICAL_SURFACE('',#3744,0.0014);
#86=CYLINDRICAL_SURFACE('',#3745,0.0014);
#87=CYLINDRICAL_SURFACE('',#3746,0.0014);
#88=CYLINDRICAL_SURFACE('',#3747,0.0014);
#89=CYLINDRICAL_SURFACE('',#3748,0.00125);
#90=CYLINDRICAL_SURFACE('',#3749,0.00125);
#91=CYLINDRICAL_SURFACE('',#3750,0.00125);
#92=CYLINDRICAL_SURFACE('',#3751,0.00125);
#93=CYLINDRICAL_SURFACE('',#3752,0.0259565669199304);
#94=CYLINDRICAL_SURFACE('',#3753,0.0259565669199304);
#95=CYLINDRICAL_SURFACE('',#3754,0.0259565669199304);
#96=CYLINDRICAL_SURFACE('',#3755,0.0259565669199304);
#97=CYLINDRICAL_SURFACE('',#3756,0.025);
#98=CYLINDRICAL_SURFACE('',#3807,0.00125);
#99=CYLINDRICAL_SURFACE('',#3808,0.00125);
#100=CYLINDRICAL_SURFACE('',#3809,0.00125);
#101=CYLINDRICAL_SURFACE('',#3810,0.00125);
#102=CYLINDRICAL_SURFACE('',#3811,0.00125);
#103=CYLINDRICAL_SURFACE('',#3812,0.00125);
#104=CYLINDRICAL_SURFACE('',#3813,0.00125);
#105=CYLINDRICAL_SURFACE('',#3814,0.00125);
#106=CYLINDRICAL_SURFACE('',#3815,0.00125);
#107=CYLINDRICAL_SURFACE('',#3816,0.00125);
#108=CYLINDRICAL_SURFACE('',#3817,0.00125);
#109=CYLINDRICAL_SURFACE('',#3818,0.00125);
#110=CYLINDRICAL_SURFACE('',#3819,0.00125);
#111=CYLINDRICAL_SURFACE('',#3820,0.00125);
#112=CYLINDRICAL_SURFACE('',#3821,0.00125);
#113=CYLINDRICAL_SURFACE('',#3822,0.00125);
#114=CYLINDRICAL_SURFACE('',#3823,0.00125);
#115=CYLINDRICAL_SURFACE('',#3824,0.00125);
#116=CYLINDRICAL_SURFACE('',#3825,0.00125);
#117=CYLINDRICAL_SURFACE('',#3826,0.00125);
#118=CYLINDRICAL_SURFACE('',#3827,0.00125);
#119=CYLINDRICAL_SURFACE('',#3828,0.00125);
#120=CYLINDRICAL_SURFACE('',#3829,0.00125);
#121=CYLINDRICAL_SURFACE('',#3830,0.00125);
#122=CYLINDRICAL_SURFACE('',#3831,0.00125);
#123=CYLINDRICAL_SURFACE('',#3832,0.00125);
#124=CYLINDRICAL_SURFACE('',#3833,0.00125);
#125=CYLINDRICAL_SURFACE('',#3834,0.00125);
#126=CYLINDRICAL_SURFACE('',#3835,0.00125);
#127=CYLINDRICAL_SURFACE('',#3836,0.00125);
#128=CYLINDRICAL_SURFACE('',#3837,0.00125);
#129=CYLINDRICAL_SURFACE('',#3838,0.00125);
#130=CYLINDRICAL_SURFACE('',#3839,0.00125);
#131=CYLINDRICAL_SURFACE('',#3840,0.00125);
#132=CYLINDRICAL_SURFACE('',#3841,0.00125);
#133=CYLINDRICAL_SURFACE('',#3842,0.00125);
#134=CYLINDRICAL_SURFACE('',#3843,0.0013510024579997);
#135=CYLINDRICAL_SURFACE('',#3844,0.00125);
#136=CYLINDRICAL_SURFACE('',#3845,0.00125);
#137=CYLINDRICAL_SURFACE('',#3846,0.00125);
#138=CYLINDRICAL_SURFACE('',#3847,0.00125);
#139=CYLINDRICAL_SURFACE('',#3848,0.00125);
#140=CYLINDRICAL_SURFACE('',#3849,0.00125);
#141=CYLINDRICAL_SURFACE('',#3850,0.00125);
#142=CYLINDRICAL_SURFACE('',#3851,0.00125);
#143=CYLINDRICAL_SURFACE('',#3852,0.00125);
#144=CYLINDRICAL_SURFACE('',#3853,0.00125);
#145=CYLINDRICAL_SURFACE('',#3854,0.00125);
#146=CIRCLE('',#3439,0.001);
#147=CIRCLE('',#3440,0.001);
#148=CIRCLE('',#3441,0.001);
#149=CIRCLE('',#3442,0.001);
#150=CIRCLE('',#3443,0.00125);
#151=CIRCLE('',#3444,0.00125);
#152=CIRCLE('',#3445,0.00125);
#153=CIRCLE('',#3446,0.00125);
#154=CIRCLE('',#3447,0.00125);
#155=CIRCLE('',#3448,0.00125);
#156=CIRCLE('',#3449,0.00125);
#157=CIRCLE('',#3450,0.00125);
#158=CIRCLE('',#3451,0.00125);
#159=CIRCLE('',#3452,0.00125);
#160=CIRCLE('',#3453,0.00125);
#161=CIRCLE('',#3454,0.00125);
#162=CIRCLE('',#3455,0.00125);
#163=CIRCLE('',#3456,0.00125);
#164=CIRCLE('',#3457,0.00125);
#165=CIRCLE('',#3458,0.00125);
#166=CIRCLE('',#3459,0.0259565669199304);
#167=CIRCLE('',#3460,0.007);
#168=CIRCLE('',#3461,0.0259565669199304);
#169=CIRCLE('',#3462,0.007);
#170=CIRCLE('',#3463,0.0259565669199304);
#171=CIRCLE('',#3464,0.007);
#172=CIRCLE('',#3465,0.0259565669199304);
#173=CIRCLE('',#3466,0.007);
#174=CIRCLE('',#3474,0.00125);
#175=CIRCLE('',#3476,0.00125);
#176=CIRCLE('',#3478,0.00125);
#177=CIRCLE('',#3480,0.00125);
#178=CIRCLE('',#3482,0.00125);
#179=CIRCLE('',#3484,0.00125);
#180=CIRCLE('',#3486,0.00125);
#181=CIRCLE('',#3488,0.00125);
#182=CIRCLE('',#3490,0.00125);
#183=CIRCLE('',#3492,0.00125);
#184=CIRCLE('',#3494,0.00125);
#185=CIRCLE('',#3496,0.00125);
#186=CIRCLE('',#3498,0.00125);
#187=CIRCLE('',#3499,0.00125);
#188=CIRCLE('',#3500,0.00125);
#189=CIRCLE('',#3501,0.00125);
#190=CIRCLE('',#3502,0.00125);
#191=CIRCLE('',#3503,0.00125);
#192=CIRCLE('',#3504,0.00125);
#193=CIRCLE('',#3505,0.00125);
#194=CIRCLE('',#3506,0.00125);
#195=CIRCLE('',#3507,0.00125);
#196=CIRCLE('',#3508,0.00125);
#197=CIRCLE('',#3509,0.0013510024579997);
#198=CIRCLE('',#3510,0.00125);
#199=CIRCLE('',#3511,0.00125);
#200=CIRCLE('',#3512,0.00125);
#201=CIRCLE('',#3513,0.00125);
#202=CIRCLE('',#3514,0.00125);
#203=CIRCLE('',#3515,0.00125);
#204=CIRCLE('',#3516,0.00125);
#205=CIRCLE('',#3517,0.00125);
#206=CIRCLE('',#3518,0.00125);
#207=CIRCLE('',#3519,0.00125);
#208=CIRCLE('',#3520,0.00125);
#209=CIRCLE('',#3521,0.00125);
#210=CIRCLE('',#3522,0.00125);
#211=CIRCLE('',#3523,0.00125);
#212=CIRCLE('',#3524,0.00125);
#213=CIRCLE('',#3525,0.00125);
#214=CIRCLE('',#3526,0.00125);
#215=CIRCLE('',#3527,0.00125);
#216=CIRCLE('',#3528,0.00125);
#217=CIRCLE('',#3529,0.00125);
#218=CIRCLE('',#3530,0.00125);
#219=CIRCLE('',#3531,0.00125);
#220=CIRCLE('',#3532,0.00125);
#221=CIRCLE('',#3533,0.00125);
#222=CIRCLE('',#3534,0.00125);
#223=CIRCLE('',#3535,0.00125);
#224=CIRCLE('',#3536,0.00125);
#225=CIRCLE('',#3537,0.00125);
#226=CIRCLE('',#3538,0.00125);
#227=CIRCLE('',#3539,0.00125);
#228=CIRCLE('',#3540,0.00125);
#229=CIRCLE('',#3541,0.00125);
#230=CIRCLE('',#3542,0.00125);
#231=CIRCLE('',#3543,0.00125);
#232=CIRCLE('',#3544,0.00125);
#233=CIRCLE('',#3545,0.00125);
#234=CIRCLE('',#3546,0.00125);
#235=CIRCLE('',#3547,0.00125);
#236=CIRCLE('',#3548,0.00125);
#237=CIRCLE('',#3549,0.00125);
#238=CIRCLE('',#3550,0.0014);
#239=CIRCLE('',#3551,0.0014);
#240=CIRCLE('',#3552,0.0014);
#241=CIRCLE('',#3553,0.0014);
#242=CIRCLE('',#3554,0.001);
#243=CIRCLE('',#3555,0.001);
#244=CIRCLE('',#3556,0.001);
#245=CIRCLE('',#3557,0.001);
#246=CIRCLE('',#3559,0.015);
#247=CIRCLE('',#3560,0.015);
#248=CIRCLE('',#3561,0.015);
#249=CIRCLE('',#3562,0.015);
#250=CIRCLE('',#3564,0.015);
#251=CIRCLE('',#3565,0.015);
#252=CIRCLE('',#3566,0.015);
#253=CIRCLE('',#3567,0.015);
#254=CIRCLE('',#3569,0.015);
#255=CIRCLE('',#3570,0.015);
#256=CIRCLE('',#3571,0.015);
#257=CIRCLE('',#3572,0.015);
#258=CIRCLE('',#3574,0.015);
#259=CIRCLE('',#3575,0.015);
#260=CIRCLE('',#3576,0.015);
#261=CIRCLE('',#3577,0.015);
#262=CIRCLE('',#3580,0.015);
#263=CIRCLE('',#3581,0.015);
#264=CIRCLE('',#3584,0.015);
#265=CIRCLE('',#3585,0.015);
#266=CIRCLE('',#3588,0.015);
#267=CIRCLE('',#3589,0.015);
#268=CIRCLE('',#3594,0.015);
#269=CIRCLE('',#3595,0.015);
#270=CIRCLE('',#3597,0.0065);
#271=CIRCLE('',#3598,0.0065);
#272=CIRCLE('',#3599,0.0065);
#273=CIRCLE('',#3600,0.0065);
#274=CIRCLE('',#3601,0.0014);
#275=CIRCLE('',#3602,0.0014);
#276=CIRCLE('',#3603,0.0014);
#277=CIRCLE('',#3604,0.0014);
#278=CIRCLE('',#3606,0.0065);
#279=CIRCLE('',#3607,0.005);
#280=CIRCLE('',#3611,0.0065);
#281=CIRCLE('',#3612,0.005);
#282=CIRCLE('',#3616,0.0065);
#283=CIRCLE('',#3617,0.005);
#284=CIRCLE('',#3621,0.0065);
#285=CIRCLE('',#3622,0.005);
#286=CIRCLE('',#3630,0.007);
#287=CIRCLE('',#3631,0.007);
#288=CIRCLE('',#3632,0.007);
#289=CIRCLE('',#3633,0.007);
#290=CIRCLE('',#3635,0.0014);
#291=CIRCLE('',#3636,0.0014);
#292=CIRCLE('',#3637,0.0014);
#293=CIRCLE('',#3638,0.0014);
#294=CIRCLE('',#3639,0.0014);
#295=CIRCLE('',#3640,0.0014);
#296=CIRCLE('',#3641,0.0014);
#297=CIRCLE('',#3642,0.0014);
#298=CIRCLE('',#3643,0.0014);
#299=CIRCLE('',#3644,0.007);
#300=CIRCLE('',#3645,0.007);
#301=CIRCLE('',#3646,0.007);
#302=CIRCLE('',#3647,0.007);
#303=CIRCLE('',#3649,0.008);
#304=CIRCLE('',#3650,0.008);
#305=CIRCLE('',#3652,0.008);
#306=CIRCLE('',#3654,0.008);
#307=CIRCLE('',#3656,0.008);
#308=CIRCLE('',#3658,0.008);
#309=CIRCLE('',#3660,0.008);
#310=CIRCLE('',#3662,0.008);
#311=CIRCLE('',#3665,0.007);
#312=CIRCLE('',#3668,0.007);
#313=CIRCLE('',#3670,0.007);
#314=CIRCLE('',#3674,0.007);
#315=CIRCLE('',#3677,0.0014);
#316=CIRCLE('',#3678,0.0014);
#317=CIRCLE('',#3679,0.0014);
#318=CIRCLE('',#3680,0.0014);
#319=CIRCLE('',#3681,0.0014);
#320=CIRCLE('',#3682,0.0014);
#321=CIRCLE('',#3683,0.0014);
#322=CIRCLE('',#3684,0.0014);
#323=CIRCLE('',#3685,0.0014);
#324=CIRCLE('',#3718,0.007);
#325=CIRCLE('',#3723,0.007);
#326=CIRCLE('',#3728,0.007);
#327=CIRCLE('',#3732,0.007);
#328=CIRCLE('',#3735,0.0259565669199304);
#329=CIRCLE('',#3736,0.0259565669199304);
#330=CIRCLE('',#3737,0.0259565669199304);
#331=CIRCLE('',#3738,0.0259565669199304);
#332=CIRCLE('',#3739,0.0014);
#333=CIRCLE('',#3740,0.025);
#334=CIRCLE('',#3741,0.0014);
#335=CIRCLE('',#3742,0.0014);
#336=CIRCLE('',#3743,0.0014);
#337=CIRCLE('',#3757,0.025);
#338=CIRCLE('',#3759,0.00125);
#339=CIRCLE('',#3760,0.00125);
#340=CIRCLE('',#3761,0.00125);
#341=CIRCLE('',#3762,0.00125);
#342=CIRCLE('',#3763,0.00125);
#343=CIRCLE('',#3764,0.00125);
#344=CIRCLE('',#3765,0.00125);
#345=CIRCLE('',#3766,0.00125);
#346=CIRCLE('',#3767,0.00125);
#347=CIRCLE('',#3768,0.00125);
#348=CIRCLE('',#3769,0.00125);
#349=CIRCLE('',#3770,0.0013510024579997);
#350=CIRCLE('',#3771,0.00125);
#351=CIRCLE('',#3772,0.00125);
#352=CIRCLE('',#3773,0.00125);
#353=CIRCLE('',#3774,0.00125);
#354=CIRCLE('',#3775,0.00125);
#355=CIRCLE('',#3776,0.00125);
#356=CIRCLE('',#3777,0.00125);
#357=CIRCLE('',#3778,0.00125);
#358=CIRCLE('',#3779,0.00125);
#359=CIRCLE('',#3780,0.00125);
#360=CIRCLE('',#3781,0.00125);
#361=CIRCLE('',#3782,0.00125);
#362=CIRCLE('',#3783,0.00125);
#363=CIRCLE('',#3784,0.00125);
#364=CIRCLE('',#3785,0.00125);
#365=CIRCLE('',#3786,0.00125);
#366=CIRCLE('',#3787,0.00125);
#367=CIRCLE('',#3788,0.00125);
#368=CIRCLE('',#3789,0.00125);
#369=CIRCLE('',#3790,0.00125);
#370=CIRCLE('',#3791,0.00125);
#371=CIRCLE('',#3792,0.00125);
#372=CIRCLE('',#3793,0.00125);
#373=CIRCLE('',#3794,0.00125);
#374=CIRCLE('',#3795,0.00125);
#375=CIRCLE('',#3796,0.00125);
#376=CIRCLE('',#3797,0.00125);
#377=CIRCLE('',#3798,0.00125);
#378=CIRCLE('',#3799,0.00125);
#379=CIRCLE('',#3800,0.00125);
#380=CIRCLE('',#3801,0.00125);
#381=CIRCLE('',#3802,0.00125);
#382=CIRCLE('',#3803,0.00125);
#383=CIRCLE('',#3804,0.00125);
#384=CIRCLE('',#3805,0.00125);
#385=CIRCLE('',#3806,0.00125);
#386=ORIENTED_EDGE('',*,*,#1232,.F.);
#387=ORIENTED_EDGE('',*,*,#1233,.T.);
#388=ORIENTED_EDGE('',*,*,#1234,.T.);
#389=ORIENTED_EDGE('',*,*,#1235,.F.);
#390=ORIENTED_EDGE('',*,*,#1236,.F.);
#391=ORIENTED_EDGE('',*,*,#1237,.F.);
#392=ORIENTED_EDGE('',*,*,#1238,.T.);
#393=ORIENTED_EDGE('',*,*,#1239,.T.);
#394=ORIENTED_EDGE('',*,*,#1240,.F.);
#395=ORIENTED_EDGE('',*,*,#1241,.F.);
#396=ORIENTED_EDGE('',*,*,#1242,.F.);
#397=ORIENTED_EDGE('',*,*,#1243,.F.);
#398=ORIENTED_EDGE('',*,*,#1244,.F.);
#399=ORIENTED_EDGE('',*,*,#1245,.T.);
#400=ORIENTED_EDGE('',*,*,#1246,.F.);
#401=ORIENTED_EDGE('',*,*,#1247,.T.);
#402=ORIENTED_EDGE('',*,*,#1248,.F.);
#403=ORIENTED_EDGE('',*,*,#1249,.F.);
#404=ORIENTED_EDGE('',*,*,#1250,.F.);
#405=ORIENTED_EDGE('',*,*,#1251,.F.);
#406=ORIENTED_EDGE('',*,*,#1252,.F.);
#407=ORIENTED_EDGE('',*,*,#1253,.F.);
#408=ORIENTED_EDGE('',*,*,#1254,.F.);
#409=ORIENTED_EDGE('',*,*,#1255,.F.);
#410=ORIENTED_EDGE('',*,*,#1256,.F.);
#411=ORIENTED_EDGE('',*,*,#1257,.F.);
#412=ORIENTED_EDGE('',*,*,#1258,.F.);
#413=ORIENTED_EDGE('',*,*,#1259,.F.);
#414=ORIENTED_EDGE('',*,*,#1260,.F.);
#415=ORIENTED_EDGE('',*,*,#1261,.F.);
#416=ORIENTED_EDGE('',*,*,#1262,.F.);
#417=ORIENTED_EDGE('',*,*,#1263,.F.);
#418=ORIENTED_EDGE('',*,*,#1264,.F.);
#419=ORIENTED_EDGE('',*,*,#1265,.F.);
#420=ORIENTED_EDGE('',*,*,#1266,.F.);
#421=ORIENTED_EDGE('',*,*,#1267,.F.);
#422=ORIENTED_EDGE('',*,*,#1268,.T.);
#423=ORIENTED_EDGE('',*,*,#1269,.T.);
#424=ORIENTED_EDGE('',*,*,#1270,.F.);
#425=ORIENTED_EDGE('',*,*,#1271,.F.);
#426=ORIENTED_EDGE('',*,*,#1272,.F.);
#427=ORIENTED_EDGE('',*,*,#1273,.F.);
#428=ORIENTED_EDGE('',*,*,#1274,.T.);
#429=ORIENTED_EDGE('',*,*,#1275,.F.);
#430=ORIENTED_EDGE('',*,*,#1276,.F.);
#431=ORIENTED_EDGE('',*,*,#1277,.T.);
#432=ORIENTED_EDGE('',*,*,#1278,.F.);
#433=ORIENTED_EDGE('',*,*,#1279,.F.);
#434=ORIENTED_EDGE('',*,*,#1280,.T.);
#435=ORIENTED_EDGE('',*,*,#1281,.T.);
#436=ORIENTED_EDGE('',*,*,#1282,.F.);
#437=ORIENTED_EDGE('',*,*,#1283,.F.);
#438=ORIENTED_EDGE('',*,*,#1284,.F.);
#439=ORIENTED_EDGE('',*,*,#1285,.F.);
#440=ORIENTED_EDGE('',*,*,#1286,.T.);
#441=ORIENTED_EDGE('',*,*,#1287,.T.);
#442=ORIENTED_EDGE('',*,*,#1288,.F.);
#443=ORIENTED_EDGE('',*,*,#1289,.F.);
#444=ORIENTED_EDGE('',*,*,#1290,.T.);
#445=ORIENTED_EDGE('',*,*,#1271,.T.);
#446=ORIENTED_EDGE('',*,*,#1291,.T.);
#447=ORIENTED_EDGE('',*,*,#1292,.T.);
#448=ORIENTED_EDGE('',*,*,#1281,.F.);
#449=ORIENTED_EDGE('',*,*,#1293,.F.);
#450=ORIENTED_EDGE('',*,*,#1294,.F.);
#451=ORIENTED_EDGE('',*,*,#1295,.F.);
#452=ORIENTED_EDGE('',*,*,#1296,.T.);
#453=ORIENTED_EDGE('',*,*,#1283,.T.);
#454=ORIENTED_EDGE('',*,*,#1297,.T.);
#455=ORIENTED_EDGE('',*,*,#1298,.T.);
#456=ORIENTED_EDGE('',*,*,#1287,.F.);
#457=ORIENTED_EDGE('',*,*,#1299,.F.);
#458=ORIENTED_EDGE('',*,*,#1300,.F.);
#459=ORIENTED_EDGE('',*,*,#1301,.F.);
#460=ORIENTED_EDGE('',*,*,#1302,.T.);
#461=ORIENTED_EDGE('',*,*,#1265,.T.);
#462=ORIENTED_EDGE('',*,*,#1303,.T.);
#463=ORIENTED_EDGE('',*,*,#1304,.T.);
#464=ORIENTED_EDGE('',*,*,#1269,.F.);
#465=ORIENTED_EDGE('',*,*,#1305,.F.);
#466=ORIENTED_EDGE('',*,*,#1263,.T.);
#467=ORIENTED_EDGE('',*,*,#1306,.F.);
#468=ORIENTED_EDGE('',*,*,#1262,.T.);
#469=ORIENTED_EDGE('',*,*,#1307,.F.);
#470=ORIENTED_EDGE('',*,*,#1261,.T.);
#471=ORIENTED_EDGE('',*,*,#1308,.F.);
#472=ORIENTED_EDGE('',*,*,#1260,.T.);
#473=ORIENTED_EDGE('',*,*,#1309,.F.);
#474=ORIENTED_EDGE('',*,*,#1259,.T.);
#475=ORIENTED_EDGE('',*,*,#1310,.F.);
#476=ORIENTED_EDGE('',*,*,#1258,.T.);
#477=ORIENTED_EDGE('',*,*,#1311,.F.);
#478=ORIENTED_EDGE('',*,*,#1257,.T.);
#479=ORIENTED_EDGE('',*,*,#1312,.F.);
#480=ORIENTED_EDGE('',*,*,#1256,.T.);
#481=ORIENTED_EDGE('',*,*,#1313,.F.);
#482=ORIENTED_EDGE('',*,*,#1255,.T.);
#483=ORIENTED_EDGE('',*,*,#1314,.F.);
#484=ORIENTED_EDGE('',*,*,#1254,.T.);
#485=ORIENTED_EDGE('',*,*,#1315,.F.);
#486=ORIENTED_EDGE('',*,*,#1253,.T.);
#487=ORIENTED_EDGE('',*,*,#1316,.F.);
#488=ORIENTED_EDGE('',*,*,#1252,.T.);
#489=ORIENTED_EDGE('',*,*,#1317,.F.);
#490=ORIENTED_EDGE('',*,*,#1318,.F.);
#491=ORIENTED_EDGE('',*,*,#1319,.F.);
#492=ORIENTED_EDGE('',*,*,#1320,.F.);
#493=ORIENTED_EDGE('',*,*,#1321,.F.);
#494=ORIENTED_EDGE('',*,*,#1322,.F.);
#495=ORIENTED_EDGE('',*,*,#1323,.F.);
#496=ORIENTED_EDGE('',*,*,#1324,.F.);
#497=ORIENTED_EDGE('',*,*,#1325,.F.);
#498=ORIENTED_EDGE('',*,*,#1326,.F.);
#499=ORIENTED_EDGE('',*,*,#1327,.F.);
#500=ORIENTED_EDGE('',*,*,#1328,.F.);
#501=ORIENTED_EDGE('',*,*,#1329,.F.);
#502=ORIENTED_EDGE('',*,*,#1330,.F.);
#503=ORIENTED_EDGE('',*,*,#1331,.F.);
#504=ORIENTED_EDGE('',*,*,#1332,.F.);
#505=ORIENTED_EDGE('',*,*,#1333,.F.);
#506=ORIENTED_EDGE('',*,*,#1334,.F.);
#507=ORIENTED_EDGE('',*,*,#1335,.F.);
#508=ORIENTED_EDGE('',*,*,#1336,.F.);
#509=ORIENTED_EDGE('',*,*,#1337,.F.);
#510=ORIENTED_EDGE('',*,*,#1338,.F.);
#511=ORIENTED_EDGE('',*,*,#1339,.F.);
#512=ORIENTED_EDGE('',*,*,#1340,.F.);
#513=ORIENTED_EDGE('',*,*,#1341,.F.);
#514=ORIENTED_EDGE('',*,*,#1342,.F.);
#515=ORIENTED_EDGE('',*,*,#1343,.F.);
#516=ORIENTED_EDGE('',*,*,#1344,.F.);
#517=ORIENTED_EDGE('',*,*,#1345,.F.);
#518=ORIENTED_EDGE('',*,*,#1346,.F.);
#519=ORIENTED_EDGE('',*,*,#1347,.F.);
#520=ORIENTED_EDGE('',*,*,#1348,.F.);
#521=ORIENTED_EDGE('',*,*,#1349,.F.);
#522=ORIENTED_EDGE('',*,*,#1350,.F.);
#523=ORIENTED_EDGE('',*,*,#1351,.F.);
#524=ORIENTED_EDGE('',*,*,#1352,.F.);
#525=ORIENTED_EDGE('',*,*,#1353,.F.);
#526=ORIENTED_EDGE('',*,*,#1354,.F.);
#527=ORIENTED_EDGE('',*,*,#1355,.F.);
#528=ORIENTED_EDGE('',*,*,#1356,.F.);
#529=ORIENTED_EDGE('',*,*,#1357,.F.);
#530=ORIENTED_EDGE('',*,*,#1358,.F.);
#531=ORIENTED_EDGE('',*,*,#1359,.F.);
#532=ORIENTED_EDGE('',*,*,#1360,.F.);
#533=ORIENTED_EDGE('',*,*,#1361,.F.);
#534=ORIENTED_EDGE('',*,*,#1362,.F.);
#535=ORIENTED_EDGE('',*,*,#1363,.F.);
#536=ORIENTED_EDGE('',*,*,#1364,.F.);
#537=ORIENTED_EDGE('',*,*,#1365,.F.);
#538=ORIENTED_EDGE('',*,*,#1306,.T.);
#539=ORIENTED_EDGE('',*,*,#1307,.T.);
#540=ORIENTED_EDGE('',*,*,#1308,.T.);
#541=ORIENTED_EDGE('',*,*,#1309,.T.);
#542=ORIENTED_EDGE('',*,*,#1310,.T.);
#543=ORIENTED_EDGE('',*,*,#1311,.T.);
#544=ORIENTED_EDGE('',*,*,#1312,.T.);
#545=ORIENTED_EDGE('',*,*,#1313,.T.);
#546=ORIENTED_EDGE('',*,*,#1314,.T.);
#547=ORIENTED_EDGE('',*,*,#1315,.T.);
#548=ORIENTED_EDGE('',*,*,#1316,.T.);
#549=ORIENTED_EDGE('',*,*,#1317,.T.);
#550=ORIENTED_EDGE('',*,*,#1366,.T.);
#551=ORIENTED_EDGE('',*,*,#1367,.T.);
#552=ORIENTED_EDGE('',*,*,#1368,.T.);
#553=ORIENTED_EDGE('',*,*,#1369,.T.);
#554=ORIENTED_EDGE('',*,*,#1370,.T.);
#555=ORIENTED_EDGE('',*,*,#1371,.T.);
#556=ORIENTED_EDGE('',*,*,#1372,.T.);
#557=ORIENTED_EDGE('',*,*,#1373,.T.);
#558=ORIENTED_EDGE('',*,*,#1374,.T.);
#559=ORIENTED_EDGE('',*,*,#1375,.T.);
#560=ORIENTED_EDGE('',*,*,#1376,.T.);
#561=ORIENTED_EDGE('',*,*,#1377,.F.);
#562=ORIENTED_EDGE('',*,*,#1378,.T.);
#563=ORIENTED_EDGE('',*,*,#1379,.F.);
#564=ORIENTED_EDGE('',*,*,#1380,.T.);
#565=ORIENTED_EDGE('',*,*,#1381,.T.);
#566=ORIENTED_EDGE('',*,*,#1382,.F.);
#567=ORIENTED_EDGE('',*,*,#1383,.T.);
#568=ORIENTED_EDGE('',*,*,#1384,.T.);
#569=ORIENTED_EDGE('',*,*,#1385,.T.);
#570=ORIENTED_EDGE('',*,*,#1386,.F.);
#571=ORIENTED_EDGE('',*,*,#1387,.T.);
#572=ORIENTED_EDGE('',*,*,#1388,.T.);
#573=ORIENTED_EDGE('',*,*,#1389,.F.);
#574=ORIENTED_EDGE('',*,*,#1390,.T.);
#575=ORIENTED_EDGE('',*,*,#1391,.T.);
#576=ORIENTED_EDGE('',*,*,#1392,.T.);
#577=ORIENTED_EDGE('',*,*,#1393,.F.);
#578=ORIENTED_EDGE('',*,*,#1394,.F.);
#579=ORIENTED_EDGE('',*,*,#1395,.T.);
#580=ORIENTED_EDGE('',*,*,#1396,.T.);
#581=ORIENTED_EDGE('',*,*,#1397,.F.);
#582=ORIENTED_EDGE('',*,*,#1398,.T.);
#583=ORIENTED_EDGE('',*,*,#1399,.T.);
#584=ORIENTED_EDGE('',*,*,#1400,.T.);
#585=ORIENTED_EDGE('',*,*,#1401,.F.);
#586=ORIENTED_EDGE('',*,*,#1239,.F.);
#587=ORIENTED_EDGE('',*,*,#1402,.T.);
#588=ORIENTED_EDGE('',*,*,#1403,.T.);
#589=ORIENTED_EDGE('',*,*,#1404,.F.);
#590=ORIENTED_EDGE('',*,*,#1405,.T.);
#591=ORIENTED_EDGE('',*,*,#1406,.T.);
#592=ORIENTED_EDGE('',*,*,#1407,.T.);
#593=ORIENTED_EDGE('',*,*,#1408,.F.);
#594=ORIENTED_EDGE('',*,*,#1409,.F.);
#595=ORIENTED_EDGE('',*,*,#1410,.T.);
#596=ORIENTED_EDGE('',*,*,#1237,.T.);
#597=ORIENTED_EDGE('',*,*,#1411,.F.);
#598=ORIENTED_EDGE('',*,*,#1412,.T.);
#599=ORIENTED_EDGE('',*,*,#1413,.T.);
#600=ORIENTED_EDGE('',*,*,#1414,.T.);
#601=ORIENTED_EDGE('',*,*,#1415,.F.);
#602=ORIENTED_EDGE('',*,*,#1416,.F.);
#603=ORIENTED_EDGE('',*,*,#1417,.T.);
#604=ORIENTED_EDGE('',*,*,#1418,.T.);
#605=ORIENTED_EDGE('',*,*,#1419,.F.);
#606=ORIENTED_EDGE('',*,*,#1420,.F.);
#607=ORIENTED_EDGE('',*,*,#1421,.T.);
#608=ORIENTED_EDGE('',*,*,#1422,.T.);
#609=ORIENTED_EDGE('',*,*,#1423,.F.);
#610=ORIENTED_EDGE('',*,*,#1424,.F.);
#611=ORIENTED_EDGE('',*,*,#1425,.T.);
#612=ORIENTED_EDGE('',*,*,#1420,.T.);
#613=ORIENTED_EDGE('',*,*,#1426,.T.);
#614=ORIENTED_EDGE('',*,*,#1427,.F.);
#615=ORIENTED_EDGE('',*,*,#1428,.T.);
#616=ORIENTED_EDGE('',*,*,#1424,.T.);
#617=ORIENTED_EDGE('',*,*,#1429,.F.);
#618=ORIENTED_EDGE('',*,*,#1430,.F.);
#619=ORIENTED_EDGE('',*,*,#1431,.T.);
#620=ORIENTED_EDGE('',*,*,#1427,.T.);
#621=ORIENTED_EDGE('',*,*,#1432,.T.);
#622=ORIENTED_EDGE('',*,*,#1433,.F.);
#623=ORIENTED_EDGE('',*,*,#1434,.T.);
#624=ORIENTED_EDGE('',*,*,#1430,.T.);
#625=ORIENTED_EDGE('',*,*,#1435,.T.);
#626=ORIENTED_EDGE('',*,*,#1384,.F.);
#627=ORIENTED_EDGE('',*,*,#1436,.T.);
#628=ORIENTED_EDGE('',*,*,#1433,.T.);
#629=ORIENTED_EDGE('',*,*,#1437,.T.);
#630=ORIENTED_EDGE('',*,*,#1438,.T.);
#631=ORIENTED_EDGE('',*,*,#1403,.F.);
#632=ORIENTED_EDGE('',*,*,#1439,.F.);
#633=ORIENTED_EDGE('',*,*,#1394,.T.);
#634=ORIENTED_EDGE('',*,*,#1440,.F.);
#635=ORIENTED_EDGE('',*,*,#1418,.F.);
#636=ORIENTED_EDGE('',*,*,#1441,.T.);
#637=ORIENTED_EDGE('',*,*,#1409,.T.);
#638=ORIENTED_EDGE('',*,*,#1442,.T.);
#639=ORIENTED_EDGE('',*,*,#1396,.F.);
#640=ORIENTED_EDGE('',*,*,#1443,.F.);
#641=ORIENTED_EDGE('',*,*,#1416,.T.);
#642=ORIENTED_EDGE('',*,*,#1422,.F.);
#643=ORIENTED_EDGE('',*,*,#1444,.T.);
#644=ORIENTED_EDGE('',*,*,#1382,.T.);
#645=ORIENTED_EDGE('',*,*,#1445,.T.);
#646=ORIENTED_EDGE('',*,*,#1393,.T.);
#647=ORIENTED_EDGE('',*,*,#1446,.F.);
#648=ORIENTED_EDGE('',*,*,#1397,.T.);
#649=ORIENTED_EDGE('',*,*,#1442,.F.);
#650=ORIENTED_EDGE('',*,*,#1415,.T.);
#651=ORIENTED_EDGE('',*,*,#1447,.F.);
#652=ORIENTED_EDGE('',*,*,#1419,.T.);
#653=ORIENTED_EDGE('',*,*,#1440,.T.);
#654=ORIENTED_EDGE('',*,*,#1408,.T.);
#655=ORIENTED_EDGE('',*,*,#1448,.F.);
#656=ORIENTED_EDGE('',*,*,#1411,.T.);
#657=ORIENTED_EDGE('',*,*,#1236,.T.);
#658=ORIENTED_EDGE('',*,*,#1401,.T.);
#659=ORIENTED_EDGE('',*,*,#1449,.F.);
#660=ORIENTED_EDGE('',*,*,#1404,.T.);
#661=ORIENTED_EDGE('',*,*,#1438,.F.);
#662=ORIENTED_EDGE('',*,*,#1423,.T.);
#663=ORIENTED_EDGE('',*,*,#1445,.F.);
#664=ORIENTED_EDGE('',*,*,#1385,.F.);
#665=ORIENTED_EDGE('',*,*,#1437,.F.);
#666=ORIENTED_EDGE('',*,*,#1435,.F.);
#667=ORIENTED_EDGE('',*,*,#1432,.F.);
#668=ORIENTED_EDGE('',*,*,#1429,.T.);
#669=ORIENTED_EDGE('',*,*,#1426,.F.);
#670=ORIENTED_EDGE('',*,*,#1450,.T.);
#671=ORIENTED_EDGE('',*,*,#1451,.T.);
#672=ORIENTED_EDGE('',*,*,#1452,.T.);
#673=ORIENTED_EDGE('',*,*,#1453,.T.);
#674=ORIENTED_EDGE('',*,*,#1454,.T.);
#675=ORIENTED_EDGE('',*,*,#1455,.T.);
#676=ORIENTED_EDGE('',*,*,#1456,.T.);
#677=ORIENTED_EDGE('',*,*,#1451,.F.);
#678=ORIENTED_EDGE('',*,*,#1414,.F.);
#679=ORIENTED_EDGE('',*,*,#1457,.T.);
#680=ORIENTED_EDGE('',*,*,#1454,.F.);
#681=ORIENTED_EDGE('',*,*,#1458,.T.);
#682=ORIENTED_EDGE('',*,*,#1412,.F.);
#683=ORIENTED_EDGE('',*,*,#1447,.T.);
#684=ORIENTED_EDGE('',*,*,#1459,.T.);
#685=ORIENTED_EDGE('',*,*,#1460,.T.);
#686=ORIENTED_EDGE('',*,*,#1461,.T.);
#687=ORIENTED_EDGE('',*,*,#1452,.F.);
#688=ORIENTED_EDGE('',*,*,#1407,.F.);
#689=ORIENTED_EDGE('',*,*,#1462,.T.);
#690=ORIENTED_EDGE('',*,*,#1459,.F.);
#691=ORIENTED_EDGE('',*,*,#1463,.T.);
#692=ORIENTED_EDGE('',*,*,#1405,.F.);
#693=ORIENTED_EDGE('',*,*,#1448,.T.);
#694=ORIENTED_EDGE('',*,*,#1464,.T.);
#695=ORIENTED_EDGE('',*,*,#1465,.T.);
#696=ORIENTED_EDGE('',*,*,#1466,.T.);
#697=ORIENTED_EDGE('',*,*,#1453,.F.);
#698=ORIENTED_EDGE('',*,*,#1400,.F.);
#699=ORIENTED_EDGE('',*,*,#1467,.T.);
#700=ORIENTED_EDGE('',*,*,#1464,.F.);
#701=ORIENTED_EDGE('',*,*,#1468,.T.);
#702=ORIENTED_EDGE('',*,*,#1398,.F.);
#703=ORIENTED_EDGE('',*,*,#1449,.T.);
#704=ORIENTED_EDGE('',*,*,#1469,.T.);
#705=ORIENTED_EDGE('',*,*,#1470,.T.);
#706=ORIENTED_EDGE('',*,*,#1471,.T.);
#707=ORIENTED_EDGE('',*,*,#1450,.F.);
#708=ORIENTED_EDGE('',*,*,#1392,.F.);
#709=ORIENTED_EDGE('',*,*,#1472,.T.);
#710=ORIENTED_EDGE('',*,*,#1469,.F.);
#711=ORIENTED_EDGE('',*,*,#1473,.T.);
#712=ORIENTED_EDGE('',*,*,#1390,.F.);
#713=ORIENTED_EDGE('',*,*,#1446,.T.);
#714=ORIENTED_EDGE('',*,*,#1467,.F.);
#715=ORIENTED_EDGE('',*,*,#1399,.F.);
#716=ORIENTED_EDGE('',*,*,#1468,.F.);
#717=ORIENTED_EDGE('',*,*,#1465,.F.);
#718=ORIENTED_EDGE('',*,*,#1466,.F.);
#719=ORIENTED_EDGE('',*,*,#1462,.F.);
#720=ORIENTED_EDGE('',*,*,#1406,.F.);
#721=ORIENTED_EDGE('',*,*,#1463,.F.);
#722=ORIENTED_EDGE('',*,*,#1460,.F.);
#723=ORIENTED_EDGE('',*,*,#1461,.F.);
#724=ORIENTED_EDGE('',*,*,#1472,.F.);
#725=ORIENTED_EDGE('',*,*,#1391,.F.);
#726=ORIENTED_EDGE('',*,*,#1473,.F.);
#727=ORIENTED_EDGE('',*,*,#1470,.F.);
#728=ORIENTED_EDGE('',*,*,#1471,.F.);
#729=ORIENTED_EDGE('',*,*,#1457,.F.);
#730=ORIENTED_EDGE('',*,*,#1413,.F.);
#731=ORIENTED_EDGE('',*,*,#1458,.F.);
#732=ORIENTED_EDGE('',*,*,#1455,.F.);
#733=ORIENTED_EDGE('',*,*,#1456,.F.);
#734=ORIENTED_EDGE('',*,*,#1474,.T.);
#735=ORIENTED_EDGE('',*,*,#1475,.T.);
#736=ORIENTED_EDGE('',*,*,#1476,.T.);
#737=ORIENTED_EDGE('',*,*,#1477,.T.);
#738=ORIENTED_EDGE('',*,*,#1478,.T.);
#739=ORIENTED_EDGE('',*,*,#1479,.T.);
#740=ORIENTED_EDGE('',*,*,#1480,.T.);
#741=ORIENTED_EDGE('',*,*,#1481,.T.);
#742=ORIENTED_EDGE('',*,*,#1395,.F.);
#743=ORIENTED_EDGE('',*,*,#1439,.T.);
#744=ORIENTED_EDGE('',*,*,#1402,.F.);
#745=ORIENTED_EDGE('',*,*,#1238,.F.);
#746=ORIENTED_EDGE('',*,*,#1410,.F.);
#747=ORIENTED_EDGE('',*,*,#1441,.F.);
#748=ORIENTED_EDGE('',*,*,#1417,.F.);
#749=ORIENTED_EDGE('',*,*,#1443,.T.);
#750=ORIENTED_EDGE('',*,*,#1482,.F.);
#751=ORIENTED_EDGE('',*,*,#1483,.F.);
#752=ORIENTED_EDGE('',*,*,#1484,.F.);
#753=ORIENTED_EDGE('',*,*,#1485,.F.);
#754=ORIENTED_EDGE('',*,*,#1486,.F.);
#755=ORIENTED_EDGE('',*,*,#1487,.F.);
#756=ORIENTED_EDGE('',*,*,#1488,.F.);
#757=ORIENTED_EDGE('',*,*,#1489,.F.);
#758=ORIENTED_EDGE('',*,*,#1490,.F.);
#759=ORIENTED_EDGE('',*,*,#1491,.F.);
#760=ORIENTED_EDGE('',*,*,#1492,.F.);
#761=ORIENTED_EDGE('',*,*,#1493,.F.);
#762=ORIENTED_EDGE('',*,*,#1494,.F.);
#763=ORIENTED_EDGE('',*,*,#1495,.F.);
#764=ORIENTED_EDGE('',*,*,#1496,.F.);
#765=ORIENTED_EDGE('',*,*,#1497,.F.);
#766=ORIENTED_EDGE('',*,*,#1498,.F.);
#767=ORIENTED_EDGE('',*,*,#1499,.F.);
#768=ORIENTED_EDGE('',*,*,#1500,.T.);
#769=ORIENTED_EDGE('',*,*,#1501,.T.);
#770=ORIENTED_EDGE('',*,*,#1502,.T.);
#771=ORIENTED_EDGE('',*,*,#1503,.T.);
#772=ORIENTED_EDGE('',*,*,#1504,.T.);
#773=ORIENTED_EDGE('',*,*,#1505,.T.);
#774=ORIENTED_EDGE('',*,*,#1506,.T.);
#775=ORIENTED_EDGE('',*,*,#1507,.T.);
#776=ORIENTED_EDGE('',*,*,#1508,.F.);
#777=ORIENTED_EDGE('',*,*,#1444,.F.);
#778=ORIENTED_EDGE('',*,*,#1509,.F.);
#779=ORIENTED_EDGE('',*,*,#1505,.F.);
#780=ORIENTED_EDGE('',*,*,#1509,.T.);
#781=ORIENTED_EDGE('',*,*,#1421,.F.);
#782=ORIENTED_EDGE('',*,*,#1510,.F.);
#783=ORIENTED_EDGE('',*,*,#1506,.F.);
#784=ORIENTED_EDGE('',*,*,#1508,.T.);
#785=ORIENTED_EDGE('',*,*,#1504,.F.);
#786=ORIENTED_EDGE('',*,*,#1511,.F.);
#787=ORIENTED_EDGE('',*,*,#1383,.F.);
#788=ORIENTED_EDGE('',*,*,#1510,.T.);
#789=ORIENTED_EDGE('',*,*,#1425,.F.);
#790=ORIENTED_EDGE('',*,*,#1512,.F.);
#791=ORIENTED_EDGE('',*,*,#1507,.F.);
#792=ORIENTED_EDGE('',*,*,#1511,.T.);
#793=ORIENTED_EDGE('',*,*,#1503,.F.);
#794=ORIENTED_EDGE('',*,*,#1513,.F.);
#795=ORIENTED_EDGE('',*,*,#1436,.F.);
#796=ORIENTED_EDGE('',*,*,#1512,.T.);
#797=ORIENTED_EDGE('',*,*,#1428,.F.);
#798=ORIENTED_EDGE('',*,*,#1514,.F.);
#799=ORIENTED_EDGE('',*,*,#1500,.F.);
#800=ORIENTED_EDGE('',*,*,#1513,.T.);
#801=ORIENTED_EDGE('',*,*,#1502,.F.);
#802=ORIENTED_EDGE('',*,*,#1515,.F.);
#803=ORIENTED_EDGE('',*,*,#1434,.F.);
#804=ORIENTED_EDGE('',*,*,#1514,.T.);
#805=ORIENTED_EDGE('',*,*,#1431,.F.);
#806=ORIENTED_EDGE('',*,*,#1515,.T.);
#807=ORIENTED_EDGE('',*,*,#1501,.F.);
#808=ORIENTED_EDGE('',*,*,#1480,.F.);
#809=ORIENTED_EDGE('',*,*,#1516,.F.);
#810=ORIENTED_EDGE('',*,*,#1517,.T.);
#811=ORIENTED_EDGE('',*,*,#1518,.T.);
#812=ORIENTED_EDGE('',*,*,#1481,.F.);
#813=ORIENTED_EDGE('',*,*,#1518,.F.);
#814=ORIENTED_EDGE('',*,*,#1519,.T.);
#815=ORIENTED_EDGE('',*,*,#1520,.T.);
#816=ORIENTED_EDGE('',*,*,#1474,.F.);
#817=ORIENTED_EDGE('',*,*,#1520,.F.);
#818=ORIENTED_EDGE('',*,*,#1521,.T.);
#819=ORIENTED_EDGE('',*,*,#1522,.T.);
#820=ORIENTED_EDGE('',*,*,#1478,.F.);
#821=ORIENTED_EDGE('',*,*,#1523,.F.);
#822=ORIENTED_EDGE('',*,*,#1524,.T.);
#823=ORIENTED_EDGE('',*,*,#1525,.T.);
#824=ORIENTED_EDGE('',*,*,#1479,.F.);
#825=ORIENTED_EDGE('',*,*,#1525,.F.);
#826=ORIENTED_EDGE('',*,*,#1526,.T.);
#827=ORIENTED_EDGE('',*,*,#1516,.T.);
#828=ORIENTED_EDGE('',*,*,#1475,.F.);
#829=ORIENTED_EDGE('',*,*,#1522,.F.);
#830=ORIENTED_EDGE('',*,*,#1527,.T.);
#831=ORIENTED_EDGE('',*,*,#1528,.T.);
#832=ORIENTED_EDGE('',*,*,#1476,.F.);
#833=ORIENTED_EDGE('',*,*,#1528,.F.);
#834=ORIENTED_EDGE('',*,*,#1529,.T.);
#835=ORIENTED_EDGE('',*,*,#1530,.T.);
#836=ORIENTED_EDGE('',*,*,#1477,.F.);
#837=ORIENTED_EDGE('',*,*,#1530,.F.);
#838=ORIENTED_EDGE('',*,*,#1531,.T.);
#839=ORIENTED_EDGE('',*,*,#1523,.T.);
#840=ORIENTED_EDGE('',*,*,#1532,.T.);
#841=ORIENTED_EDGE('',*,*,#1533,.T.);
#842=ORIENTED_EDGE('',*,*,#1534,.T.);
#843=ORIENTED_EDGE('',*,*,#1535,.T.);
#844=ORIENTED_EDGE('',*,*,#1536,.T.);
#845=ORIENTED_EDGE('',*,*,#1537,.T.);
#846=ORIENTED_EDGE('',*,*,#1538,.T.);
#847=ORIENTED_EDGE('',*,*,#1539,.T.);
#848=ORIENTED_EDGE('',*,*,#1540,.T.);
#849=ORIENTED_EDGE('',*,*,#1541,.T.);
#850=ORIENTED_EDGE('',*,*,#1542,.T.);
#851=ORIENTED_EDGE('',*,*,#1543,.T.);
#852=ORIENTED_EDGE('',*,*,#1544,.T.);
#853=ORIENTED_EDGE('',*,*,#1545,.T.);
#854=ORIENTED_EDGE('',*,*,#1546,.T.);
#855=ORIENTED_EDGE('',*,*,#1547,.T.);
#856=ORIENTED_EDGE('',*,*,#1548,.T.);
#857=ORIENTED_EDGE('',*,*,#1549,.T.);
#858=ORIENTED_EDGE('',*,*,#1527,.F.);
#859=ORIENTED_EDGE('',*,*,#1521,.F.);
#860=ORIENTED_EDGE('',*,*,#1519,.F.);
#861=ORIENTED_EDGE('',*,*,#1517,.F.);
#862=ORIENTED_EDGE('',*,*,#1526,.F.);
#863=ORIENTED_EDGE('',*,*,#1524,.F.);
#864=ORIENTED_EDGE('',*,*,#1531,.F.);
#865=ORIENTED_EDGE('',*,*,#1529,.F.);
#866=ORIENTED_EDGE('',*,*,#1491,.T.);
#867=ORIENTED_EDGE('',*,*,#1550,.F.);
#868=ORIENTED_EDGE('',*,*,#1542,.F.);
#869=ORIENTED_EDGE('',*,*,#1551,.T.);
#870=ORIENTED_EDGE('',*,*,#1499,.T.);
#871=ORIENTED_EDGE('',*,*,#1552,.F.);
#872=ORIENTED_EDGE('',*,*,#1543,.F.);
#873=ORIENTED_EDGE('',*,*,#1550,.T.);
#874=ORIENTED_EDGE('',*,*,#1498,.T.);
#875=ORIENTED_EDGE('',*,*,#1553,.F.);
#876=ORIENTED_EDGE('',*,*,#1544,.F.);
#877=ORIENTED_EDGE('',*,*,#1552,.T.);
#878=ORIENTED_EDGE('',*,*,#1497,.T.);
#879=ORIENTED_EDGE('',*,*,#1554,.F.);
#880=ORIENTED_EDGE('',*,*,#1545,.F.);
#881=ORIENTED_EDGE('',*,*,#1553,.T.);
#882=ORIENTED_EDGE('',*,*,#1496,.T.);
#883=ORIENTED_EDGE('',*,*,#1555,.F.);
#884=ORIENTED_EDGE('',*,*,#1546,.F.);
#885=ORIENTED_EDGE('',*,*,#1554,.T.);
#886=ORIENTED_EDGE('',*,*,#1495,.T.);
#887=ORIENTED_EDGE('',*,*,#1556,.F.);
#888=ORIENTED_EDGE('',*,*,#1547,.F.);
#889=ORIENTED_EDGE('',*,*,#1555,.T.);
#890=ORIENTED_EDGE('',*,*,#1494,.T.);
#891=ORIENTED_EDGE('',*,*,#1557,.F.);
#892=ORIENTED_EDGE('',*,*,#1548,.F.);
#893=ORIENTED_EDGE('',*,*,#1556,.T.);
#894=ORIENTED_EDGE('',*,*,#1493,.T.);
#895=ORIENTED_EDGE('',*,*,#1558,.F.);
#896=ORIENTED_EDGE('',*,*,#1549,.F.);
#897=ORIENTED_EDGE('',*,*,#1557,.T.);
#898=ORIENTED_EDGE('',*,*,#1492,.T.);
#899=ORIENTED_EDGE('',*,*,#1551,.F.);
#900=ORIENTED_EDGE('',*,*,#1541,.F.);
#901=ORIENTED_EDGE('',*,*,#1558,.T.);
#902=ORIENTED_EDGE('',*,*,#1490,.T.);
#903=ORIENTED_EDGE('',*,*,#1540,.F.);
#904=ORIENTED_EDGE('',*,*,#1489,.T.);
#905=ORIENTED_EDGE('',*,*,#1539,.F.);
#906=ORIENTED_EDGE('',*,*,#1488,.T.);
#907=ORIENTED_EDGE('',*,*,#1538,.F.);
#908=ORIENTED_EDGE('',*,*,#1487,.T.);
#909=ORIENTED_EDGE('',*,*,#1537,.F.);
#910=ORIENTED_EDGE('',*,*,#1486,.T.);
#911=ORIENTED_EDGE('',*,*,#1536,.F.);
#912=ORIENTED_EDGE('',*,*,#1485,.T.);
#913=ORIENTED_EDGE('',*,*,#1535,.F.);
#914=ORIENTED_EDGE('',*,*,#1484,.T.);
#915=ORIENTED_EDGE('',*,*,#1534,.F.);
#916=ORIENTED_EDGE('',*,*,#1483,.T.);
#917=ORIENTED_EDGE('',*,*,#1533,.F.);
#918=ORIENTED_EDGE('',*,*,#1482,.T.);
#919=ORIENTED_EDGE('',*,*,#1532,.F.);
#920=ORIENTED_EDGE('',*,*,#1386,.T.);
#921=ORIENTED_EDGE('',*,*,#1559,.T.);
#922=ORIENTED_EDGE('',*,*,#1233,.F.);
#923=ORIENTED_EDGE('',*,*,#1560,.F.);
#924=ORIENTED_EDGE('',*,*,#1560,.T.);
#925=ORIENTED_EDGE('',*,*,#1232,.T.);
#926=ORIENTED_EDGE('',*,*,#1561,.F.);
#927=ORIENTED_EDGE('',*,*,#1387,.F.);
#928=ORIENTED_EDGE('',*,*,#1561,.T.);
#929=ORIENTED_EDGE('',*,*,#1235,.T.);
#930=ORIENTED_EDGE('',*,*,#1562,.F.);
#931=ORIENTED_EDGE('',*,*,#1388,.F.);
#932=ORIENTED_EDGE('',*,*,#1389,.T.);
#933=ORIENTED_EDGE('',*,*,#1562,.T.);
#934=ORIENTED_EDGE('',*,*,#1234,.F.);
#935=ORIENTED_EDGE('',*,*,#1559,.F.);
#936=ORIENTED_EDGE('',*,*,#1563,.T.);
#937=ORIENTED_EDGE('',*,*,#1241,.T.);
#938=ORIENTED_EDGE('',*,*,#1564,.F.);
#939=ORIENTED_EDGE('',*,*,#1375,.F.);
#940=ORIENTED_EDGE('',*,*,#1564,.T.);
#941=ORIENTED_EDGE('',*,*,#1240,.T.);
#942=ORIENTED_EDGE('',*,*,#1565,.F.);
#943=ORIENTED_EDGE('',*,*,#1376,.F.);
#944=ORIENTED_EDGE('',*,*,#1377,.T.);
#945=ORIENTED_EDGE('',*,*,#1565,.T.);
#946=ORIENTED_EDGE('',*,*,#1247,.F.);
#947=ORIENTED_EDGE('',*,*,#1566,.F.);
#948=ORIENTED_EDGE('',*,*,#1566,.T.);
#949=ORIENTED_EDGE('',*,*,#1246,.T.);
#950=ORIENTED_EDGE('',*,*,#1567,.F.);
#951=ORIENTED_EDGE('',*,*,#1378,.F.);
#952=ORIENTED_EDGE('',*,*,#1379,.T.);
#953=ORIENTED_EDGE('',*,*,#1567,.T.);
#954=ORIENTED_EDGE('',*,*,#1245,.F.);
#955=ORIENTED_EDGE('',*,*,#1568,.F.);
#956=ORIENTED_EDGE('',*,*,#1568,.T.);
#957=ORIENTED_EDGE('',*,*,#1244,.T.);
#958=ORIENTED_EDGE('',*,*,#1569,.F.);
#959=ORIENTED_EDGE('',*,*,#1380,.F.);
#960=ORIENTED_EDGE('',*,*,#1569,.T.);
#961=ORIENTED_EDGE('',*,*,#1243,.T.);
#962=ORIENTED_EDGE('',*,*,#1570,.F.);
#963=ORIENTED_EDGE('',*,*,#1381,.F.);
#964=ORIENTED_EDGE('',*,*,#1570,.T.);
#965=ORIENTED_EDGE('',*,*,#1242,.T.);
#966=ORIENTED_EDGE('',*,*,#1563,.F.);
#967=ORIENTED_EDGE('',*,*,#1374,.F.);
#968=ORIENTED_EDGE('',*,*,#1274,.F.);
#969=ORIENTED_EDGE('',*,*,#1571,.F.);
#970=ORIENTED_EDGE('',*,*,#1572,.T.);
#971=ORIENTED_EDGE('',*,*,#1573,.T.);
#972=ORIENTED_EDGE('',*,*,#1273,.T.);
#973=ORIENTED_EDGE('',*,*,#1574,.F.);
#974=ORIENTED_EDGE('',*,*,#1575,.F.);
#975=ORIENTED_EDGE('',*,*,#1571,.T.);
#976=ORIENTED_EDGE('',*,*,#1272,.T.);
#977=ORIENTED_EDGE('',*,*,#1290,.F.);
#978=ORIENTED_EDGE('',*,*,#1576,.F.);
#979=ORIENTED_EDGE('',*,*,#1574,.T.);
#980=ORIENTED_EDGE('',*,*,#1577,.F.);
#981=ORIENTED_EDGE('',*,*,#1578,.T.);
#982=ORIENTED_EDGE('',*,*,#1275,.T.);
#983=ORIENTED_EDGE('',*,*,#1573,.F.);
#984=ORIENTED_EDGE('',*,*,#1280,.F.);
#985=ORIENTED_EDGE('',*,*,#1579,.F.);
#986=ORIENTED_EDGE('',*,*,#1580,.T.);
#987=ORIENTED_EDGE('',*,*,#1293,.T.);
#988=ORIENTED_EDGE('',*,*,#1279,.T.);
#989=ORIENTED_EDGE('',*,*,#1581,.F.);
#990=ORIENTED_EDGE('',*,*,#1582,.F.);
#991=ORIENTED_EDGE('',*,*,#1579,.T.);
#992=ORIENTED_EDGE('',*,*,#1278,.T.);
#993=ORIENTED_EDGE('',*,*,#1583,.F.);
#994=ORIENTED_EDGE('',*,*,#1584,.F.);
#995=ORIENTED_EDGE('',*,*,#1581,.T.);
#996=ORIENTED_EDGE('',*,*,#1585,.F.);
#997=ORIENTED_EDGE('',*,*,#1586,.T.);
#998=ORIENTED_EDGE('',*,*,#1583,.T.);
#999=ORIENTED_EDGE('',*,*,#1277,.F.);
#1000=ORIENTED_EDGE('',*,*,#1286,.F.);
#1001=ORIENTED_EDGE('',*,*,#1587,.F.);
#1002=ORIENTED_EDGE('',*,*,#1588,.T.);
#1003=ORIENTED_EDGE('',*,*,#1299,.T.);
#1004=ORIENTED_EDGE('',*,*,#1285,.T.);
#1005=ORIENTED_EDGE('',*,*,#1589,.F.);
#1006=ORIENTED_EDGE('',*,*,#1590,.F.);
#1007=ORIENTED_EDGE('',*,*,#1587,.T.);
#1008=ORIENTED_EDGE('',*,*,#1284,.T.);
#1009=ORIENTED_EDGE('',*,*,#1296,.F.);
#1010=ORIENTED_EDGE('',*,*,#1591,.F.);
#1011=ORIENTED_EDGE('',*,*,#1589,.T.);
#1012=ORIENTED_EDGE('',*,*,#1268,.F.);
#1013=ORIENTED_EDGE('',*,*,#1592,.F.);
#1014=ORIENTED_EDGE('',*,*,#1593,.T.);
#1015=ORIENTED_EDGE('',*,*,#1305,.T.);
#1016=ORIENTED_EDGE('',*,*,#1267,.T.);
#1017=ORIENTED_EDGE('',*,*,#1594,.F.);
#1018=ORIENTED_EDGE('',*,*,#1595,.F.);
#1019=ORIENTED_EDGE('',*,*,#1592,.T.);
#1020=ORIENTED_EDGE('',*,*,#1266,.T.);
#1021=ORIENTED_EDGE('',*,*,#1302,.F.);
#1022=ORIENTED_EDGE('',*,*,#1596,.F.);
#1023=ORIENTED_EDGE('',*,*,#1594,.T.);
#1024=ORIENTED_EDGE('',*,*,#1586,.F.);
#1025=ORIENTED_EDGE('',*,*,#1597,.T.);
#1026=ORIENTED_EDGE('',*,*,#1577,.T.);
#1027=ORIENTED_EDGE('',*,*,#1572,.F.);
#1028=ORIENTED_EDGE('',*,*,#1575,.T.);
#1029=ORIENTED_EDGE('',*,*,#1576,.T.);
#1030=ORIENTED_EDGE('',*,*,#1289,.T.);
#1031=ORIENTED_EDGE('',*,*,#1598,.T.);
#1032=ORIENTED_EDGE('',*,*,#1303,.F.);
#1033=ORIENTED_EDGE('',*,*,#1593,.F.);
#1034=ORIENTED_EDGE('',*,*,#1595,.T.);
#1035=ORIENTED_EDGE('',*,*,#1596,.T.);
#1036=ORIENTED_EDGE('',*,*,#1301,.T.);
#1037=ORIENTED_EDGE('',*,*,#1599,.T.);
#1038=ORIENTED_EDGE('',*,*,#1297,.F.);
#1039=ORIENTED_EDGE('',*,*,#1588,.F.);
#1040=ORIENTED_EDGE('',*,*,#1590,.T.);
#1041=ORIENTED_EDGE('',*,*,#1591,.T.);
#1042=ORIENTED_EDGE('',*,*,#1295,.T.);
#1043=ORIENTED_EDGE('',*,*,#1600,.T.);
#1044=ORIENTED_EDGE('',*,*,#1291,.F.);
#1045=ORIENTED_EDGE('',*,*,#1580,.F.);
#1046=ORIENTED_EDGE('',*,*,#1582,.T.);
#1047=ORIENTED_EDGE('',*,*,#1584,.T.);
#1048=ORIENTED_EDGE('',*,*,#1601,.F.);
#1049=ORIENTED_EDGE('',*,*,#1602,.F.);
#1050=ORIENTED_EDGE('',*,*,#1603,.F.);
#1051=ORIENTED_EDGE('',*,*,#1604,.F.);
#1052=ORIENTED_EDGE('',*,*,#1605,.F.);
#1053=ORIENTED_EDGE('',*,*,#1601,.T.);
#1054=ORIENTED_EDGE('',*,*,#1370,.F.);
#1055=ORIENTED_EDGE('',*,*,#1603,.T.);
#1056=ORIENTED_EDGE('',*,*,#1371,.F.);
#1057=ORIENTED_EDGE('',*,*,#1604,.T.);
#1058=ORIENTED_EDGE('',*,*,#1372,.F.);
#1059=ORIENTED_EDGE('',*,*,#1605,.T.);
#1060=ORIENTED_EDGE('',*,*,#1373,.F.);
#1061=ORIENTED_EDGE('',*,*,#1248,.T.);
#1062=ORIENTED_EDGE('',*,*,#1369,.F.);
#1063=ORIENTED_EDGE('',*,*,#1249,.T.);
#1064=ORIENTED_EDGE('',*,*,#1368,.F.);
#1065=ORIENTED_EDGE('',*,*,#1250,.T.);
#1066=ORIENTED_EDGE('',*,*,#1367,.F.);
#1067=ORIENTED_EDGE('',*,*,#1251,.T.);
#1068=ORIENTED_EDGE('',*,*,#1366,.F.);
#1069=ORIENTED_EDGE('',*,*,#1282,.T.);
#1070=ORIENTED_EDGE('',*,*,#1292,.F.);
#1071=ORIENTED_EDGE('',*,*,#1600,.F.);
#1072=ORIENTED_EDGE('',*,*,#1294,.T.);
#1073=ORIENTED_EDGE('',*,*,#1276,.T.);
#1074=ORIENTED_EDGE('',*,*,#1578,.F.);
#1075=ORIENTED_EDGE('',*,*,#1597,.F.);
#1076=ORIENTED_EDGE('',*,*,#1585,.T.);
#1077=ORIENTED_EDGE('',*,*,#1270,.T.);
#1078=ORIENTED_EDGE('',*,*,#1304,.F.);
#1079=ORIENTED_EDGE('',*,*,#1598,.F.);
#1080=ORIENTED_EDGE('',*,*,#1288,.T.);
#1081=ORIENTED_EDGE('',*,*,#1264,.T.);
#1082=ORIENTED_EDGE('',*,*,#1298,.F.);
#1083=ORIENTED_EDGE('',*,*,#1599,.F.);
#1084=ORIENTED_EDGE('',*,*,#1300,.T.);
#1085=ORIENTED_EDGE('',*,*,#1602,.T.);
#1086=ORIENTED_EDGE('',*,*,#1606,.T.);
#1087=ORIENTED_EDGE('',*,*,#1607,.F.);
#1088=ORIENTED_EDGE('',*,*,#1608,.F.);
#1089=ORIENTED_EDGE('',*,*,#1609,.F.);
#1090=ORIENTED_EDGE('',*,*,#1610,.F.);
#1091=ORIENTED_EDGE('',*,*,#1611,.F.);
#1092=ORIENTED_EDGE('',*,*,#1612,.F.);
#1093=ORIENTED_EDGE('',*,*,#1613,.F.);
#1094=ORIENTED_EDGE('',*,*,#1614,.F.);
#1095=ORIENTED_EDGE('',*,*,#1615,.F.);
#1096=ORIENTED_EDGE('',*,*,#1616,.F.);
#1097=ORIENTED_EDGE('',*,*,#1617,.F.);
#1098=ORIENTED_EDGE('',*,*,#1618,.F.);
#1099=ORIENTED_EDGE('',*,*,#1619,.F.);
#1100=ORIENTED_EDGE('',*,*,#1620,.F.);
#1101=ORIENTED_EDGE('',*,*,#1621,.F.);
#1102=ORIENTED_EDGE('',*,*,#1622,.F.);
#1103=ORIENTED_EDGE('',*,*,#1623,.F.);
#1104=ORIENTED_EDGE('',*,*,#1624,.F.);
#1105=ORIENTED_EDGE('',*,*,#1625,.F.);
#1106=ORIENTED_EDGE('',*,*,#1626,.F.);
#1107=ORIENTED_EDGE('',*,*,#1627,.F.);
#1108=ORIENTED_EDGE('',*,*,#1628,.F.);
#1109=ORIENTED_EDGE('',*,*,#1629,.F.);
#1110=ORIENTED_EDGE('',*,*,#1630,.F.);
#1111=ORIENTED_EDGE('',*,*,#1631,.F.);
#1112=ORIENTED_EDGE('',*,*,#1632,.F.);
#1113=ORIENTED_EDGE('',*,*,#1633,.F.);
#1114=ORIENTED_EDGE('',*,*,#1634,.F.);
#1115=ORIENTED_EDGE('',*,*,#1635,.F.);
#1116=ORIENTED_EDGE('',*,*,#1636,.F.);
#1117=ORIENTED_EDGE('',*,*,#1637,.F.);
#1118=ORIENTED_EDGE('',*,*,#1638,.F.);
#1119=ORIENTED_EDGE('',*,*,#1639,.F.);
#1120=ORIENTED_EDGE('',*,*,#1640,.F.);
#1121=ORIENTED_EDGE('',*,*,#1641,.F.);
#1122=ORIENTED_EDGE('',*,*,#1642,.F.);
#1123=ORIENTED_EDGE('',*,*,#1643,.F.);
#1124=ORIENTED_EDGE('',*,*,#1644,.F.);
#1125=ORIENTED_EDGE('',*,*,#1645,.F.);
#1126=ORIENTED_EDGE('',*,*,#1646,.F.);
#1127=ORIENTED_EDGE('',*,*,#1647,.F.);
#1128=ORIENTED_EDGE('',*,*,#1648,.F.);
#1129=ORIENTED_EDGE('',*,*,#1649,.F.);
#1130=ORIENTED_EDGE('',*,*,#1650,.F.);
#1131=ORIENTED_EDGE('',*,*,#1651,.F.);
#1132=ORIENTED_EDGE('',*,*,#1652,.F.);
#1133=ORIENTED_EDGE('',*,*,#1653,.F.);
#1134=ORIENTED_EDGE('',*,*,#1654,.F.);
#1135=ORIENTED_EDGE('',*,*,#1606,.F.);
#1136=ORIENTED_EDGE('',*,*,#1654,.T.);
#1137=ORIENTED_EDGE('',*,*,#1365,.T.);
#1138=ORIENTED_EDGE('',*,*,#1653,.T.);
#1139=ORIENTED_EDGE('',*,*,#1364,.T.);
#1140=ORIENTED_EDGE('',*,*,#1652,.T.);
#1141=ORIENTED_EDGE('',*,*,#1363,.T.);
#1142=ORIENTED_EDGE('',*,*,#1651,.T.);
#1143=ORIENTED_EDGE('',*,*,#1362,.T.);
#1144=ORIENTED_EDGE('',*,*,#1650,.T.);
#1145=ORIENTED_EDGE('',*,*,#1361,.T.);
#1146=ORIENTED_EDGE('',*,*,#1649,.T.);
#1147=ORIENTED_EDGE('',*,*,#1360,.T.);
#1148=ORIENTED_EDGE('',*,*,#1648,.T.);
#1149=ORIENTED_EDGE('',*,*,#1359,.T.);
#1150=ORIENTED_EDGE('',*,*,#1647,.T.);
#1151=ORIENTED_EDGE('',*,*,#1358,.T.);
#1152=ORIENTED_EDGE('',*,*,#1646,.T.);
#1153=ORIENTED_EDGE('',*,*,#1357,.T.);
#1154=ORIENTED_EDGE('',*,*,#1645,.T.);
#1155=ORIENTED_EDGE('',*,*,#1356,.T.);
#1156=ORIENTED_EDGE('',*,*,#1644,.T.);
#1157=ORIENTED_EDGE('',*,*,#1355,.T.);
#1158=ORIENTED_EDGE('',*,*,#1643,.T.);
#1159=ORIENTED_EDGE('',*,*,#1354,.T.);
#1160=ORIENTED_EDGE('',*,*,#1642,.T.);
#1161=ORIENTED_EDGE('',*,*,#1353,.T.);
#1162=ORIENTED_EDGE('',*,*,#1641,.T.);
#1163=ORIENTED_EDGE('',*,*,#1352,.T.);
#1164=ORIENTED_EDGE('',*,*,#1640,.T.);
#1165=ORIENTED_EDGE('',*,*,#1351,.T.);
#1166=ORIENTED_EDGE('',*,*,#1639,.T.);
#1167=ORIENTED_EDGE('',*,*,#1350,.T.);
#1168=ORIENTED_EDGE('',*,*,#1638,.T.);
#1169=ORIENTED_EDGE('',*,*,#1349,.T.);
#1170=ORIENTED_EDGE('',*,*,#1637,.T.);
#1171=ORIENTED_EDGE('',*,*,#1348,.T.);
#1172=ORIENTED_EDGE('',*,*,#1636,.T.);
#1173=ORIENTED_EDGE('',*,*,#1347,.T.);
#1174=ORIENTED_EDGE('',*,*,#1635,.T.);
#1175=ORIENTED_EDGE('',*,*,#1346,.T.);
#1176=ORIENTED_EDGE('',*,*,#1634,.T.);
#1177=ORIENTED_EDGE('',*,*,#1345,.T.);
#1178=ORIENTED_EDGE('',*,*,#1633,.T.);
#1179=ORIENTED_EDGE('',*,*,#1344,.T.);
#1180=ORIENTED_EDGE('',*,*,#1632,.T.);
#1181=ORIENTED_EDGE('',*,*,#1343,.T.);
#1182=ORIENTED_EDGE('',*,*,#1631,.T.);
#1183=ORIENTED_EDGE('',*,*,#1342,.T.);
#1184=ORIENTED_EDGE('',*,*,#1630,.T.);
#1185=ORIENTED_EDGE('',*,*,#1341,.T.);
#1186=ORIENTED_EDGE('',*,*,#1629,.T.);
#1187=ORIENTED_EDGE('',*,*,#1340,.T.);
#1188=ORIENTED_EDGE('',*,*,#1628,.T.);
#1189=ORIENTED_EDGE('',*,*,#1339,.T.);
#1190=ORIENTED_EDGE('',*,*,#1627,.T.);
#1191=ORIENTED_EDGE('',*,*,#1338,.T.);
#1192=ORIENTED_EDGE('',*,*,#1626,.T.);
#1193=ORIENTED_EDGE('',*,*,#1337,.T.);
#1194=ORIENTED_EDGE('',*,*,#1625,.T.);
#1195=ORIENTED_EDGE('',*,*,#1336,.T.);
#1196=ORIENTED_EDGE('',*,*,#1624,.T.);
#1197=ORIENTED_EDGE('',*,*,#1335,.T.);
#1198=ORIENTED_EDGE('',*,*,#1623,.T.);
#1199=ORIENTED_EDGE('',*,*,#1334,.T.);
#1200=ORIENTED_EDGE('',*,*,#1622,.T.);
#1201=ORIENTED_EDGE('',*,*,#1333,.T.);
#1202=ORIENTED_EDGE('',*,*,#1621,.T.);
#1203=ORIENTED_EDGE('',*,*,#1332,.T.);
#1204=ORIENTED_EDGE('',*,*,#1620,.T.);
#1205=ORIENTED_EDGE('',*,*,#1331,.T.);
#1206=ORIENTED_EDGE('',*,*,#1619,.T.);
#1207=ORIENTED_EDGE('',*,*,#1330,.T.);
#1208=ORIENTED_EDGE('',*,*,#1618,.T.);
#1209=ORIENTED_EDGE('',*,*,#1329,.T.);
#1210=ORIENTED_EDGE('',*,*,#1617,.T.);
#1211=ORIENTED_EDGE('',*,*,#1328,.T.);
#1212=ORIENTED_EDGE('',*,*,#1616,.T.);
#1213=ORIENTED_EDGE('',*,*,#1327,.T.);
#1214=ORIENTED_EDGE('',*,*,#1615,.T.);
#1215=ORIENTED_EDGE('',*,*,#1326,.T.);
#1216=ORIENTED_EDGE('',*,*,#1614,.T.);
#1217=ORIENTED_EDGE('',*,*,#1325,.T.);
#1218=ORIENTED_EDGE('',*,*,#1613,.T.);
#1219=ORIENTED_EDGE('',*,*,#1324,.T.);
#1220=ORIENTED_EDGE('',*,*,#1612,.T.);
#1221=ORIENTED_EDGE('',*,*,#1323,.T.);
#1222=ORIENTED_EDGE('',*,*,#1611,.T.);
#1223=ORIENTED_EDGE('',*,*,#1322,.T.);
#1224=ORIENTED_EDGE('',*,*,#1610,.T.);
#1225=ORIENTED_EDGE('',*,*,#1321,.T.);
#1226=ORIENTED_EDGE('',*,*,#1609,.T.);
#1227=ORIENTED_EDGE('',*,*,#1320,.T.);
#1228=ORIENTED_EDGE('',*,*,#1608,.T.);
#1229=ORIENTED_EDGE('',*,*,#1319,.T.);
#1230=ORIENTED_EDGE('',*,*,#1607,.T.);
#1231=ORIENTED_EDGE('',*,*,#1318,.T.);
#1232=EDGE_CURVE('',#1655,#1656,#1989,.T.);
#1233=EDGE_CURVE('',#1655,#1657,#1990,.T.);
#1234=EDGE_CURVE('',#1657,#1658,#1991,.T.);
#1235=EDGE_CURVE('',#1656,#1658,#1992,.T.);
#1236=EDGE_CURVE('',#1659,#1660,#1993,.T.);
#1237=EDGE_CURVE('',#1661,#1659,#1994,.T.);
#1238=EDGE_CURVE('',#1661,#1662,#1995,.T.);
#1239=EDGE_CURVE('',#1662,#1660,#1996,.T.);
#1240=EDGE_CURVE('',#1663,#1664,#146,.T.);
#1241=EDGE_CURVE('',#1665,#1663,#1997,.T.);
#1242=EDGE_CURVE('',#1666,#1665,#147,.T.);
#1243=EDGE_CURVE('',#1667,#1666,#1998,.T.);
#1244=EDGE_CURVE('',#1668,#1667,#148,.T.);
#1245=EDGE_CURVE('',#1668,#1669,#1999,.T.);
#1246=EDGE_CURVE('',#1670,#1669,#149,.T.);
#1247=EDGE_CURVE('',#1670,#1664,#2000,.T.);
#1248=EDGE_CURVE('',#1671,#1671,#150,.T.);
#1249=EDGE_CURVE('',#1672,#1672,#151,.T.);
#1250=EDGE_CURVE('',#1673,#1673,#152,.T.);
#1251=EDGE_CURVE('',#1674,#1674,#153,.T.);
#1252=EDGE_CURVE('',#1675,#1675,#154,.T.);
#1253=EDGE_CURVE('',#1676,#1676,#155,.T.);
#1254=EDGE_CURVE('',#1677,#1677,#156,.T.);
#1255=EDGE_CURVE('',#1678,#1678,#157,.T.);
#1256=EDGE_CURVE('',#1679,#1679,#158,.T.);
#1257=EDGE_CURVE('',#1680,#1680,#159,.T.);
#1258=EDGE_CURVE('',#1681,#1681,#160,.T.);
#1259=EDGE_CURVE('',#1682,#1682,#161,.T.);
#1260=EDGE_CURVE('',#1683,#1683,#162,.T.);
#1261=EDGE_CURVE('',#1684,#1684,#163,.T.);
#1262=EDGE_CURVE('',#1685,#1685,#164,.T.);
#1263=EDGE_CURVE('',#1686,#1686,#165,.T.);
#1264=EDGE_CURVE('',#1687,#1688,#166,.T.);
#1265=EDGE_CURVE('',#1689,#1687,#2001,.T.);
#1266=EDGE_CURVE('',#1690,#1689,#2002,.T.);
#1267=EDGE_CURVE('',#1691,#1690,#167,.T.);
#1268=EDGE_CURVE('',#1691,#1692,#2003,.T.);
#1269=EDGE_CURVE('',#1692,#1693,#2004,.T.);
#1270=EDGE_CURVE('',#1694,#1693,#168,.T.);
#1271=EDGE_CURVE('',#1695,#1694,#2005,.T.);
#1272=EDGE_CURVE('',#1696,#1695,#2006,.T.);
#1273=EDGE_CURVE('',#1697,#1696,#169,.T.);
#1274=EDGE_CURVE('',#1697,#1698,#2007,.T.);
#1275=EDGE_CURVE('',#1699,#1698,#2008,.T.);
#1276=EDGE_CURVE('',#1700,#1699,#170,.T.);
#1277=EDGE_CURVE('',#1700,#1701,#2009,.T.);
#1278=EDGE_CURVE('',#1702,#1701,#2010,.T.);
#1279=EDGE_CURVE('',#1703,#1702,#171,.T.);
#1280=EDGE_CURVE('',#1703,#1704,#2011,.T.);
#1281=EDGE_CURVE('',#1704,#1705,#2012,.T.);
#1282=EDGE_CURVE('',#1706,#1705,#172,.T.);
#1283=EDGE_CURVE('',#1707,#1706,#2013,.T.);
#1284=EDGE_CURVE('',#1708,#1707,#2014,.T.);
#1285=EDGE_CURVE('',#1709,#1708,#173,.T.);
#1286=EDGE_CURVE('',#1709,#1710,#2015,.T.);
#1287=EDGE_CURVE('',#1710,#1688,#2016,.T.);
#1288=EDGE_CURVE('',#1711,#1694,#2017,.T.);
#1289=EDGE_CURVE('',#1712,#1711,#2018,.T.);
#1290=EDGE_CURVE('',#1712,#1695,#2019,.T.);
#1291=EDGE_CURVE('',#1713,#1714,#2020,.T.);
#1292=EDGE_CURVE('',#1714,#1705,#2021,.T.);
#1293=EDGE_CURVE('',#1713,#1704,#2022,.T.);
#1294=EDGE_CURVE('',#1715,#1706,#2023,.T.);
#1295=EDGE_CURVE('',#1716,#1715,#2024,.T.);
#1296=EDGE_CURVE('',#1716,#1707,#2025,.T.);
#1297=EDGE_CURVE('',#1717,#1718,#2026,.T.);
#1298=EDGE_CURVE('',#1718,#1688,#2027,.T.);
#1299=EDGE_CURVE('',#1717,#1710,#2028,.T.);
#1300=EDGE_CURVE('',#1719,#1687,#2029,.T.);
#1301=EDGE_CURVE('',#1720,#1719,#2030,.T.);
#1302=EDGE_CURVE('',#1720,#1689,#2031,.T.);
#1303=EDGE_CURVE('',#1721,#1722,#2032,.T.);
#1304=EDGE_CURVE('',#1722,#1693,#2033,.T.);
#1305=EDGE_CURVE('',#1721,#1692,#2034,.T.);
#1306=EDGE_CURVE('',#1723,#1723,#174,.T.);
#1307=EDGE_CURVE('',#1724,#1724,#175,.T.);
#1308=EDGE_CURVE('',#1725,#1725,#176,.T.);
#1309=EDGE_CURVE('',#1726,#1726,#177,.T.);
#1310=EDGE_CURVE('',#1727,#1727,#178,.T.);
#1311=EDGE_CURVE('',#1728,#1728,#179,.T.);
#1312=EDGE_CURVE('',#1729,#1729,#180,.T.);
#1313=EDGE_CURVE('',#1730,#1730,#181,.T.);
#1314=EDGE_CURVE('',#1731,#1731,#182,.T.);
#1315=EDGE_CURVE('',#1732,#1732,#183,.T.);
#1316=EDGE_CURVE('',#1733,#1733,#184,.T.);
#1317=EDGE_CURVE('',#1734,#1734,#185,.T.);
#1318=EDGE_CURVE('',#1735,#1735,#186,.T.);
#1319=EDGE_CURVE('',#1736,#1736,#187,.T.);
#1320=EDGE_CURVE('',#1737,#1737,#188,.T.);
#1321=EDGE_CURVE('',#1738,#1738,#189,.T.);
#1322=EDGE_CURVE('',#1739,#1739,#190,.T.);
#1323=EDGE_CURVE('',#1740,#1740,#191,.T.);
#1324=EDGE_CURVE('',#1741,#1741,#192,.T.);
#1325=EDGE_CURVE('',#1742,#1742,#193,.T.);
#1326=EDGE_CURVE('',#1743,#1743,#194,.T.);
#1327=EDGE_CURVE('',#1744,#1744,#195,.T.);
#1328=EDGE_CURVE('',#1745,#1745,#196,.T.);
#1329=EDGE_CURVE('',#1746,#1746,#197,.T.);
#1330=EDGE_CURVE('',#1747,#1747,#198,.T.);
#1331=EDGE_CURVE('',#1748,#1748,#199,.T.);
#1332=EDGE_CURVE('',#1749,#1749,#200,.T.);
#1333=EDGE_CURVE('',#1750,#1750,#201,.T.);
#1334=EDGE_CURVE('',#1751,#1751,#202,.T.);
#1335=EDGE_CURVE('',#1752,#1752,#203,.T.);
#1336=EDGE_CURVE('',#1753,#1753,#204,.T.);
#1337=EDGE_CURVE('',#1754,#1754,#205,.T.);
#1338=EDGE_CURVE('',#1755,#1755,#206,.T.);
#1339=EDGE_CURVE('',#1756,#1756,#207,.T.);
#1340=EDGE_CURVE('',#1757,#1757,#208,.T.);
#1341=EDGE_CURVE('',#1758,#1758,#209,.T.);
#1342=EDGE_CURVE('',#1759,#1759,#210,.T.);
#1343=EDGE_CURVE('',#1760,#1760,#211,.T.);
#1344=EDGE_CURVE('',#1761,#1761,#212,.T.);
#1345=EDGE_CURVE('',#1762,#1762,#213,.T.);
#1346=EDGE_CURVE('',#1763,#1763,#214,.T.);
#1347=EDGE_CURVE('',#1764,#1764,#215,.T.);
#1348=EDGE_CURVE('',#1765,#1765,#216,.T.);
#1349=EDGE_CURVE('',#1766,#1766,#217,.T.);
#1350=EDGE_CURVE('',#1767,#1767,#218,.T.);
#1351=EDGE_CURVE('',#1768,#1768,#219,.T.);
#1352=EDGE_CURVE('',#1769,#1769,#220,.T.);
#1353=EDGE_CURVE('',#1770,#1770,#221,.T.);
#1354=EDGE_CURVE('',#1771,#1771,#222,.T.);
#1355=EDGE_CURVE('',#1772,#1772,#223,.T.);
#1356=EDGE_CURVE('',#1773,#1773,#224,.T.);
#1357=EDGE_CURVE('',#1774,#1774,#225,.T.);
#1358=EDGE_CURVE('',#1775,#1775,#226,.T.);
#1359=EDGE_CURVE('',#1776,#1776,#227,.T.);
#1360=EDGE_CURVE('',#1777,#1777,#228,.T.);
#1361=EDGE_CURVE('',#1778,#1778,#229,.T.);
#1362=EDGE_CURVE('',#1779,#1779,#230,.T.);
#1363=EDGE_CURVE('',#1780,#1780,#231,.T.);
#1364=EDGE_CURVE('',#1781,#1781,#232,.T.);
#1365=EDGE_CURVE('',#1782,#1782,#233,.T.);
#1366=EDGE_CURVE('',#1783,#1783,#234,.T.);
#1367=EDGE_CURVE('',#1784,#1784,#235,.T.);
#1368=EDGE_CURVE('',#1785,#1785,#236,.T.);
#1369=EDGE_CURVE('',#1786,#1786,#237,.T.);
#1370=EDGE_CURVE('',#1787,#1787,#238,.T.);
#1371=EDGE_CURVE('',#1788,#1788,#239,.T.);
#1372=EDGE_CURVE('',#1789,#1789,#240,.T.);
#1373=EDGE_CURVE('',#1790,#1790,#241,.T.);
#1374=EDGE_CURVE('',#1791,#1792,#242,.T.);
#1375=EDGE_CURVE('',#1792,#1793,#2035,.T.);
#1376=EDGE_CURVE('',#1793,#1794,#243,.T.);
#1377=EDGE_CURVE('',#1795,#1794,#2036,.T.);
#1378=EDGE_CURVE('',#1795,#1796,#244,.T.);
#1379=EDGE_CURVE('',#1797,#1796,#2037,.T.);
#1380=EDGE_CURVE('',#1797,#1798,#245,.T.);
#1381=EDGE_CURVE('',#1798,#1791,#2038,.T.);
#1382=EDGE_CURVE('',#1799,#1800,#2039,.T.);
#1383=EDGE_CURVE('',#1799,#1801,#2040,.F.);
#1384=EDGE_CURVE('',#1801,#1802,#2041,.T.);
#1385=EDGE_CURVE('',#1802,#1800,#2042,.T.);
#1386=EDGE_CURVE('',#1803,#1804,#2043,.T.);
#1387=EDGE_CURVE('',#1803,#1805,#2044,.T.);
#1388=EDGE_CURVE('',#1805,#1806,#2045,.T.);
#1389=EDGE_CURVE('',#1804,#1806,#2046,.T.);
#1390=EDGE_CURVE('',#1807,#1808,#2047,.F.);
#1391=EDGE_CURVE('',#1808,#1809,#246,.F.);
#1392=EDGE_CURVE('',#1809,#1810,#2048,.T.);
#1393=EDGE_CURVE('',#1811,#1810,#247,.T.);
#1394=EDGE_CURVE('',#1812,#1811,#2049,.T.);
#1395=EDGE_CURVE('',#1812,#1813,#248,.T.);
#1396=EDGE_CURVE('',#1813,#1814,#2050,.T.);
#1397=EDGE_CURVE('',#1807,#1814,#249,.T.);
#1398=EDGE_CURVE('',#1815,#1816,#2051,.F.);
#1399=EDGE_CURVE('',#1816,#1817,#250,.F.);
#1400=EDGE_CURVE('',#1817,#1818,#2052,.T.);
#1401=EDGE_CURVE('',#1660,#1818,#251,.T.);
#1402=EDGE_CURVE('',#1662,#1819,#252,.T.);
#1403=EDGE_CURVE('',#1819,#1820,#2053,.T.);
#1404=EDGE_CURVE('',#1815,#1820,#253,.T.);
#1405=EDGE_CURVE('',#1821,#1822,#2054,.F.);
#1406=EDGE_CURVE('',#1822,#1823,#254,.F.);
#1407=EDGE_CURVE('',#1823,#1824,#2055,.T.);
#1408=EDGE_CURVE('',#1825,#1824,#255,.T.);
#1409=EDGE_CURVE('',#1826,#1825,#2056,.T.);
#1410=EDGE_CURVE('',#1826,#1661,#256,.T.);
#1411=EDGE_CURVE('',#1821,#1659,#257,.T.);
#1412=EDGE_CURVE('',#1827,#1828,#2057,.F.);
#1413=EDGE_CURVE('',#1828,#1829,#258,.F.);
#1414=EDGE_CURVE('',#1829,#1830,#2058,.T.);
#1415=EDGE_CURVE('',#1831,#1830,#259,.T.);
#1416=EDGE_CURVE('',#1832,#1831,#2059,.T.);
#1417=EDGE_CURVE('',#1832,#1833,#260,.T.);
#1418=EDGE_CURVE('',#1833,#1834,#2060,.T.);
#1419=EDGE_CURVE('',#1827,#1834,#261,.T.);
#1420=EDGE_CURVE('',#1835,#1836,#2061,.T.);
#1421=EDGE_CURVE('',#1835,#1837,#2062,.T.);
#1422=EDGE_CURVE('',#1837,#1838,#2063,.T.);
#1423=EDGE_CURVE('',#1836,#1838,#2064,.T.);
#1424=EDGE_CURVE('',#1839,#1840,#2065,.T.);
#1425=EDGE_CURVE('',#1839,#1835,#262,.F.);
#1426=EDGE_CURVE('',#1836,#1840,#263,.T.);
#1427=EDGE_CURVE('',#1841,#1842,#2066,.T.);
#1428=EDGE_CURVE('',#1841,#1839,#2067,.T.);
#1429=EDGE_CURVE('',#1842,#1840,#2068,.T.);
#1430=EDGE_CURVE('',#1843,#1844,#2069,.T.);
#1431=EDGE_CURVE('',#1843,#1841,#264,.F.);
#1432=EDGE_CURVE('',#1842,#1844,#265,.T.);
#1433=EDGE_CURVE('',#1845,#1846,#2070,.T.);
#1434=EDGE_CURVE('',#1845,#1843,#2071,.F.);
#1435=EDGE_CURVE('',#1844,#1846,#2072,.T.);
#1436=EDGE_CURVE('',#1801,#1845,#266,.F.);
#1437=EDGE_CURVE('',#1846,#1802,#267,.T.);
#1438=EDGE_CURVE('',#1811,#1820,#2073,.T.);
#1439=EDGE_CURVE('',#1812,#1819,#2074,.T.);
#1440=EDGE_CURVE('',#1834,#1825,#2075,.T.);
#1441=EDGE_CURVE('',#1833,#1826,#2076,.T.);
#1442=EDGE_CURVE('',#1831,#1814,#2077,.T.);
#1443=EDGE_CURVE('',#1832,#1813,#2078,.T.);
#1444=EDGE_CURVE('',#1837,#1799,#268,.F.);
#1445=EDGE_CURVE('',#1800,#1838,#269,.T.);
#1446=EDGE_CURVE('',#1807,#1810,#270,.T.);
#1447=EDGE_CURVE('',#1827,#1830,#271,.T.);
#1448=EDGE_CURVE('',#1821,#1824,#272,.T.);
#1449=EDGE_CURVE('',#1815,#1818,#273,.T.);
#1450=EDGE_CURVE('',#1847,#1847,#274,.T.);
#1451=EDGE_CURVE('',#1848,#1848,#275,.T.);
#1452=EDGE_CURVE('',#1849,#1849,#276,.T.);
#1453=EDGE_CURVE('',#1850,#1850,#277,.T.);
#1454=EDGE_CURVE('',#1851,#1852,#278,.T.);
#1455=EDGE_CURVE('',#1852,#1851,#279,.T.);
#1456=EDGE_CURVE('',#1853,#1853,#20,.T.);
#1457=EDGE_CURVE('',#1829,#1852,#21,.T.);
#1458=EDGE_CURVE('',#1851,#1828,#22,.T.);
#1459=EDGE_CURVE('',#1854,#1855,#280,.T.);
#1460=EDGE_CURVE('',#1855,#1854,#281,.T.);
#1461=EDGE_CURVE('',#1856,#1856,#23,.T.);
#1462=EDGE_CURVE('',#1823,#1855,#24,.T.);
#1463=EDGE_CURVE('',#1854,#1822,#25,.T.);
#1464=EDGE_CURVE('',#1857,#1858,#282,.T.);
#1465=EDGE_CURVE('',#1858,#1857,#283,.T.);
#1466=EDGE_CURVE('',#1859,#1859,#26,.T.);
#1467=EDGE_CURVE('',#1817,#1858,#27,.T.);
#1468=EDGE_CURVE('',#1857,#1816,#28,.T.);
#1469=EDGE_CURVE('',#1860,#1861,#284,.T.);
#1470=EDGE_CURVE('',#1861,#1860,#285,.T.);
#1471=EDGE_CURVE('',#1862,#1862,#29,.T.);
#1472=EDGE_CURVE('',#1809,#1861,#30,.T.);
#1473=EDGE_CURVE('',#1860,#1808,#31,.T.);
#1474=EDGE_CURVE('',#1863,#1864,#286,.T.);
#1475=EDGE_CURVE('',#1864,#1865,#2079,.T.);
#1476=EDGE_CURVE('',#1865,#1866,#287,.T.);
#1477=EDGE_CURVE('',#1866,#1867,#2080,.T.);
#1478=EDGE_CURVE('',#1867,#1868,#288,.T.);
#1479=EDGE_CURVE('',#1868,#1869,#2081,.T.);
#1480=EDGE_CURVE('',#1869,#1870,#289,.T.);
#1481=EDGE_CURVE('',#1870,#1863,#2082,.T.);
#1482=EDGE_CURVE('',#1871,#1871,#290,.T.);
#1483=EDGE_CURVE('',#1872,#1872,#291,.T.);
#1484=EDGE_CURVE('',#1873,#1873,#292,.T.);
#1485=EDGE_CURVE('',#1874,#1874,#293,.T.);
#1486=EDGE_CURVE('',#1875,#1875,#294,.T.);
#1487=EDGE_CURVE('',#1876,#1876,#295,.T.);
#1488=EDGE_CURVE('',#1877,#1877,#296,.T.);
#1489=EDGE_CURVE('',#1878,#1878,#297,.T.);
#1490=EDGE_CURVE('',#1879,#1879,#298,.T.);
#1491=EDGE_CURVE('',#1880,#1881,#2083,.T.);
#1492=EDGE_CURVE('',#1882,#1880,#2084,.T.);
#1493=EDGE_CURVE('',#1883,#1882,#2085,.T.);
#1494=EDGE_CURVE('',#1884,#1883,#2086,.T.);
#1495=EDGE_CURVE('',#1885,#1884,#2087,.T.);
#1496=EDGE_CURVE('',#1886,#1885,#2088,.T.);
#1497=EDGE_CURVE('',#1887,#1886,#2089,.T.);
#1498=EDGE_CURVE('',#1888,#1887,#2090,.T.);
#1499=EDGE_CURVE('',#1881,#1888,#2091,.T.);
#1500=EDGE_CURVE('',#1889,#1890,#2092,.F.);
#1501=EDGE_CURVE('',#1890,#1891,#299,.T.);
#1502=EDGE_CURVE('',#1891,#1892,#2093,.T.);
#1503=EDGE_CURVE('',#1892,#1893,#300,.T.);
#1504=EDGE_CURVE('',#1893,#1894,#2094,.T.);
#1505=EDGE_CURVE('',#1894,#1895,#301,.T.);
#1506=EDGE_CURVE('',#1895,#1896,#2095,.F.);
#1507=EDGE_CURVE('',#1896,#1889,#302,.T.);
#1508=EDGE_CURVE('',#1799,#1894,#303,.T.);
#1509=EDGE_CURVE('',#1895,#1837,#304,.T.);
#1510=EDGE_CURVE('',#1896,#1835,#305,.T.);
#1511=EDGE_CURVE('',#1801,#1893,#306,.T.);
#1512=EDGE_CURVE('',#1889,#1839,#307,.T.);
#1513=EDGE_CURVE('',#1845,#1892,#308,.T.);
#1514=EDGE_CURVE('',#1890,#1841,#309,.T.);
#1515=EDGE_CURVE('',#1843,#1891,#310,.T.);
#1516=EDGE_CURVE('',#1897,#1869,#2096,.T.);
#1517=EDGE_CURVE('',#1897,#1898,#311,.T.);
#1518=EDGE_CURVE('',#1898,#1870,#2097,.T.);
#1519=EDGE_CURVE('',#1898,#1899,#2098,.F.);
#1520=EDGE_CURVE('',#1899,#1863,#2099,.T.);
#1521=EDGE_CURVE('',#1899,#1900,#312,.T.);
#1522=EDGE_CURVE('',#1900,#1864,#2100,.T.);
#1523=EDGE_CURVE('',#1901,#1867,#2101,.T.);
#1524=EDGE_CURVE('',#1901,#1902,#313,.T.);
#1525=EDGE_CURVE('',#1902,#1868,#2102,.T.);
#1526=EDGE_CURVE('',#1902,#1897,#2103,.T.);
#1527=EDGE_CURVE('',#1900,#1903,#2104,.F.);
#1528=EDGE_CURVE('',#1903,#1865,#2105,.T.);
#1529=EDGE_CURVE('',#1903,#1904,#314,.T.);
#1530=EDGE_CURVE('',#1904,#1866,#2106,.T.);
#1531=EDGE_CURVE('',#1904,#1901,#2107,.T.);
#1532=EDGE_CURVE('',#1905,#1905,#315,.T.);
#1533=EDGE_CURVE('',#1906,#1906,#316,.T.);
#1534=EDGE_CURVE('',#1907,#1907,#317,.T.);
#1535=EDGE_CURVE('',#1908,#1908,#318,.T.);
#1536=EDGE_CURVE('',#1909,#1909,#319,.T.);
#1537=EDGE_CURVE('',#1910,#1910,#320,.T.);
#1538=EDGE_CURVE('',#1911,#1911,#321,.T.);
#1539=EDGE_CURVE('',#1912,#1912,#322,.T.);
#1540=EDGE_CURVE('',#1913,#1913,#323,.T.);
#1541=EDGE_CURVE('',#1914,#1915,#2108,.T.);
#1542=EDGE_CURVE('',#1915,#1916,#2109,.T.);
#1543=EDGE_CURVE('',#1916,#1917,#2110,.T.);
#1544=EDGE_CURVE('',#1917,#1918,#2111,.T.);
#1545=EDGE_CURVE('',#1918,#1919,#2112,.T.);
#1546=EDGE_CURVE('',#1919,#1920,#2113,.T.);
#1547=EDGE_CURVE('',#1920,#1921,#2114,.T.);
#1548=EDGE_CURVE('',#1921,#1922,#2115,.T.);
#1549=EDGE_CURVE('',#1922,#1914,#2116,.T.);
#1550=EDGE_CURVE('',#1916,#1881,#2117,.T.);
#1551=EDGE_CURVE('',#1915,#1880,#2118,.T.);
#1552=EDGE_CURVE('',#1917,#1888,#2119,.T.);
#1553=EDGE_CURVE('',#1918,#1887,#2120,.T.);
#1554=EDGE_CURVE('',#1919,#1886,#2121,.T.);
#1555=EDGE_CURVE('',#1920,#1885,#2122,.T.);
#1556=EDGE_CURVE('',#1921,#1884,#2123,.T.);
#1557=EDGE_CURVE('',#1922,#1883,#2124,.T.);
#1558=EDGE_CURVE('',#1914,#1882,#2125,.T.);
#1559=EDGE_CURVE('',#1804,#1657,#2126,.T.);
#1560=EDGE_CURVE('',#1803,#1655,#2127,.T.);
#1561=EDGE_CURVE('',#1805,#1656,#2128,.T.);
#1562=EDGE_CURVE('',#1806,#1658,#2129,.T.);
#1563=EDGE_CURVE('',#1792,#1665,#2130,.T.);
#1564=EDGE_CURVE('',#1793,#1663,#2131,.T.);
#1565=EDGE_CURVE('',#1794,#1664,#2132,.T.);
#1566=EDGE_CURVE('',#1795,#1670,#2133,.T.);
#1567=EDGE_CURVE('',#1796,#1669,#2134,.T.);
#1568=EDGE_CURVE('',#1797,#1668,#2135,.T.);
#1569=EDGE_CURVE('',#1798,#1667,#2136,.T.);
#1570=EDGE_CURVE('',#1791,#1666,#2137,.T.);
#1571=EDGE_CURVE('',#1923,#1697,#2138,.T.);
#1572=EDGE_CURVE('',#1923,#1924,#2139,.T.);
#1573=EDGE_CURVE('',#1924,#1698,#2140,.T.);
#1574=EDGE_CURVE('',#1925,#1696,#2141,.T.);
#1575=EDGE_CURVE('',#1923,#1925,#324,.T.);
#1576=EDGE_CURVE('',#1925,#1712,#2142,.T.);
#1577=EDGE_CURVE('',#1926,#1924,#2143,.T.);
#1578=EDGE_CURVE('',#1926,#1699,#2144,.T.);
#1579=EDGE_CURVE('',#1927,#1703,#2145,.T.);
#1580=EDGE_CURVE('',#1927,#1713,#2146,.T.);
#1581=EDGE_CURVE('',#1928,#1702,#2147,.T.);
#1582=EDGE_CURVE('',#1927,#1928,#325,.T.);
#1583=EDGE_CURVE('',#1929,#1701,#2148,.T.);
#1584=EDGE_CURVE('',#1928,#1929,#2149,.T.);
#1585=EDGE_CURVE('',#1930,#1700,#2150,.T.);
#1586=EDGE_CURVE('',#1930,#1929,#2151,.T.);
#1587=EDGE_CURVE('',#1931,#1709,#2152,.T.);
#1588=EDGE_CURVE('',#1931,#1717,#2153,.T.);
#1589=EDGE_CURVE('',#1932,#1708,#2154,.T.);
#1590=EDGE_CURVE('',#1931,#1932,#326,.T.);
#1591=EDGE_CURVE('',#1932,#1716,#2155,.T.);
#1592=EDGE_CURVE('',#1933,#1691,#2156,.T.);
#1593=EDGE_CURVE('',#1933,#1721,#2157,.T.);
#1594=EDGE_CURVE('',#1934,#1690,#2158,.T.);
#1595=EDGE_CURVE('',#1933,#1934,#327,.T.);
#1596=EDGE_CURVE('',#1934,#1720,#2159,.T.);
#1597=EDGE_CURVE('',#1930,#1926,#328,.T.);
#1598=EDGE_CURVE('',#1711,#1722,#329,.T.);
#1599=EDGE_CURVE('',#1719,#1718,#330,.T.);
#1600=EDGE_CURVE('',#1715,#1714,#331,.T.);
#1601=EDGE_CURVE('',#1935,#1935,#332,.T.);
#1602=EDGE_CURVE('',#1936,#1936,#333,.T.);
#1603=EDGE_CURVE('',#1937,#1937,#334,.T.);
#1604=EDGE_CURVE('',#1938,#1938,#335,.T.);
#1605=EDGE_CURVE('',#1939,#1939,#336,.T.);
#1606=EDGE_CURVE('',#1940,#1940,#337,.F.);
#1607=EDGE_CURVE('',#1941,#1941,#338,.T.);
#1608=EDGE_CURVE('',#1942,#1942,#339,.T.);
#1609=EDGE_CURVE('',#1943,#1943,#340,.T.);
#1610=EDGE_CURVE('',#1944,#1944,#341,.T.);
#1611=EDGE_CURVE('',#1945,#1945,#342,.T.);
#1612=EDGE_CURVE('',#1946,#1946,#343,.T.);
#1613=EDGE_CURVE('',#1947,#1947,#344,.T.);
#1614=EDGE_CURVE('',#1948,#1948,#345,.T.);
#1615=EDGE_CURVE('',#1949,#1949,#346,.T.);
#1616=EDGE_CURVE('',#1950,#1950,#347,.T.);
#1617=EDGE_CURVE('',#1951,#1951,#348,.T.);
#1618=EDGE_CURVE('',#1952,#1952,#349,.T.);
#1619=EDGE_CURVE('',#1953,#1953,#350,.T.);
#1620=EDGE_CURVE('',#1954,#1954,#351,.T.);
#1621=EDGE_CURVE('',#1955,#1955,#352,.T.);
#1622=EDGE_CURVE('',#1956,#1956,#353,.T.);
#1623=EDGE_CURVE('',#1957,#1957,#354,.T.);
#1624=EDGE_CURVE('',#1958,#1958,#355,.T.);
#1625=EDGE_CURVE('',#1959,#1959,#356,.T.);
#1626=EDGE_CURVE('',#1960,#1960,#357,.T.);
#1627=EDGE_CURVE('',#1961,#1961,#358,.T.);
#1628=EDGE_CURVE('',#1962,#1962,#359,.T.);
#1629=EDGE_CURVE('',#1963,#1963,#360,.T.);
#1630=EDGE_CURVE('',#1964,#1964,#361,.T.);
#1631=EDGE_CURVE('',#1965,#1965,#362,.T.);
#1632=EDGE_CURVE('',#1966,#1966,#363,.T.);
#1633=EDGE_CURVE('',#1967,#1967,#364,.T.);
#1634=EDGE_CURVE('',#1968,#1968,#365,.T.);
#1635=EDGE_CURVE('',#1969,#1969,#366,.T.);
#1636=EDGE_CURVE('',#1970,#1970,#367,.T.);
#1637=EDGE_CURVE('',#1971,#1971,#368,.T.);
#1638=EDGE_CURVE('',#1972,#1972,#369,.T.);
#1639=EDGE_CURVE('',#1973,#1973,#370,.T.);
#1640=EDGE_CURVE('',#1974,#1974,#371,.T.);
#1641=EDGE_CURVE('',#1975,#1975,#372,.T.);
#1642=EDGE_CURVE('',#1976,#1976,#373,.T.);
#1643=EDGE_CURVE('',#1977,#1977,#374,.T.);
#1644=EDGE_CURVE('',#1978,#1978,#375,.T.);
#1645=EDGE_CURVE('',#1979,#1979,#376,.T.);
#1646=EDGE_CURVE('',#1980,#1980,#377,.T.);
#1647=EDGE_CURVE('',#1981,#1981,#378,.T.);
#1648=EDGE_CURVE('',#1982,#1982,#379,.T.);
#1649=EDGE_CURVE('',#1983,#1983,#380,.T.);
#1650=EDGE_CURVE('',#1984,#1984,#381,.T.);
#1651=EDGE_CURVE('',#1985,#1985,#382,.T.);
#1652=EDGE_CURVE('',#1986,#1986,#383,.T.);
#1653=EDGE_CURVE('',#1987,#1987,#384,.T.);
#1654=EDGE_CURVE('',#1988,#1988,#385,.T.);
#1655=VERTEX_POINT('',#4865);
#1656=VERTEX_POINT('',#4866);
#1657=VERTEX_POINT('',#4868);
#1658=VERTEX_POINT('',#4870);
#1659=VERTEX_POINT('',#4873);
#1660=VERTEX_POINT('',#4874);
#1661=VERTEX_POINT('',#4876);
#1662=VERTEX_POINT('',#4878);
#1663=VERTEX_POINT('',#4881);
#1664=VERTEX_POINT('',#4882);
#1665=VERTEX_POINT('',#4884);
#1666=VERTEX_POINT('',#4886);
#1667=VERTEX_POINT('',#4888);
#1668=VERTEX_POINT('',#4890);
#1669=VERTEX_POINT('',#4892);
#1670=VERTEX_POINT('',#4894);
#1671=VERTEX_POINT('',#4897);
#1672=VERTEX_POINT('',#4899);
#1673=VERTEX_POINT('',#4901);
#1674=VERTEX_POINT('',#4903);
#1675=VERTEX_POINT('',#4905);
#1676=VERTEX_POINT('',#4907);
#1677=VERTEX_POINT('',#4909);
#1678=VERTEX_POINT('',#4911);
#1679=VERTEX_POINT('',#4913);
#1680=VERTEX_POINT('',#4915);
#1681=VERTEX_POINT('',#4917);
#1682=VERTEX_POINT('',#4919);
#1683=VERTEX_POINT('',#4921);
#1684=VERTEX_POINT('',#4923);
#1685=VERTEX_POINT('',#4925);
#1686=VERTEX_POINT('',#4927);
#1687=VERTEX_POINT('',#4929);
#1688=VERTEX_POINT('',#4930);
#1689=VERTEX_POINT('',#4932);
#1690=VERTEX_POINT('',#4934);
#1691=VERTEX_POINT('',#4936);
#1692=VERTEX_POINT('',#4938);
#1693=VERTEX_POINT('',#4940);
#1694=VERTEX_POINT('',#4942);
#1695=VERTEX_POINT('',#4944);
#1696=VERTEX_POINT('',#4946);
#1697=VERTEX_POINT('',#4948);
#1698=VERTEX_POINT('',#4950);
#1699=VERTEX_POINT('',#4952);
#1700=VERTEX_POINT('',#4954);
#1701=VERTEX_POINT('',#4956);
#1702=VERTEX_POINT('',#4958);
#1703=VERTEX_POINT('',#4960);
#1704=VERTEX_POINT('',#4962);
#1705=VERTEX_POINT('',#4964);
#1706=VERTEX_POINT('',#4966);
#1707=VERTEX_POINT('',#4968);
#1708=VERTEX_POINT('',#4970);
#1709=VERTEX_POINT('',#4972);
#1710=VERTEX_POINT('',#4974);
#1711=VERTEX_POINT('',#4978);
#1712=VERTEX_POINT('',#4980);
#1713=VERTEX_POINT('',#4984);
#1714=VERTEX_POINT('',#4985);
#1715=VERTEX_POINT('',#4990);
#1716=VERTEX_POINT('',#4992);
#1717=VERTEX_POINT('',#4996);
#1718=VERTEX_POINT('',#4997);
#1719=VERTEX_POINT('',#5002);
#1720=VERTEX_POINT('',#5004);
#1721=VERTEX_POINT('',#5008);
#1722=VERTEX_POINT('',#5009);
#1723=VERTEX_POINT('',#5014);
#1724=VERTEX_POINT('',#5017);
#1725=VERTEX_POINT('',#5020);
#1726=VERTEX_POINT('',#5023);
#1727=VERTEX_POINT('',#5026);
#1728=VERTEX_POINT('',#5029);
#1729=VERTEX_POINT('',#5032);
#1730=VERTEX_POINT('',#5035);
#1731=VERTEX_POINT('',#5038);
#1732=VERTEX_POINT('',#5041);
#1733=VERTEX_POINT('',#5044);
#1734=VERTEX_POINT('',#5047);
#1735=VERTEX_POINT('',#5050);
#1736=VERTEX_POINT('',#5052);
#1737=VERTEX_POINT('',#5054);
#1738=VERTEX_POINT('',#5056);
#1739=VERTEX_POINT('',#5058);
#1740=VERTEX_POINT('',#5060);
#1741=VERTEX_POINT('',#5062);
#1742=VERTEX_POINT('',#5064);
#1743=VERTEX_POINT('',#5066);
#1744=VERTEX_POINT('',#5068);
#1745=VERTEX_POINT('',#5070);
#1746=VERTEX_POINT('',#5072);
#1747=VERTEX_POINT('',#5074);
#1748=VERTEX_POINT('',#5076);
#1749=VERTEX_POINT('',#5078);
#1750=VERTEX_POINT('',#5080);
#1751=VERTEX_POINT('',#5082);
#1752=VERTEX_POINT('',#5084);
#1753=VERTEX_POINT('',#5086);
#1754=VERTEX_POINT('',#5088);
#1755=VERTEX_POINT('',#5090);
#1756=VERTEX_POINT('',#5092);
#1757=VERTEX_POINT('',#5094);
#1758=VERTEX_POINT('',#5096);
#1759=VERTEX_POINT('',#5098);
#1760=VERTEX_POINT('',#5100);
#1761=VERTEX_POINT('',#5102);
#1762=VERTEX_POINT('',#5104);
#1763=VERTEX_POINT('',#5106);
#1764=VERTEX_POINT('',#5108);
#1765=VERTEX_POINT('',#5110);
#1766=VERTEX_POINT('',#5112);
#1767=VERTEX_POINT('',#5114);
#1768=VERTEX_POINT('',#5116);
#1769=VERTEX_POINT('',#5118);
#1770=VERTEX_POINT('',#5120);
#1771=VERTEX_POINT('',#5122);
#1772=VERTEX_POINT('',#5124);
#1773=VERTEX_POINT('',#5126);
#1774=VERTEX_POINT('',#5128);
#1775=VERTEX_POINT('',#5130);
#1776=VERTEX_POINT('',#5132);
#1777=VERTEX_POINT('',#5134);
#1778=VERTEX_POINT('',#5136);
#1779=VERTEX_POINT('',#5138);
#1780=VERTEX_POINT('',#5140);
#1781=VERTEX_POINT('',#5142);
#1782=VERTEX_POINT('',#5144);
#1783=VERTEX_POINT('',#5146);
#1784=VERTEX_POINT('',#5148);
#1785=VERTEX_POINT('',#5150);
#1786=VERTEX_POINT('',#5152);
#1787=VERTEX_POINT('',#5154);
#1788=VERTEX_POINT('',#5156);
#1789=VERTEX_POINT('',#5158);
#1790=VERTEX_POINT('',#5160);
#1791=VERTEX_POINT('',#5162);
#1792=VERTEX_POINT('',#5163);
#1793=VERTEX_POINT('',#5165);
#1794=VERTEX_POINT('',#5167);
#1795=VERTEX_POINT('',#5169);
#1796=VERTEX_POINT('',#5171);
#1797=VERTEX_POINT('',#5173);
#1798=VERTEX_POINT('',#5175);
#1799=VERTEX_POINT('',#5178);
#1800=VERTEX_POINT('',#5179);
#1801=VERTEX_POINT('',#5181);
#1802=VERTEX_POINT('',#5183);
#1803=VERTEX_POINT('',#5186);
#1804=VERTEX_POINT('',#5187);
#1805=VERTEX_POINT('',#5189);
#1806=VERTEX_POINT('',#5191);
#1807=VERTEX_POINT('',#5195);
#1808=VERTEX_POINT('',#5196);
#1809=VERTEX_POINT('',#5198);
#1810=VERTEX_POINT('',#5200);
#1811=VERTEX_POINT('',#5202);
#1812=VERTEX_POINT('',#5204);
#1813=VERTEX_POINT('',#5206);
#1814=VERTEX_POINT('',#5208);
#1815=VERTEX_POINT('',#5212);
#1816=VERTEX_POINT('',#5213);
#1817=VERTEX_POINT('',#5215);
#1818=VERTEX_POINT('',#5217);
#1819=VERTEX_POINT('',#5220);
#1820=VERTEX_POINT('',#5222);
#1821=VERTEX_POINT('',#5226);
#1822=VERTEX_POINT('',#5227);
#1823=VERTEX_POINT('',#5229);
#1824=VERTEX_POINT('',#5231);
#1825=VERTEX_POINT('',#5233);
#1826=VERTEX_POINT('',#5235);
#1827=VERTEX_POINT('',#5240);
#1828=VERTEX_POINT('',#5241);
#1829=VERTEX_POINT('',#5243);
#1830=VERTEX_POINT('',#5245);
#1831=VERTEX_POINT('',#5247);
#1832=VERTEX_POINT('',#5249);
#1833=VERTEX_POINT('',#5251);
#1834=VERTEX_POINT('',#5253);
#1835=VERTEX_POINT('',#5257);
#1836=VERTEX_POINT('',#5258);
#1837=VERTEX_POINT('',#5260);
#1838=VERTEX_POINT('',#5262);
#1839=VERTEX_POINT('',#5266);
#1840=VERTEX_POINT('',#5267);
#1841=VERTEX_POINT('',#5272);
#1842=VERTEX_POINT('',#5273);
#1843=VERTEX_POINT('',#5278);
#1844=VERTEX_POINT('',#5279);
#1845=VERTEX_POINT('',#5284);
#1846=VERTEX_POINT('',#5285);
#1847=VERTEX_POINT('',#5309);
#1848=VERTEX_POINT('',#5311);
#1849=VERTEX_POINT('',#5313);
#1850=VERTEX_POINT('',#5315);
#1851=VERTEX_POINT('',#5318);
#1852=VERTEX_POINT('',#5319);
#1853=VERTEX_POINT('',#5335);
#1854=VERTEX_POINT('',#5357);
#1855=VERTEX_POINT('',#5358);
#1856=VERTEX_POINT('',#5374);
#1857=VERTEX_POINT('',#5396);
#1858=VERTEX_POINT('',#5397);
#1859=VERTEX_POINT('',#5413);
#1860=VERTEX_POINT('',#5435);
#1861=VERTEX_POINT('',#5436);
#1862=VERTEX_POINT('',#5452);
#1863=VERTEX_POINT('',#5478);
#1864=VERTEX_POINT('',#5479);
#1865=VERTEX_POINT('',#5481);
#1866=VERTEX_POINT('',#5483);
#1867=VERTEX_POINT('',#5485);
#1868=VERTEX_POINT('',#5487);
#1869=VERTEX_POINT('',#5489);
#1870=VERTEX_POINT('',#5491);
#1871=VERTEX_POINT('',#5495);
#1872=VERTEX_POINT('',#5497);
#1873=VERTEX_POINT('',#5499);
#1874=VERTEX_POINT('',#5501);
#1875=VERTEX_POINT('',#5503);
#1876=VERTEX_POINT('',#5505);
#1877=VERTEX_POINT('',#5507);
#1878=VERTEX_POINT('',#5509);
#1879=VERTEX_POINT('',#5511);
#1880=VERTEX_POINT('',#5513);
#1881=VERTEX_POINT('',#5514);
#1882=VERTEX_POINT('',#5516);
#1883=VERTEX_POINT('',#5518);
#1884=VERTEX_POINT('',#5520);
#1885=VERTEX_POINT('',#5522);
#1886=VERTEX_POINT('',#5524);
#1887=VERTEX_POINT('',#5526);
#1888=VERTEX_POINT('',#5528);
#1889=VERTEX_POINT('',#5531);
#1890=VERTEX_POINT('',#5532);
#1891=VERTEX_POINT('',#5534);
#1892=VERTEX_POINT('',#5536);
#1893=VERTEX_POINT('',#5538);
#1894=VERTEX_POINT('',#5540);
#1895=VERTEX_POINT('',#5542);
#1896=VERTEX_POINT('',#5544);
#1897=VERTEX_POINT('',#5564);
#1898=VERTEX_POINT('',#5566);
#1899=VERTEX_POINT('',#5570);
#1900=VERTEX_POINT('',#5574);
#1901=VERTEX_POINT('',#5578);
#1902=VERTEX_POINT('',#5580);
#1903=VERTEX_POINT('',#5586);
#1904=VERTEX_POINT('',#5590);
#1905=VERTEX_POINT('',#5596);
#1906=VERTEX_POINT('',#5598);
#1907=VERTEX_POINT('',#5600);
#1908=VERTEX_POINT('',#5602);
#1909=VERTEX_POINT('',#5604);
#1910=VERTEX_POINT('',#5606);
#1911=VERTEX_POINT('',#5608);
#1912=VERTEX_POINT('',#5610);
#1913=VERTEX_POINT('',#5612);
#1914=VERTEX_POINT('',#5614);
#1915=VERTEX_POINT('',#5615);
#1916=VERTEX_POINT('',#5617);
#1917=VERTEX_POINT('',#5619);
#1918=VERTEX_POINT('',#5621);
#1919=VERTEX_POINT('',#5623);
#1920=VERTEX_POINT('',#5625);
#1921=VERTEX_POINT('',#5627);
#1922=VERTEX_POINT('',#5629);
#1923=VERTEX_POINT('',#5684);
#1924=VERTEX_POINT('',#5686);
#1925=VERTEX_POINT('',#5690);
#1926=VERTEX_POINT('',#5696);
#1927=VERTEX_POINT('',#5700);
#1928=VERTEX_POINT('',#5704);
#1929=VERTEX_POINT('',#5708);
#1930=VERTEX_POINT('',#5712);
#1931=VERTEX_POINT('',#5716);
#1932=VERTEX_POINT('',#5720);
#1933=VERTEX_POINT('',#5726);
#1934=VERTEX_POINT('',#5730);
#1935=VERTEX_POINT('',#5740);
#1936=VERTEX_POINT('',#5742);
#1937=VERTEX_POINT('',#5744);
#1938=VERTEX_POINT('',#5746);
#1939=VERTEX_POINT('',#5748);
#1940=VERTEX_POINT('',#5763);
#1941=VERTEX_POINT('',#5766);
#1942=VERTEX_POINT('',#5768);
#1943=VERTEX_POINT('',#5770);
#1944=VERTEX_POINT('',#5772);
#1945=VERTEX_POINT('',#5774);
#1946=VERTEX_POINT('',#5776);
#1947=VERTEX_POINT('',#5778);
#1948=VERTEX_POINT('',#5780);
#1949=VERTEX_POINT('',#5782);
#1950=VERTEX_POINT('',#5784);
#1951=VERTEX_POINT('',#5786);
#1952=VERTEX_POINT('',#5788);
#1953=VERTEX_POINT('',#5790);
#1954=VERTEX_POINT('',#5792);
#1955=VERTEX_POINT('',#5794);
#1956=VERTEX_POINT('',#5796);
#1957=VERTEX_POINT('',#5798);
#1958=VERTEX_POINT('',#5800);
#1959=VERTEX_POINT('',#5802);
#1960=VERTEX_POINT('',#5804);
#1961=VERTEX_POINT('',#5806);
#1962=VERTEX_POINT('',#5808);
#1963=VERTEX_POINT('',#5810);
#1964=VERTEX_POINT('',#5812);
#1965=VERTEX_POINT('',#5814);
#1966=VERTEX_POINT('',#5816);
#1967=VERTEX_POINT('',#5818);
#1968=VERTEX_POINT('',#5820);
#1969=VERTEX_POINT('',#5822);
#1970=VERTEX_POINT('',#5824);
#1971=VERTEX_POINT('',#5826);
#1972=VERTEX_POINT('',#5828);
#1973=VERTEX_POINT('',#5830);
#1974=VERTEX_POINT('',#5832);
#1975=VERTEX_POINT('',#5834);
#1976=VERTEX_POINT('',#5836);
#1977=VERTEX_POINT('',#5838);
#1978=VERTEX_POINT('',#5840);
#1979=VERTEX_POINT('',#5842);
#1980=VERTEX_POINT('',#5844);
#1981=VERTEX_POINT('',#5846);
#1982=VERTEX_POINT('',#5848);
#1983=VERTEX_POINT('',#5850);
#1984=VERTEX_POINT('',#5852);
#1985=VERTEX_POINT('',#5854);
#1986=VERTEX_POINT('',#5856);
#1987=VERTEX_POINT('',#5858);
#1988=VERTEX_POINT('',#5860);
#1989=LINE('',#4864,#2160);
#1990=LINE('',#4867,#2161);
#1991=LINE('',#4869,#2162);
#1992=LINE('',#4871,#2163);
#1993=LINE('',#4872,#2164);
#1994=LINE('',#4875,#2165);
#1995=LINE('',#4877,#2166);
#1996=LINE('',#4879,#2167);
#1997=LINE('',#4883,#2168);
#1998=LINE('',#4887,#2169);
#1999=LINE('',#4891,#2170);
#2000=LINE('',#4895,#2171);
#2001=LINE('',#4931,#2172);
#2002=LINE('',#4933,#2173);
#2003=LINE('',#4937,#2174);
#2004=LINE('',#4939,#2175);
#2005=LINE('',#4943,#2176);
#2006=LINE('',#4945,#2177);
#2007=LINE('',#4949,#2178);
#2008=LINE('',#4951,#2179);
#2009=LINE('',#4955,#2180);
#2010=LINE('',#4957,#2181);
#2011=LINE('',#4961,#2182);
#2012=LINE('',#4963,#2183);
#2013=LINE('',#4967,#2184);
#2014=LINE('',#4969,#2185);
#2015=LINE('',#4973,#2186);
#2016=LINE('',#4975,#2187);
#2017=LINE('',#4977,#2188);
#2018=LINE('',#4979,#2189);
#2019=LINE('',#4981,#2190);
#2020=LINE('',#4983,#2191);
#2021=LINE('',#4986,#2192);
#2022=LINE('',#4987,#2193);
#2023=LINE('',#4989,#2194);
#2024=LINE('',#4991,#2195);
#2025=LINE('',#4993,#2196);
#2026=LINE('',#4995,#2197);
#2027=LINE('',#4998,#2198);
#2028=LINE('',#4999,#2199);
#2029=LINE('',#5001,#2200);
#2030=LINE('',#5003,#2201);
#2031=LINE('',#5005,#2202);
#2032=LINE('',#5007,#2203);
#2033=LINE('',#5010,#2204);
#2034=LINE('',#5011,#2205);
#2035=LINE('',#5164,#2206);
#2036=LINE('',#5168,#2207);
#2037=LINE('',#5172,#2208);
#2038=LINE('',#5176,#2209);
#2039=LINE('',#5177,#2210);
#2040=LINE('',#5180,#2211);
#2041=LINE('',#5182,#2212);
#2042=LINE('',#5184,#2213);
#2043=LINE('',#5185,#2214);
#2044=LINE('',#5188,#2215);
#2045=LINE('',#5190,#2216);
#2046=LINE('',#5192,#2217);
#2047=LINE('',#5194,#2218);
#2048=LINE('',#5199,#2219);
#2049=LINE('',#5203,#2220);
#2050=LINE('',#5207,#2221);
#2051=LINE('',#5211,#2222);
#2052=LINE('',#5216,#2223);
#2053=LINE('',#5221,#2224);
#2054=LINE('',#5225,#2225);
#2055=LINE('',#5230,#2226);
#2056=LINE('',#5234,#2227);
#2057=LINE('',#5239,#2228);
#2058=LINE('',#5244,#2229);
#2059=LINE('',#5248,#2230);
#2060=LINE('',#5252,#2231);
#2061=LINE('',#5256,#2232);
#2062=LINE('',#5259,#2233);
#2063=LINE('',#5261,#2234);
#2064=LINE('',#5263,#2235);
#2065=LINE('',#5265,#2236);
#2066=LINE('',#5271,#2237);
#2067=LINE('',#5274,#2238);
#2068=LINE('',#5275,#2239);
#2069=LINE('',#5277,#2240);
#2070=LINE('',#5283,#2241);
#2071=LINE('',#5286,#2242);
#2072=LINE('',#5287,#2243);
#2073=LINE('',#5292,#2244);
#2074=LINE('',#5293,#2245);
#2075=LINE('',#5295,#2246);
#2076=LINE('',#5296,#2247);
#2077=LINE('',#5298,#2248);
#2078=LINE('',#5299,#2249);
#2079=LINE('',#5480,#2250);
#2080=LINE('',#5484,#2251);
#2081=LINE('',#5488,#2252);
#2082=LINE('',#5492,#2253);
#2083=LINE('',#5512,#2254);
#2084=LINE('',#5515,#2255);
#2085=LINE('',#5517,#2256);
#2086=LINE('',#5519,#2257);
#2087=LINE('',#5521,#2258);
#2088=LINE('',#5523,#2259);
#2089=LINE('',#5525,#2260);
#2090=LINE('',#5527,#2261);
#2091=LINE('',#5529,#2262);
#2092=LINE('',#5530,#2263);
#2093=LINE('',#5535,#2264);
#2094=LINE('',#5539,#2265);
#2095=LINE('',#5543,#2266);
#2096=LINE('',#5563,#2267);
#2097=LINE('',#5567,#2268);
#2098=LINE('',#5569,#2269);
#2099=LINE('',#5571,#2270);
#2100=LINE('',#5575,#2271);
#2101=LINE('',#5577,#2272);
#2102=LINE('',#5581,#2273);
#2103=LINE('',#5583,#2274);
#2104=LINE('',#5585,#2275);
#2105=LINE('',#5587,#2276);
#2106=LINE('',#5591,#2277);
#2107=LINE('',#5593,#2278);
#2108=LINE('',#5613,#2279);
#2109=LINE('',#5616,#2280);
#2110=LINE('',#5618,#2281);
#2111=LINE('',#5620,#2282);
#2112=LINE('',#5622,#2283);
#2113=LINE('',#5624,#2284);
#2114=LINE('',#5626,#2285);
#2115=LINE('',#5628,#2286);
#2116=LINE('',#5630,#2287);
#2117=LINE('',#5632,#2288);
#2118=LINE('',#5633,#2289);
#2119=LINE('',#5635,#2290);
#2120=LINE('',#5637,#2291);
#2121=LINE('',#5639,#2292);
#2122=LINE('',#5641,#2293);
#2123=LINE('',#5643,#2294);
#2124=LINE('',#5645,#2295);
#2125=LINE('',#5647,#2296);
#2126=LINE('',#5659,#2297);
#2127=LINE('',#5660,#2298);
#2128=LINE('',#5662,#2299);
#2129=LINE('',#5664,#2300);
#2130=LINE('',#5667,#2301);
#2131=LINE('',#5668,#2302);
#2132=LINE('',#5670,#2303);
#2133=LINE('',#5672,#2304);
#2134=LINE('',#5674,#2305);
#2135=LINE('',#5676,#2306);
#2136=LINE('',#5678,#2307);
#2137=LINE('',#5680,#2308);
#2138=LINE('',#5683,#2309);
#2139=LINE('',#5685,#2310);
#2140=LINE('',#5687,#2311);
#2141=LINE('',#5689,#2312);
#2142=LINE('',#5693,#2313);
#2143=LINE('',#5695,#2314);
#2144=LINE('',#5697,#2315);
#2145=LINE('',#5699,#2316);
#2146=LINE('',#5701,#2317);
#2147=LINE('',#5703,#2318);
#2148=LINE('',#5707,#2319);
#2149=LINE('',#5709,#2320);
#2150=LINE('',#5711,#2321);
#2151=LINE('',#5713,#2322);
#2152=LINE('',#5715,#2323);
#2153=LINE('',#5717,#2324);
#2154=LINE('',#5719,#2325);
#2155=LINE('',#5723,#2326);
#2156=LINE('',#5725,#2327);
#2157=LINE('',#5727,#2328);
#2158=LINE('',#5729,#2329);
#2159=LINE('',#5733,#2330);
#2160=VECTOR('',#3859,1.);
#2161=VECTOR('',#3860,1.);
#2162=VECTOR('',#3861,1.);
#2163=VECTOR('',#3862,1.);
#2164=VECTOR('',#3863,1.);
#2165=VECTOR('',#3864,1.);
#2166=VECTOR('',#3865,1.);
#2167=VECTOR('',#3866,1.);
#2168=VECTOR('',#3869,1.);
#2169=VECTOR('',#3872,1.);
#2170=VECTOR('',#3875,1.);
#2171=VECTOR('',#3878,1.);
#2172=VECTOR('',#3913,1.);
#2173=VECTOR('',#3914,1.);
#2174=VECTOR('',#3917,1.);
#2175=VECTOR('',#3918,1.);
#2176=VECTOR('',#3921,1.);
#2177=VECTOR('',#3922,1.);
#2178=VECTOR('',#3925,1.);
#2179=VECTOR('',#3926,1.);
#2180=VECTOR('',#3929,1.);
#2181=VECTOR('',#3930,1.);
#2182=VECTOR('',#3933,1.);
#2183=VECTOR('',#3934,1.);
#2184=VECTOR('',#3937,1.);
#2185=VECTOR('',#3938,1.);
#2186=VECTOR('',#3941,1.);
#2187=VECTOR('',#3942,1.);
#2188=VECTOR('',#3945,1.);
#2189=VECTOR('',#3946,1.);
#2190=VECTOR('',#3947,1.);
#2191=VECTOR('',#3950,1.);
#2192=VECTOR('',#3951,1.);
#2193=VECTOR('',#3952,1.);
#2194=VECTOR('',#3955,1.);
#2195=VECTOR('',#3956,1.);
#2196=VECTOR('',#3957,1.);
#2197=VECTOR('',#3960,1.);
#2198=VECTOR('',#3961,1.);
#2199=VECTOR('',#3962,1.);
#2200=VECTOR('',#3965,1.);
#2201=VECTOR('',#3966,1.);
#2202=VECTOR('',#3967,1.);
#2203=VECTOR('',#3970,1.);
#2204=VECTOR('',#3971,1.);
#2205=VECTOR('',#3972,1.);
#2206=VECTOR('',#4137,1.);
#2207=VECTOR('',#4140,1.);
#2208=VECTOR('',#4143,1.);
#2209=VECTOR('',#4146,1.);
#2210=VECTOR('',#4147,1.);
#2211=VECTOR('',#4148,1.);
#2212=VECTOR('',#4149,1.);
#2213=VECTOR('',#4150,1.);
#2214=VECTOR('',#4151,1.);
#2215=VECTOR('',#4152,1.);
#2216=VECTOR('',#4153,1.);
#2217=VECTOR('',#4154,1.);
#2218=VECTOR('',#4157,1.);
#2219=VECTOR('',#4160,1.);
#2220=VECTOR('',#4163,1.);
#2221=VECTOR('',#4166,1.);
#2222=VECTOR('',#4171,1.);
#2223=VECTOR('',#4174,1.);
#2224=VECTOR('',#4179,1.);
#2225=VECTOR('',#4184,1.);
#2226=VECTOR('',#4187,1.);
#2227=VECTOR('',#4190,1.);
#2228=VECTOR('',#4197,1.);
#2229=VECTOR('',#4200,1.);
#2230=VECTOR('',#4203,1.);
#2231=VECTOR('',#4206,1.);
#2232=VECTOR('',#4211,1.);
#2233=VECTOR('',#4212,1.);
#2234=VECTOR('',#4213,1.);
#2235=VECTOR('',#4214,1.);
#2236=VECTOR('',#4217,1.);
#2237=VECTOR('',#4224,1.);
#2238=VECTOR('',#4225,1.);
#2239=VECTOR('',#4226,1.);
#2240=VECTOR('',#4229,1.);
#2241=VECTOR('',#4236,1.);
#2242=VECTOR('',#4237,1.);
#2243=VECTOR('',#4238,1.);
#2244=VECTOR('',#4247,1.);
#2245=VECTOR('',#4248,1.);
#2246=VECTOR('',#4251,1.);
#2247=VECTOR('',#4252,1.);
#2248=VECTOR('',#4255,1.);
#2249=VECTOR('',#4256,1.);
#2250=VECTOR('',#4333,1.);
#2251=VECTOR('',#4336,1.);
#2252=VECTOR('',#4339,1.);
#2253=VECTOR('',#4342,1.);
#2254=VECTOR('',#4363,1.);
#2255=VECTOR('',#4364,1.);
#2256=VECTOR('',#4365,1.);
#2257=VECTOR('',#4366,1.);
#2258=VECTOR('',#4367,1.);
#2259=VECTOR('',#4368,1.);
#2260=VECTOR('',#4369,1.);
#2261=VECTOR('',#4370,1.);
#2262=VECTOR('',#4371,1.);
#2263=VECTOR('',#4372,1.);
#2264=VECTOR('',#4375,1.);
#2265=VECTOR('',#4378,1.);
#2266=VECTOR('',#4381,1.);
#2267=VECTOR('',#4418,1.);
#2268=VECTOR('',#4421,1.);
#2269=VECTOR('',#4424,1.);
#2270=VECTOR('',#4425,1.);
#2271=VECTOR('',#4430,1.);
#2272=VECTOR('',#4433,1.);
#2273=VECTOR('',#4436,1.);
#2274=VECTOR('',#4439,1.);
#2275=VECTOR('',#4442,1.);
#2276=VECTOR('',#4443,1.);
#2277=VECTOR('',#4448,1.);
#2278=VECTOR('',#4451,1.);
#2279=VECTOR('',#4472,1.);
#2280=VECTOR('',#4473,1.);
#2281=VECTOR('',#4474,1.);
#2282=VECTOR('',#4475,1.);
#2283=VECTOR('',#4476,1.);
#2284=VECTOR('',#4477,1.);
#2285=VECTOR('',#4478,1.);
#2286=VECTOR('',#4479,1.);
#2287=VECTOR('',#4480,1.);
#2288=VECTOR('',#4483,1.);
#2289=VECTOR('',#4484,1.);
#2290=VECTOR('',#4487,1.);
#2291=VECTOR('',#4490,1.);
#2292=VECTOR('',#4493,1.);
#2293=VECTOR('',#4496,1.);
#2294=VECTOR('',#4499,1.);
#2295=VECTOR('',#4502,1.);
#2296=VECTOR('',#4505,1.);
#2297=VECTOR('',#4528,1.);
#2298=VECTOR('',#4529,1.);
#2299=VECTOR('',#4532,1.);
#2300=VECTOR('',#4535,1.);
#2301=VECTOR('',#4540,1.);
#2302=VECTOR('',#4541,1.);
#2303=VECTOR('',#4544,1.);
#2304=VECTOR('',#4547,1.);
#2305=VECTOR('',#4550,1.);
#2306=VECTOR('',#4553,1.);
#2307=VECTOR('',#4556,1.);
#2308=VECTOR('',#4559,1.);
#2309=VECTOR('',#4564,1.);
#2310=VECTOR('',#4565,1.);
#2311=VECTOR('',#4566,1.);
#2312=VECTOR('',#4569,1.);
#2313=VECTOR('',#4574,1.);
#2314=VECTOR('',#4577,1.);
#2315=VECTOR('',#4578,1.);
#2316=VECTOR('',#4581,1.);
#2317=VECTOR('',#4582,1.);
#2318=VECTOR('',#4585,1.);
#2319=VECTOR('',#4590,1.);
#2320=VECTOR('',#4591,1.);
#2321=VECTOR('',#4594,1.);
#2322=VECTOR('',#4595,1.);
#2323=VECTOR('',#4598,1.);
#2324=VECTOR('',#4599,1.);
#2325=VECTOR('',#4602,1.);
#2326=VECTOR('',#4607,1.);
#2327=VECTOR('',#4610,1.);
#2328=VECTOR('',#4611,1.);
#2329=VECTOR('',#4614,1.);
#2330=VECTOR('',#4619,1.);
#2331=EDGE_LOOP('',(#386,#387,#388,#389));
#2332=EDGE_LOOP('',(#390,#391,#392,#393));
#2333=EDGE_LOOP('',(#394,#395,#396,#397,#398,#399,#400,#401));
#2334=EDGE_LOOP('',(#402));
#2335=EDGE_LOOP('',(#403));
#2336=EDGE_LOOP('',(#404));
#2337=EDGE_LOOP('',(#405));
#2338=EDGE_LOOP('',(#406));
#2339=EDGE_LOOP('',(#407));
#2340=EDGE_LOOP('',(#408));
#2341=EDGE_LOOP('',(#409));
#2342=EDGE_LOOP('',(#410));
#2343=EDGE_LOOP('',(#411));
#2344=EDGE_LOOP('',(#412));
#2345=EDGE_LOOP('',(#413));
#2346=EDGE_LOOP('',(#414));
#2347=EDGE_LOOP('',(#415));
#2348=EDGE_LOOP('',(#416));
#2349=EDGE_LOOP('',(#417));
#2350=EDGE_LOOP('',(#418,#419,#420,#421,#422,#423,#424,#425,#426,#427,#428,
#429,#430,#431,#432,#433,#434,#435,#436,#437,#438,#439,#440,#441));
#2351=EDGE_LOOP('',(#442,#443,#444,#445));
#2352=EDGE_LOOP('',(#446,#447,#448,#449));
#2353=EDGE_LOOP('',(#450,#451,#452,#453));
#2354=EDGE_LOOP('',(#454,#455,#456,#457));
#2355=EDGE_LOOP('',(#458,#459,#460,#461));
#2356=EDGE_LOOP('',(#462,#463,#464,#465));
#2357=EDGE_LOOP('',(#466));
#2358=EDGE_LOOP('',(#467));
#2359=EDGE_LOOP('',(#468));
#2360=EDGE_LOOP('',(#469));
#2361=EDGE_LOOP('',(#470));
#2362=EDGE_LOOP('',(#471));
#2363=EDGE_LOOP('',(#472));
#2364=EDGE_LOOP('',(#473));
#2365=EDGE_LOOP('',(#474));
#2366=EDGE_LOOP('',(#475));
#2367=EDGE_LOOP('',(#476));
#2368=EDGE_LOOP('',(#477));
#2369=EDGE_LOOP('',(#478));
#2370=EDGE_LOOP('',(#479));
#2371=EDGE_LOOP('',(#480));
#2372=EDGE_LOOP('',(#481));
#2373=EDGE_LOOP('',(#482));
#2374=EDGE_LOOP('',(#483));
#2375=EDGE_LOOP('',(#484));
#2376=EDGE_LOOP('',(#485));
#2377=EDGE_LOOP('',(#486));
#2378=EDGE_LOOP('',(#487));
#2379=EDGE_LOOP('',(#488));
#2380=EDGE_LOOP('',(#489));
#2381=EDGE_LOOP('',(#490));
#2382=EDGE_LOOP('',(#491));
#2383=EDGE_LOOP('',(#492));
#2384=EDGE_LOOP('',(#493));
#2385=EDGE_LOOP('',(#494));
#2386=EDGE_LOOP('',(#495));
#2387=EDGE_LOOP('',(#496));
#2388=EDGE_LOOP('',(#497));
#2389=EDGE_LOOP('',(#498));
#2390=EDGE_LOOP('',(#499));
#2391=EDGE_LOOP('',(#500));
#2392=EDGE_LOOP('',(#501));
#2393=EDGE_LOOP('',(#502));
#2394=EDGE_LOOP('',(#503));
#2395=EDGE_LOOP('',(#504));
#2396=EDGE_LOOP('',(#505));
#2397=EDGE_LOOP('',(#506));
#2398=EDGE_LOOP('',(#507));
#2399=EDGE_LOOP('',(#508));
#2400=EDGE_LOOP('',(#509));
#2401=EDGE_LOOP('',(#510));
#2402=EDGE_LOOP('',(#511));
#2403=EDGE_LOOP('',(#512));
#2404=EDGE_LOOP('',(#513));
#2405=EDGE_LOOP('',(#514));
#2406=EDGE_LOOP('',(#515));
#2407=EDGE_LOOP('',(#516));
#2408=EDGE_LOOP('',(#517));
#2409=EDGE_LOOP('',(#518));
#2410=EDGE_LOOP('',(#519));
#2411=EDGE_LOOP('',(#520));
#2412=EDGE_LOOP('',(#521));
#2413=EDGE_LOOP('',(#522));
#2414=EDGE_LOOP('',(#523));
#2415=EDGE_LOOP('',(#524));
#2416=EDGE_LOOP('',(#525));
#2417=EDGE_LOOP('',(#526));
#2418=EDGE_LOOP('',(#527));
#2419=EDGE_LOOP('',(#528));
#2420=EDGE_LOOP('',(#529));
#2421=EDGE_LOOP('',(#530));
#2422=EDGE_LOOP('',(#531));
#2423=EDGE_LOOP('',(#532));
#2424=EDGE_LOOP('',(#533));
#2425=EDGE_LOOP('',(#534));
#2426=EDGE_LOOP('',(#535));
#2427=EDGE_LOOP('',(#536));
#2428=EDGE_LOOP('',(#537));
#2429=EDGE_LOOP('',(#538));
#2430=EDGE_LOOP('',(#539));
#2431=EDGE_LOOP('',(#540));
#2432=EDGE_LOOP('',(#541));
#2433=EDGE_LOOP('',(#542));
#2434=EDGE_LOOP('',(#543));
#2435=EDGE_LOOP('',(#544));
#2436=EDGE_LOOP('',(#545));
#2437=EDGE_LOOP('',(#546));
#2438=EDGE_LOOP('',(#547));
#2439=EDGE_LOOP('',(#548));
#2440=EDGE_LOOP('',(#549));
#2441=EDGE_LOOP('',(#550));
#2442=EDGE_LOOP('',(#551));
#2443=EDGE_LOOP('',(#552));
#2444=EDGE_LOOP('',(#553));
#2445=EDGE_LOOP('',(#554));
#2446=EDGE_LOOP('',(#555));
#2447=EDGE_LOOP('',(#556));
#2448=EDGE_LOOP('',(#557));
#2449=EDGE_LOOP('',(#558,#559,#560,#561,#562,#563,#564,#565));
#2450=EDGE_LOOP('',(#566,#567,#568,#569));
#2451=EDGE_LOOP('',(#570,#571,#572,#573));
#2452=EDGE_LOOP('',(#574,#575,#576,#577,#578,#579,#580,#581));
#2453=EDGE_LOOP('',(#582,#583,#584,#585,#586,#587,#588,#589));
#2454=EDGE_LOOP('',(#590,#591,#592,#593,#594,#595,#596,#597));
#2455=EDGE_LOOP('',(#598,#599,#600,#601,#602,#603,#604,#605));
#2456=EDGE_LOOP('',(#606,#607,#608,#609));
#2457=EDGE_LOOP('',(#610,#611,#612,#613));
#2458=EDGE_LOOP('',(#614,#615,#616,#617));
#2459=EDGE_LOOP('',(#618,#619,#620,#621));
#2460=EDGE_LOOP('',(#622,#623,#624,#625));
#2461=EDGE_LOOP('',(#626,#627,#628,#629));
#2462=EDGE_LOOP('',(#630,#631,#632,#633));
#2463=EDGE_LOOP('',(#634,#635,#636,#637));
#2464=EDGE_LOOP('',(#638,#639,#640,#641));
#2465=EDGE_LOOP('',(#642,#643,#644,#645));
#2466=EDGE_LOOP('',(#646,#647,#648,#649,#650,#651,#652,#653,#654,#655,#656,
#657,#658,#659,#660,#661));
#2467=EDGE_LOOP('',(#662,#663,#664,#665,#666,#667,#668,#669));
#2468=EDGE_LOOP('',(#670));
#2469=EDGE_LOOP('',(#671));
#2470=EDGE_LOOP('',(#672));
#2471=EDGE_LOOP('',(#673));
#2472=EDGE_LOOP('',(#674,#675));
#2473=EDGE_LOOP('',(#676));
#2474=EDGE_LOOP('',(#677));
#2475=EDGE_LOOP('',(#678,#679,#680,#681,#682,#683));
#2476=EDGE_LOOP('',(#684,#685));
#2477=EDGE_LOOP('',(#686));
#2478=EDGE_LOOP('',(#687));
#2479=EDGE_LOOP('',(#688,#689,#690,#691,#692,#693));
#2480=EDGE_LOOP('',(#694,#695));
#2481=EDGE_LOOP('',(#696));
#2482=EDGE_LOOP('',(#697));
#2483=EDGE_LOOP('',(#698,#699,#700,#701,#702,#703));
#2484=EDGE_LOOP('',(#704,#705));
#2485=EDGE_LOOP('',(#706));
#2486=EDGE_LOOP('',(#707));
#2487=EDGE_LOOP('',(#708,#709,#710,#711,#712,#713));
#2488=EDGE_LOOP('',(#714,#715,#716,#717));
#2489=EDGE_LOOP('',(#718));
#2490=EDGE_LOOP('',(#719,#720,#721,#722));
#2491=EDGE_LOOP('',(#723));
#2492=EDGE_LOOP('',(#724,#725,#726,#727));
#2493=EDGE_LOOP('',(#728));
#2494=EDGE_LOOP('',(#729,#730,#731,#732));
#2495=EDGE_LOOP('',(#733));
#2496=EDGE_LOOP('',(#734,#735,#736,#737,#738,#739,#740,#741));
#2497=EDGE_LOOP('',(#742,#743,#744,#745,#746,#747,#748,#749));
#2498=EDGE_LOOP('',(#750));
#2499=EDGE_LOOP('',(#751));
#2500=EDGE_LOOP('',(#752));
#2501=EDGE_LOOP('',(#753));
#2502=EDGE_LOOP('',(#754));
#2503=EDGE_LOOP('',(#755));
#2504=EDGE_LOOP('',(#756));
#2505=EDGE_LOOP('',(#757));
#2506=EDGE_LOOP('',(#758));
#2507=EDGE_LOOP('',(#759,#760,#761,#762,#763,#764,#765,#766,#767));
#2508=EDGE_LOOP('',(#768,#769,#770,#771,#772,#773,#774,#775));
#2509=EDGE_LOOP('',(#776,#777,#778,#779));
#2510=EDGE_LOOP('',(#780,#781,#782,#783));
#2511=EDGE_LOOP('',(#784,#785,#786,#787));
#2512=EDGE_LOOP('',(#788,#789,#790,#791));
#2513=EDGE_LOOP('',(#792,#793,#794,#795));
#2514=EDGE_LOOP('',(#796,#797,#798,#799));
#2515=EDGE_LOOP('',(#800,#801,#802,#803));
#2516=EDGE_LOOP('',(#804,#805,#806,#807));
#2517=EDGE_LOOP('',(#808,#809,#810,#811));
#2518=EDGE_LOOP('',(#812,#813,#814,#815));
#2519=EDGE_LOOP('',(#816,#817,#818,#819));
#2520=EDGE_LOOP('',(#820,#821,#822,#823));
#2521=EDGE_LOOP('',(#824,#825,#826,#827));
#2522=EDGE_LOOP('',(#828,#829,#830,#831));
#2523=EDGE_LOOP('',(#832,#833,#834,#835));
#2524=EDGE_LOOP('',(#836,#837,#838,#839));
#2525=EDGE_LOOP('',(#840));
#2526=EDGE_LOOP('',(#841));
#2527=EDGE_LOOP('',(#842));
#2528=EDGE_LOOP('',(#843));
#2529=EDGE_LOOP('',(#844));
#2530=EDGE_LOOP('',(#845));
#2531=EDGE_LOOP('',(#846));
#2532=EDGE_LOOP('',(#847));
#2533=EDGE_LOOP('',(#848));
#2534=EDGE_LOOP('',(#849,#850,#851,#852,#853,#854,#855,#856,#857));
#2535=EDGE_LOOP('',(#858,#859,#860,#861,#862,#863,#864,#865));
#2536=EDGE_LOOP('',(#866,#867,#868,#869));
#2537=EDGE_LOOP('',(#870,#871,#872,#873));
#2538=EDGE_LOOP('',(#874,#875,#876,#877));
#2539=EDGE_LOOP('',(#878,#879,#880,#881));
#2540=EDGE_LOOP('',(#882,#883,#884,#885));
#2541=EDGE_LOOP('',(#886,#887,#888,#889));
#2542=EDGE_LOOP('',(#890,#891,#892,#893));
#2543=EDGE_LOOP('',(#894,#895,#896,#897));
#2544=EDGE_LOOP('',(#898,#899,#900,#901));
#2545=EDGE_LOOP('',(#902));
#2546=EDGE_LOOP('',(#903));
#2547=EDGE_LOOP('',(#904));
#2548=EDGE_LOOP('',(#905));
#2549=EDGE_LOOP('',(#906));
#2550=EDGE_LOOP('',(#907));
#2551=EDGE_LOOP('',(#908));
#2552=EDGE_LOOP('',(#909));
#2553=EDGE_LOOP('',(#910));
#2554=EDGE_LOOP('',(#911));
#2555=EDGE_LOOP('',(#912));
#2556=EDGE_LOOP('',(#913));
#2557=EDGE_LOOP('',(#914));
#2558=EDGE_LOOP('',(#915));
#2559=EDGE_LOOP('',(#916));
#2560=EDGE_LOOP('',(#917));
#2561=EDGE_LOOP('',(#918));
#2562=EDGE_LOOP('',(#919));
#2563=EDGE_LOOP('',(#920,#921,#922,#923));
#2564=EDGE_LOOP('',(#924,#925,#926,#927));
#2565=EDGE_LOOP('',(#928,#929,#930,#931));
#2566=EDGE_LOOP('',(#932,#933,#934,#935));
#2567=EDGE_LOOP('',(#936,#937,#938,#939));
#2568=EDGE_LOOP('',(#940,#941,#942,#943));
#2569=EDGE_LOOP('',(#944,#945,#946,#947));
#2570=EDGE_LOOP('',(#948,#949,#950,#951));
#2571=EDGE_LOOP('',(#952,#953,#954,#955));
#2572=EDGE_LOOP('',(#956,#957,#958,#959));
#2573=EDGE_LOOP('',(#960,#961,#962,#963));
#2574=EDGE_LOOP('',(#964,#965,#966,#967));
#2575=EDGE_LOOP('',(#968,#969,#970,#971));
#2576=EDGE_LOOP('',(#972,#973,#974,#975));
#2577=EDGE_LOOP('',(#976,#977,#978,#979));
#2578=EDGE_LOOP('',(#980,#981,#982,#983));
#2579=EDGE_LOOP('',(#984,#985,#986,#987));
#2580=EDGE_LOOP('',(#988,#989,#990,#991));
#2581=EDGE_LOOP('',(#992,#993,#994,#995));
#2582=EDGE_LOOP('',(#996,#997,#998,#999));
#2583=EDGE_LOOP('',(#1000,#1001,#1002,#1003));
#2584=EDGE_LOOP('',(#1004,#1005,#1006,#1007));
#2585=EDGE_LOOP('',(#1008,#1009,#1010,#1011));
#2586=EDGE_LOOP('',(#1012,#1013,#1014,#1015));
#2587=EDGE_LOOP('',(#1016,#1017,#1018,#1019));
#2588=EDGE_LOOP('',(#1020,#1021,#1022,#1023));
#2589=EDGE_LOOP('',(#1024,#1025,#1026,#1027,#1028,#1029,#1030,#1031,#1032,
#1033,#1034,#1035,#1036,#1037,#1038,#1039,#1040,#1041,#1042,#1043,#1044,
#1045,#1046,#1047));
#2590=EDGE_LOOP('',(#1048));
#2591=EDGE_LOOP('',(#1049));
#2592=EDGE_LOOP('',(#1050));
#2593=EDGE_LOOP('',(#1051));
#2594=EDGE_LOOP('',(#1052));
#2595=EDGE_LOOP('',(#1053));
#2596=EDGE_LOOP('',(#1054));
#2597=EDGE_LOOP('',(#1055));
#2598=EDGE_LOOP('',(#1056));
#2599=EDGE_LOOP('',(#1057));
#2600=EDGE_LOOP('',(#1058));
#2601=EDGE_LOOP('',(#1059));
#2602=EDGE_LOOP('',(#1060));
#2603=EDGE_LOOP('',(#1061));
#2604=EDGE_LOOP('',(#1062));
#2605=EDGE_LOOP('',(#1063));
#2606=EDGE_LOOP('',(#1064));
#2607=EDGE_LOOP('',(#1065));
#2608=EDGE_LOOP('',(#1066));
#2609=EDGE_LOOP('',(#1067));
#2610=EDGE_LOOP('',(#1068));
#2611=EDGE_LOOP('',(#1069,#1070,#1071,#1072));
#2612=EDGE_LOOP('',(#1073,#1074,#1075,#1076));
#2613=EDGE_LOOP('',(#1077,#1078,#1079,#1080));
#2614=EDGE_LOOP('',(#1081,#1082,#1083,#1084));
#2615=EDGE_LOOP('',(#1085));
#2616=EDGE_LOOP('',(#1086));
#2617=EDGE_LOOP('',(#1087));
#2618=EDGE_LOOP('',(#1088));
#2619=EDGE_LOOP('',(#1089));
#2620=EDGE_LOOP('',(#1090));
#2621=EDGE_LOOP('',(#1091));
#2622=EDGE_LOOP('',(#1092));
#2623=EDGE_LOOP('',(#1093));
#2624=EDGE_LOOP('',(#1094));
#2625=EDGE_LOOP('',(#1095));
#2626=EDGE_LOOP('',(#1096));
#2627=EDGE_LOOP('',(#1097));
#2628=EDGE_LOOP('',(#1098));
#2629=EDGE_LOOP('',(#1099));
#2630=EDGE_LOOP('',(#1100));
#2631=EDGE_LOOP('',(#1101));
#2632=EDGE_LOOP('',(#1102));
#2633=EDGE_LOOP('',(#1103));
#2634=EDGE_LOOP('',(#1104));
#2635=EDGE_LOOP('',(#1105));
#2636=EDGE_LOOP('',(#1106));
#2637=EDGE_LOOP('',(#1107));
#2638=EDGE_LOOP('',(#1108));
#2639=EDGE_LOOP('',(#1109));
#2640=EDGE_LOOP('',(#1110));
#2641=EDGE_LOOP('',(#1111));
#2642=EDGE_LOOP('',(#1112));
#2643=EDGE_LOOP('',(#1113));
#2644=EDGE_LOOP('',(#1114));
#2645=EDGE_LOOP('',(#1115));
#2646=EDGE_LOOP('',(#1116));
#2647=EDGE_LOOP('',(#1117));
#2648=EDGE_LOOP('',(#1118));
#2649=EDGE_LOOP('',(#1119));
#2650=EDGE_LOOP('',(#1120));
#2651=EDGE_LOOP('',(#1121));
#2652=EDGE_LOOP('',(#1122));
#2653=EDGE_LOOP('',(#1123));
#2654=EDGE_LOOP('',(#1124));
#2655=EDGE_LOOP('',(#1125));
#2656=EDGE_LOOP('',(#1126));
#2657=EDGE_LOOP('',(#1127));
#2658=EDGE_LOOP('',(#1128));
#2659=EDGE_LOOP('',(#1129));
#2660=EDGE_LOOP('',(#1130));
#2661=EDGE_LOOP('',(#1131));
#2662=EDGE_LOOP('',(#1132));
#2663=EDGE_LOOP('',(#1133));
#2664=EDGE_LOOP('',(#1134));
#2665=EDGE_LOOP('',(#1135));
#2666=EDGE_LOOP('',(#1136));
#2667=EDGE_LOOP('',(#1137));
#2668=EDGE_LOOP('',(#1138));
#2669=EDGE_LOOP('',(#1139));
#2670=EDGE_LOOP('',(#1140));
#2671=EDGE_LOOP('',(#1141));
#2672=EDGE_LOOP('',(#1142));
#2673=EDGE_LOOP('',(#1143));
#2674=EDGE_LOOP('',(#1144));
#2675=EDGE_LOOP('',(#1145));
#2676=EDGE_LOOP('',(#1146));
#2677=EDGE_LOOP('',(#1147));
#2678=EDGE_LOOP('',(#1148));
#2679=EDGE_LOOP('',(#1149));
#2680=EDGE_LOOP('',(#1150));
#2681=EDGE_LOOP('',(#1151));
#2682=EDGE_LOOP('',(#1152));
#2683=EDGE_LOOP('',(#1153));
#2684=EDGE_LOOP('',(#1154));
#2685=EDGE_LOOP('',(#1155));
#2686=EDGE_LOOP('',(#1156));
#2687=EDGE_LOOP('',(#1157));
#2688=EDGE_LOOP('',(#1158));
#2689=EDGE_LOOP('',(#1159));
#2690=EDGE_LOOP('',(#1160));
#2691=EDGE_LOOP('',(#1161));
#2692=EDGE_LOOP('',(#1162));
#2693=EDGE_LOOP('',(#1163));
#2694=EDGE_LOOP('',(#1164));
#2695=EDGE_LOOP('',(#1165));
#2696=EDGE_LOOP('',(#1166));
#2697=EDGE_LOOP('',(#1167));
#2698=EDGE_LOOP('',(#1168));
#2699=EDGE_LOOP('',(#1169));
#2700=EDGE_LOOP('',(#1170));
#2701=EDGE_LOOP('',(#1171));
#2702=EDGE_LOOP('',(#1172));
#2703=EDGE_LOOP('',(#1173));
#2704=EDGE_LOOP('',(#1174));
#2705=EDGE_LOOP('',(#1175));
#2706=EDGE_LOOP('',(#1176));
#2707=EDGE_LOOP('',(#1177));
#2708=EDGE_LOOP('',(#1178));
#2709=EDGE_LOOP('',(#1179));
#2710=EDGE_LOOP('',(#1180));
#2711=EDGE_LOOP('',(#1181));
#2712=EDGE_LOOP('',(#1182));
#2713=EDGE_LOOP('',(#1183));
#2714=EDGE_LOOP('',(#1184));
#2715=EDGE_LOOP('',(#1185));
#2716=EDGE_LOOP('',(#1186));
#2717=EDGE_LOOP('',(#1187));
#2718=EDGE_LOOP('',(#1188));
#2719=EDGE_LOOP('',(#1189));
#2720=EDGE_LOOP('',(#1190));
#2721=EDGE_LOOP('',(#1191));
#2722=EDGE_LOOP('',(#1192));
#2723=EDGE_LOOP('',(#1193));
#2724=EDGE_LOOP('',(#1194));
#2725=EDGE_LOOP('',(#1195));
#2726=EDGE_LOOP('',(#1196));
#2727=EDGE_LOOP('',(#1197));
#2728=EDGE_LOOP('',(#1198));
#2729=EDGE_LOOP('',(#1199));
#2730=EDGE_LOOP('',(#1200));
#2731=EDGE_LOOP('',(#1201));
#2732=EDGE_LOOP('',(#1202));
#2733=EDGE_LOOP('',(#1203));
#2734=EDGE_LOOP('',(#1204));
#2735=EDGE_LOOP('',(#1205));
#2736=EDGE_LOOP('',(#1206));
#2737=EDGE_LOOP('',(#1207));
#2738=EDGE_LOOP('',(#1208));
#2739=EDGE_LOOP('',(#1209));
#2740=EDGE_LOOP('',(#1210));
#2741=EDGE_LOOP('',(#1211));
#2742=EDGE_LOOP('',(#1212));
#2743=EDGE_LOOP('',(#1213));
#2744=EDGE_LOOP('',(#1214));
#2745=EDGE_LOOP('',(#1215));
#2746=EDGE_LOOP('',(#1216));
#2747=EDGE_LOOP('',(#1217));
#2748=EDGE_LOOP('',(#1218));
#2749=EDGE_LOOP('',(#1219));
#2750=EDGE_LOOP('',(#1220));
#2751=EDGE_LOOP('',(#1221));
#2752=EDGE_LOOP('',(#1222));
#2753=EDGE_LOOP('',(#1223));
#2754=EDGE_LOOP('',(#1224));
#2755=EDGE_LOOP('',(#1225));
#2756=EDGE_LOOP('',(#1226));
#2757=EDGE_LOOP('',(#1227));
#2758=EDGE_LOOP('',(#1228));
#2759=EDGE_LOOP('',(#1229));
#2760=EDGE_LOOP('',(#1230));
#2761=EDGE_LOOP('',(#1231));
#2762=FACE_BOUND('',#2331,.T.);
#2763=FACE_BOUND('',#2332,.T.);
#2764=FACE_BOUND('',#2333,.T.);
#2765=FACE_BOUND('',#2334,.T.);
#2766=FACE_BOUND('',#2335,.T.);
#2767=FACE_BOUND('',#2336,.T.);
#2768=FACE_BOUND('',#2337,.T.);
#2769=FACE_BOUND('',#2338,.T.);
#2770=FACE_BOUND('',#2339,.T.);
#2771=FACE_BOUND('',#2340,.T.);
#2772=FACE_BOUND('',#2341,.T.);
#2773=FACE_BOUND('',#2342,.T.);
#2774=FACE_BOUND('',#2343,.T.);
#2775=FACE_BOUND('',#2344,.T.);
#2776=FACE_BOUND('',#2345,.T.);
#2777=FACE_BOUND('',#2346,.T.);
#2778=FACE_BOUND('',#2347,.T.);
#2779=FACE_BOUND('',#2348,.T.);
#2780=FACE_BOUND('',#2349,.T.);
#2781=FACE_BOUND('',#2350,.T.);
#2782=FACE_BOUND('',#2351,.T.);
#2783=FACE_BOUND('',#2352,.T.);
#2784=FACE_BOUND('',#2353,.T.);
#2785=FACE_BOUND('',#2354,.T.);
#2786=FACE_BOUND('',#2355,.T.);
#2787=FACE_BOUND('',#2356,.T.);
#2788=FACE_BOUND('',#2357,.T.);
#2789=FACE_BOUND('',#2358,.T.);
#2790=FACE_BOUND('',#2359,.T.);
#2791=FACE_BOUND('',#2360,.T.);
#2792=FACE_BOUND('',#2361,.T.);
#2793=FACE_BOUND('',#2362,.T.);
#2794=FACE_BOUND('',#2363,.T.);
#2795=FACE_BOUND('',#2364,.T.);
#2796=FACE_BOUND('',#2365,.T.);
#2797=FACE_BOUND('',#2366,.T.);
#2798=FACE_BOUND('',#2367,.T.);
#2799=FACE_BOUND('',#2368,.T.);
#2800=FACE_BOUND('',#2369,.T.);
#2801=FACE_BOUND('',#2370,.T.);
#2802=FACE_BOUND('',#2371,.T.);
#2803=FACE_BOUND('',#2372,.T.);
#2804=FACE_BOUND('',#2373,.T.);
#2805=FACE_BOUND('',#2374,.T.);
#2806=FACE_BOUND('',#2375,.T.);
#2807=FACE_BOUND('',#2376,.T.);
#2808=FACE_BOUND('',#2377,.T.);
#2809=FACE_BOUND('',#2378,.T.);
#2810=FACE_BOUND('',#2379,.T.);
#2811=FACE_BOUND('',#2380,.T.);
#2812=FACE_BOUND('',#2381,.T.);
#2813=FACE_BOUND('',#2382,.T.);
#2814=FACE_BOUND('',#2383,.T.);
#2815=FACE_BOUND('',#2384,.T.);
#2816=FACE_BOUND('',#2385,.T.);
#2817=FACE_BOUND('',#2386,.T.);
#2818=FACE_BOUND('',#2387,.T.);
#2819=FACE_BOUND('',#2388,.T.);
#2820=FACE_BOUND('',#2389,.T.);
#2821=FACE_BOUND('',#2390,.T.);
#2822=FACE_BOUND('',#2391,.T.);
#2823=FACE_BOUND('',#2392,.T.);
#2824=FACE_BOUND('',#2393,.T.);
#2825=FACE_BOUND('',#2394,.T.);
#2826=FACE_BOUND('',#2395,.T.);
#2827=FACE_BOUND('',#2396,.T.);
#2828=FACE_BOUND('',#2397,.T.);
#2829=FACE_BOUND('',#2398,.T.);
#2830=FACE_BOUND('',#2399,.T.);
#2831=FACE_BOUND('',#2400,.T.);
#2832=FACE_BOUND('',#2401,.T.);
#2833=FACE_BOUND('',#2402,.T.);
#2834=FACE_BOUND('',#2403,.T.);
#2835=FACE_BOUND('',#2404,.T.);
#2836=FACE_BOUND('',#2405,.T.);
#2837=FACE_BOUND('',#2406,.T.);
#2838=FACE_BOUND('',#2407,.T.);
#2839=FACE_BOUND('',#2408,.T.);
#2840=FACE_BOUND('',#2409,.T.);
#2841=FACE_BOUND('',#2410,.T.);
#2842=FACE_BOUND('',#2411,.T.);
#2843=FACE_BOUND('',#2412,.T.);
#2844=FACE_BOUND('',#2413,.T.);
#2845=FACE_BOUND('',#2414,.T.);
#2846=FACE_BOUND('',#2415,.T.);
#2847=FACE_BOUND('',#2416,.T.);
#2848=FACE_BOUND('',#2417,.T.);
#2849=FACE_BOUND('',#2418,.T.);
#2850=FACE_BOUND('',#2419,.T.);
#2851=FACE_BOUND('',#2420,.T.);
#2852=FACE_BOUND('',#2421,.T.);
#2853=FACE_BOUND('',#2422,.T.);
#2854=FACE_BOUND('',#2423,.T.);
#2855=FACE_BOUND('',#2424,.T.);
#2856=FACE_BOUND('',#2425,.T.);
#2857=FACE_BOUND('',#2426,.T.);
#2858=FACE_BOUND('',#2427,.T.);
#2859=FACE_BOUND('',#2428,.T.);
#2860=FACE_BOUND('',#2429,.T.);
#2861=FACE_BOUND('',#2430,.T.);
#2862=FACE_BOUND('',#2431,.T.);
#2863=FACE_BOUND('',#2432,.T.);
#2864=FACE_BOUND('',#2433,.T.);
#2865=FACE_BOUND('',#2434,.T.);
#2866=FACE_BOUND('',#2435,.T.);
#2867=FACE_BOUND('',#2436,.T.);
#2868=FACE_BOUND('',#2437,.T.);
#2869=FACE_BOUND('',#2438,.T.);
#2870=FACE_BOUND('',#2439,.T.);
#2871=FACE_BOUND('',#2440,.T.);
#2872=FACE_BOUND('',#2441,.T.);
#2873=FACE_BOUND('',#2442,.T.);
#2874=FACE_BOUND('',#2443,.T.);
#2875=FACE_BOUND('',#2444,.T.);
#2876=FACE_BOUND('',#2445,.T.);
#2877=FACE_BOUND('',#2446,.T.);
#2878=FACE_BOUND('',#2447,.T.);
#2879=FACE_BOUND('',#2448,.T.);
#2880=FACE_BOUND('',#2449,.T.);
#2881=FACE_BOUND('',#2450,.T.);
#2882=FACE_BOUND('',#2451,.T.);
#2883=FACE_BOUND('',#2452,.T.);
#2884=FACE_BOUND('',#2453,.T.);
#2885=FACE_BOUND('',#2454,.T.);
#2886=FACE_BOUND('',#2455,.T.);
#2887=FACE_BOUND('',#2456,.T.);
#2888=FACE_BOUND('',#2457,.T.);
#2889=FACE_BOUND('',#2458,.T.);
#2890=FACE_BOUND('',#2459,.T.);
#2891=FACE_BOUND('',#2460,.T.);
#2892=FACE_BOUND('',#2461,.T.);
#2893=FACE_BOUND('',#2462,.T.);
#2894=FACE_BOUND('',#2463,.T.);
#2895=FACE_BOUND('',#2464,.T.);
#2896=FACE_BOUND('',#2465,.T.);
#2897=FACE_BOUND('',#2466,.T.);
#2898=FACE_BOUND('',#2467,.T.);
#2899=FACE_BOUND('',#2468,.T.);
#2900=FACE_BOUND('',#2469,.T.);
#2901=FACE_BOUND('',#2470,.T.);
#2902=FACE_BOUND('',#2471,.T.);
#2903=FACE_BOUND('',#2472,.T.);
#2904=FACE_BOUND('',#2473,.T.);
#2905=FACE_BOUND('',#2474,.T.);
#2906=FACE_BOUND('',#2475,.T.);
#2907=FACE_BOUND('',#2476,.T.);
#2908=FACE_BOUND('',#2477,.T.);
#2909=FACE_BOUND('',#2478,.T.);
#2910=FACE_BOUND('',#2479,.T.);
#2911=FACE_BOUND('',#2480,.T.);
#2912=FACE_BOUND('',#2481,.T.);
#2913=FACE_BOUND('',#2482,.T.);
#2914=FACE_BOUND('',#2483,.T.);
#2915=FACE_BOUND('',#2484,.T.);
#2916=FACE_BOUND('',#2485,.T.);
#2917=FACE_BOUND('',#2486,.T.);
#2918=FACE_BOUND('',#2487,.T.);
#2919=FACE_BOUND('',#2488,.T.);
#2920=FACE_BOUND('',#2489,.T.);
#2921=FACE_BOUND('',#2490,.T.);
#2922=FACE_BOUND('',#2491,.T.);
#2923=FACE_BOUND('',#2492,.T.);
#2924=FACE_BOUND('',#2493,.T.);
#2925=FACE_BOUND('',#2494,.T.);
#2926=FACE_BOUND('',#2495,.T.);
#2927=FACE_BOUND('',#2496,.T.);
#2928=FACE_BOUND('',#2497,.T.);
#2929=FACE_BOUND('',#2498,.T.);
#2930=FACE_BOUND('',#2499,.T.);
#2931=FACE_BOUND('',#2500,.T.);
#2932=FACE_BOUND('',#2501,.T.);
#2933=FACE_BOUND('',#2502,.T.);
#2934=FACE_BOUND('',#2503,.T.);
#2935=FACE_BOUND('',#2504,.T.);
#2936=FACE_BOUND('',#2505,.T.);
#2937=FACE_BOUND('',#2506,.T.);
#2938=FACE_BOUND('',#2507,.T.);
#2939=FACE_BOUND('',#2508,.T.);
#2940=FACE_BOUND('',#2509,.T.);
#2941=FACE_BOUND('',#2510,.T.);
#2942=FACE_BOUND('',#2511,.T.);
#2943=FACE_BOUND('',#2512,.T.);
#2944=FACE_BOUND('',#2513,.T.);
#2945=FACE_BOUND('',#2514,.T.);
#2946=FACE_BOUND('',#2515,.T.);
#2947=FACE_BOUND('',#2516,.T.);
#2948=FACE_BOUND('',#2517,.T.);
#2949=FACE_BOUND('',#2518,.T.);
#2950=FACE_BOUND('',#2519,.T.);
#2951=FACE_BOUND('',#2520,.T.);
#2952=FACE_BOUND('',#2521,.T.);
#2953=FACE_BOUND('',#2522,.T.);
#2954=FACE_BOUND('',#2523,.T.);
#2955=FACE_BOUND('',#2524,.T.);
#2956=FACE_BOUND('',#2525,.T.);
#2957=FACE_BOUND('',#2526,.T.);
#2958=FACE_BOUND('',#2527,.T.);
#2959=FACE_BOUND('',#2528,.T.);
#2960=FACE_BOUND('',#2529,.T.);
#2961=FACE_BOUND('',#2530,.T.);
#2962=FACE_BOUND('',#2531,.T.);
#2963=FACE_BOUND('',#2532,.T.);
#2964=FACE_BOUND('',#2533,.T.);
#2965=FACE_BOUND('',#2534,.T.);
#2966=FACE_BOUND('',#2535,.T.);
#2967=FACE_BOUND('',#2536,.T.);
#2968=FACE_BOUND('',#2537,.T.);
#2969=FACE_BOUND('',#2538,.T.);
#2970=FACE_BOUND('',#2539,.T.);
#2971=FACE_BOUND('',#2540,.T.);
#2972=FACE_BOUND('',#2541,.T.);
#2973=FACE_BOUND('',#2542,.T.);
#2974=FACE_BOUND('',#2543,.T.);
#2975=FACE_BOUND('',#2544,.T.);
#2976=FACE_BOUND('',#2545,.T.);
#2977=FACE_BOUND('',#2546,.T.);
#2978=FACE_BOUND('',#2547,.T.);
#2979=FACE_BOUND('',#2548,.T.);
#2980=FACE_BOUND('',#2549,.T.);
#2981=FACE_BOUND('',#2550,.T.);
#2982=FACE_BOUND('',#2551,.T.);
#2983=FACE_BOUND('',#2552,.T.);
#2984=FACE_BOUND('',#2553,.T.);
#2985=FACE_BOUND('',#2554,.T.);
#2986=FACE_BOUND('',#2555,.T.);
#2987=FACE_BOUND('',#2556,.T.);
#2988=FACE_BOUND('',#2557,.T.);
#2989=FACE_BOUND('',#2558,.T.);
#2990=FACE_BOUND('',#2559,.T.);
#2991=FACE_BOUND('',#2560,.T.);
#2992=FACE_BOUND('',#2561,.T.);
#2993=FACE_BOUND('',#2562,.T.);
#2994=FACE_BOUND('',#2563,.T.);
#2995=FACE_BOUND('',#2564,.T.);
#2996=FACE_BOUND('',#2565,.T.);
#2997=FACE_BOUND('',#2566,.T.);
#2998=FACE_BOUND('',#2567,.T.);
#2999=FACE_BOUND('',#2568,.T.);
#3000=FACE_BOUND('',#2569,.T.);
#3001=FACE_BOUND('',#2570,.T.);
#3002=FACE_BOUND('',#2571,.T.);
#3003=FACE_BOUND('',#2572,.T.);
#3004=FACE_BOUND('',#2573,.T.);
#3005=FACE_BOUND('',#2574,.T.);
#3006=FACE_BOUND('',#2575,.T.);
#3007=FACE_BOUND('',#2576,.T.);
#3008=FACE_BOUND('',#2577,.T.);
#3009=FACE_BOUND('',#2578,.T.);
#3010=FACE_BOUND('',#2579,.T.);
#3011=FACE_BOUND('',#2580,.T.);
#3012=FACE_BOUND('',#2581,.T.);
#3013=FACE_BOUND('',#2582,.T.);
#3014=FACE_BOUND('',#2583,.T.);
#3015=FACE_BOUND('',#2584,.T.);
#3016=FACE_BOUND('',#2585,.T.);
#3017=FACE_BOUND('',#2586,.T.);
#3018=FACE_BOUND('',#2587,.T.);
#3019=FACE_BOUND('',#2588,.T.);
#3020=FACE_BOUND('',#2589,.T.);
#3021=FACE_BOUND('',#2590,.T.);
#3022=FACE_BOUND('',#2591,.T.);
#3023=FACE_BOUND('',#2592,.T.);
#3024=FACE_BOUND('',#2593,.T.);
#3025=FACE_BOUND('',#2594,.T.);
#3026=FACE_BOUND('',#2595,.T.);
#3027=FACE_BOUND('',#2596,.T.);
#3028=FACE_BOUND('',#2597,.T.);
#3029=FACE_BOUND('',#2598,.T.);
#3030=FACE_BOUND('',#2599,.T.);
#3031=FACE_BOUND('',#2600,.T.);
#3032=FACE_BOUND('',#2601,.T.);
#3033=FACE_BOUND('',#2602,.T.);
#3034=FACE_BOUND('',#2603,.T.);
#3035=FACE_BOUND('',#2604,.T.);
#3036=FACE_BOUND('',#2605,.T.);
#3037=FACE_BOUND('',#2606,.T.);
#3038=FACE_BOUND('',#2607,.T.);
#3039=FACE_BOUND('',#2608,.T.);
#3040=FACE_BOUND('',#2609,.T.);
#3041=FACE_BOUND('',#2610,.T.);
#3042=FACE_BOUND('',#2611,.T.);
#3043=FACE_BOUND('',#2612,.T.);
#3044=FACE_BOUND('',#2613,.T.);
#3045=FACE_BOUND('',#2614,.T.);
#3046=FACE_BOUND('',#2615,.T.);
#3047=FACE_BOUND('',#2616,.T.);
#3048=FACE_BOUND('',#2617,.T.);
#3049=FACE_BOUND('',#2618,.T.);
#3050=FACE_BOUND('',#2619,.T.);
#3051=FACE_BOUND('',#2620,.T.);
#3052=FACE_BOUND('',#2621,.T.);
#3053=FACE_BOUND('',#2622,.T.);
#3054=FACE_BOUND('',#2623,.T.);
#3055=FACE_BOUND('',#2624,.T.);
#3056=FACE_BOUND('',#2625,.T.);
#3057=FACE_BOUND('',#2626,.T.);
#3058=FACE_BOUND('',#2627,.T.);
#3059=FACE_BOUND('',#2628,.T.);
#3060=FACE_BOUND('',#2629,.T.);
#3061=FACE_BOUND('',#2630,.T.);
#3062=FACE_BOUND('',#2631,.T.);
#3063=FACE_BOUND('',#2632,.T.);
#3064=FACE_BOUND('',#2633,.T.);
#3065=FACE_BOUND('',#2634,.T.);
#3066=FACE_BOUND('',#2635,.T.);
#3067=FACE_BOUND('',#2636,.T.);
#3068=FACE_BOUND('',#2637,.T.);
#3069=FACE_BOUND('',#2638,.T.);
#3070=FACE_BOUND('',#2639,.T.);
#3071=FACE_BOUND('',#2640,.T.);
#3072=FACE_BOUND('',#2641,.T.);
#3073=FACE_BOUND('',#2642,.T.);
#3074=FACE_BOUND('',#2643,.T.);
#3075=FACE_BOUND('',#2644,.T.);
#3076=FACE_BOUND('',#2645,.T.);
#3077=FACE_BOUND('',#2646,.T.);
#3078=FACE_BOUND('',#2647,.T.);
#3079=FACE_BOUND('',#2648,.T.);
#3080=FACE_BOUND('',#2649,.T.);
#3081=FACE_BOUND('',#2650,.T.);
#3082=FACE_BOUND('',#2651,.T.);
#3083=FACE_BOUND('',#2652,.T.);
#3084=FACE_BOUND('',#2653,.T.);
#3085=FACE_BOUND('',#2654,.T.);
#3086=FACE_BOUND('',#2655,.T.);
#3087=FACE_BOUND('',#2656,.T.);
#3088=FACE_BOUND('',#2657,.T.);
#3089=FACE_BOUND('',#2658,.T.);
#3090=FACE_BOUND('',#2659,.T.);
#3091=FACE_BOUND('',#2660,.T.);
#3092=FACE_BOUND('',#2661,.T.);
#3093=FACE_BOUND('',#2662,.T.);
#3094=FACE_BOUND('',#2663,.T.);
#3095=FACE_BOUND('',#2664,.T.);
#3096=FACE_BOUND('',#2665,.T.);
#3097=FACE_BOUND('',#2666,.T.);
#3098=FACE_BOUND('',#2667,.T.);
#3099=FACE_BOUND('',#2668,.T.);
#3100=FACE_BOUND('',#2669,.T.);
#3101=FACE_BOUND('',#2670,.T.);
#3102=FACE_BOUND('',#2671,.T.);
#3103=FACE_BOUND('',#2672,.T.);
#3104=FACE_BOUND('',#2673,.T.);
#3105=FACE_BOUND('',#2674,.T.);
#3106=FACE_BOUND('',#2675,.T.);
#3107=FACE_BOUND('',#2676,.T.);
#3108=FACE_BOUND('',#2677,.T.);
#3109=FACE_BOUND('',#2678,.T.);
#3110=FACE_BOUND('',#2679,.T.);
#3111=FACE_BOUND('',#2680,.T.);
#3112=FACE_BOUND('',#2681,.T.);
#3113=FACE_BOUND('',#2682,.T.);
#3114=FACE_BOUND('',#2683,.T.);
#3115=FACE_BOUND('',#2684,.T.);
#3116=FACE_BOUND('',#2685,.T.);
#3117=FACE_BOUND('',#2686,.T.);
#3118=FACE_BOUND('',#2687,.T.);
#3119=FACE_BOUND('',#2688,.T.);
#3120=FACE_BOUND('',#2689,.T.);
#3121=FACE_BOUND('',#2690,.T.);
#3122=FACE_BOUND('',#2691,.T.);
#3123=FACE_BOUND('',#2692,.T.);
#3124=FACE_BOUND('',#2693,.T.);
#3125=FACE_BOUND('',#2694,.T.);
#3126=FACE_BOUND('',#2695,.T.);
#3127=FACE_BOUND('',#2696,.T.);
#3128=FACE_BOUND('',#2697,.T.);
#3129=FACE_BOUND('',#2698,.T.);
#3130=FACE_BOUND('',#2699,.T.);
#3131=FACE_BOUND('',#2700,.T.);
#3132=FACE_BOUND('',#2701,.T.);
#3133=FACE_BOUND('',#2702,.T.);
#3134=FACE_BOUND('',#2703,.T.);
#3135=FACE_BOUND('',#2704,.T.);
#3136=FACE_BOUND('',#2705,.T.);
#3137=FACE_BOUND('',#2706,.T.);
#3138=FACE_BOUND('',#2707,.T.);
#3139=FACE_BOUND('',#2708,.T.);
#3140=FACE_BOUND('',#2709,.T.);
#3141=FACE_BOUND('',#2710,.T.);
#3142=FACE_BOUND('',#2711,.T.);
#3143=FACE_BOUND('',#2712,.T.);
#3144=FACE_BOUND('',#2713,.T.);
#3145=FACE_BOUND('',#2714,.T.);
#3146=FACE_BOUND('',#2715,.T.);
#3147=FACE_BOUND('',#2716,.T.);
#3148=FACE_BOUND('',#2717,.T.);
#3149=FACE_BOUND('',#2718,.T.);
#3150=FACE_BOUND('',#2719,.T.);
#3151=FACE_BOUND('',#2720,.T.);
#3152=FACE_BOUND('',#2721,.T.);
#3153=FACE_BOUND('',#2722,.T.);
#3154=FACE_BOUND('',#2723,.T.);
#3155=FACE_BOUND('',#2724,.T.);
#3156=FACE_BOUND('',#2725,.T.);
#3157=FACE_BOUND('',#2726,.T.);
#3158=FACE_BOUND('',#2727,.T.);
#3159=FACE_BOUND('',#2728,.T.);
#3160=FACE_BOUND('',#2729,.T.);
#3161=FACE_BOUND('',#2730,.T.);
#3162=FACE_BOUND('',#2731,.T.);
#3163=FACE_BOUND('',#2732,.T.);
#3164=FACE_BOUND('',#2733,.T.);
#3165=FACE_BOUND('',#2734,.T.);
#3166=FACE_BOUND('',#2735,.T.);
#3167=FACE_BOUND('',#2736,.T.);
#3168=FACE_BOUND('',#2737,.T.);
#3169=FACE_BOUND('',#2738,.T.);
#3170=FACE_BOUND('',#2739,.T.);
#3171=FACE_BOUND('',#2740,.T.);
#3172=FACE_BOUND('',#2741,.T.);
#3173=FACE_BOUND('',#2742,.T.);
#3174=FACE_BOUND('',#2743,.T.);
#3175=FACE_BOUND('',#2744,.T.);
#3176=FACE_BOUND('',#2745,.T.);
#3177=FACE_BOUND('',#2746,.T.);
#3178=FACE_BOUND('',#2747,.T.);
#3179=FACE_BOUND('',#2748,.T.);
#3180=FACE_BOUND('',#2749,.T.);
#3181=FACE_BOUND('',#2750,.T.);
#3182=FACE_BOUND('',#2751,.T.);
#3183=FACE_BOUND('',#2752,.T.);
#3184=FACE_BOUND('',#2753,.T.);
#3185=FACE_BOUND('',#2754,.T.);
#3186=FACE_BOUND('',#2755,.T.);
#3187=FACE_BOUND('',#2756,.T.);
#3188=FACE_BOUND('',#2757,.T.);
#3189=FACE_BOUND('',#2758,.T.);
#3190=FACE_BOUND('',#2759,.T.);
#3191=FACE_BOUND('',#2760,.T.);
#3192=FACE_BOUND('',#2761,.T.);
#3193=PLANE('',#3438);
#3194=PLANE('',#3467);
#3195=PLANE('',#3468);
#3196=PLANE('',#3469);
#3197=PLANE('',#3470);
#3198=PLANE('',#3471);
#3199=PLANE('',#3472);
#3200=PLANE('',#3497);
#3201=PLANE('',#3578);
#3202=PLANE('',#3582);
#3203=PLANE('',#3586);
#3204=PLANE('',#3590);
#3205=PLANE('',#3591);
#3206=PLANE('',#3592);
#3207=PLANE('',#3596);
#3208=PLANE('',#3605);
#3209=PLANE('',#3610);
#3210=PLANE('',#3615);
#3211=PLANE('',#3620);
#3212=PLANE('',#3629);
#3213=PLANE('',#3634);
#3214=PLANE('',#3666);
#3215=PLANE('',#3671);
#3216=PLANE('',#3672);
#3217=PLANE('',#3675);
#3218=PLANE('',#3676);
#3219=PLANE('',#3686);
#3220=PLANE('',#3687);
#3221=PLANE('',#3688);
#3222=PLANE('',#3689);
#3223=PLANE('',#3690);
#3224=PLANE('',#3691);
#3225=PLANE('',#3692);
#3226=PLANE('',#3693);
#3227=PLANE('',#3694);
#3228=PLANE('',#3704);
#3229=PLANE('',#3705);
#3230=PLANE('',#3706);
#3231=PLANE('',#3707);
#3232=PLANE('',#3708);
#3233=PLANE('',#3710);
#3234=PLANE('',#3712);
#3235=PLANE('',#3714);
#3236=PLANE('',#3716);
#3237=PLANE('',#3719);
#3238=PLANE('',#3720);
#3239=PLANE('',#3721);
#3240=PLANE('',#3724);
#3241=PLANE('',#3725);
#3242=PLANE('',#3726);
#3243=PLANE('',#3729);
#3244=PLANE('',#3730);
#3245=PLANE('',#3733);
#3246=PLANE('',#3734);
#3247=PLANE('',#3758);
#3248=ADVANCED_FACE('',(#2762,#2763,#2764,#2765,#2766,#2767,#2768,#2769,
#2770,#2771,#2772,#2773,#2774,#2775,#2776,#2777,#2778,#2779,#2780,#2781),
#3193,.T.);
#3249=ADVANCED_FACE('',(#2782),#3194,.F.);
#3250=ADVANCED_FACE('',(#2783),#3195,.T.);
#3251=ADVANCED_FACE('',(#2784),#3196,.F.);
#3252=ADVANCED_FACE('',(#2785),#3197,.T.);
#3253=ADVANCED_FACE('',(#2786),#3198,.F.);
#3254=ADVANCED_FACE('',(#2787),#3199,.T.);
#3255=ADVANCED_FACE('',(#2788,#2789),#32,.F.);
#3256=ADVANCED_FACE('',(#2790,#2791),#33,.F.);
#3257=ADVANCED_FACE('',(#2792,#2793),#34,.F.);
#3258=ADVANCED_FACE('',(#2794,#2795),#35,.F.);
#3259=ADVANCED_FACE('',(#2796,#2797),#36,.F.);
#3260=ADVANCED_FACE('',(#2798,#2799),#37,.F.);
#3261=ADVANCED_FACE('',(#2800,#2801),#38,.F.);
#3262=ADVANCED_FACE('',(#2802,#2803),#39,.F.);
#3263=ADVANCED_FACE('',(#2804,#2805),#40,.F.);
#3264=ADVANCED_FACE('',(#2806,#2807),#41,.F.);
#3265=ADVANCED_FACE('',(#2808,#2809),#42,.F.);
#3266=ADVANCED_FACE('',(#2810,#2811),#43,.F.);
#3267=ADVANCED_FACE('',(#2812,#2813,#2814,#2815,#2816,#2817,#2818,#2819,
#2820,#2821,#2822,#2823,#2824,#2825,#2826,#2827,#2828,#2829,#2830,#2831,
#2832,#2833,#2834,#2835,#2836,#2837,#2838,#2839,#2840,#2841,#2842,#2843,
#2844,#2845,#2846,#2847,#2848,#2849,#2850,#2851,#2852,#2853,#2854,#2855,
#2856,#2857,#2858,#2859,#2860,#2861,#2862,#2863,#2864,#2865,#2866,#2867,
#2868,#2869,#2870,#2871,#2872,#2873,#2874,#2875,#2876,#2877,#2878,#2879,
#2880,#2881,#2882),#3200,.F.);
#3268=ADVANCED_FACE('',(#2883),#44,.F.);
#3269=ADVANCED_FACE('',(#2884),#45,.F.);
#3270=ADVANCED_FACE('',(#2885),#46,.F.);
#3271=ADVANCED_FACE('',(#2886),#47,.F.);
#3272=ADVANCED_FACE('',(#2887),#3201,.T.);
#3273=ADVANCED_FACE('',(#2888),#48,.T.);
#3274=ADVANCED_FACE('',(#2889),#3202,.T.);
#3275=ADVANCED_FACE('',(#2890),#49,.T.);
#3276=ADVANCED_FACE('',(#2891),#3203,.F.);
#3277=ADVANCED_FACE('',(#2892),#50,.T.);
#3278=ADVANCED_FACE('',(#2893),#3204,.F.);
#3279=ADVANCED_FACE('',(#2894),#3205,.T.);
#3280=ADVANCED_FACE('',(#2895),#3206,.F.);
#3281=ADVANCED_FACE('',(#2896),#51,.T.);
#3282=ADVANCED_FACE('',(#2897,#2898,#2899,#2900,#2901,#2902),#3207,.F.);
#3283=ADVANCED_FACE('',(#2903),#3208,.T.);
#3284=ADVANCED_FACE('',(#2904,#2905),#52,.F.);
#3285=ADVANCED_FACE('',(#2906),#53,.T.);
#3286=ADVANCED_FACE('',(#2907),#3209,.T.);
#3287=ADVANCED_FACE('',(#2908,#2909),#54,.F.);
#3288=ADVANCED_FACE('',(#2910),#55,.T.);
#3289=ADVANCED_FACE('',(#2911),#3210,.T.);
#3290=ADVANCED_FACE('',(#2912,#2913),#56,.F.);
#3291=ADVANCED_FACE('',(#2914),#57,.T.);
#3292=ADVANCED_FACE('',(#2915),#3211,.T.);
#3293=ADVANCED_FACE('',(#2916,#2917),#58,.F.);
#3294=ADVANCED_FACE('',(#2918),#59,.T.);
#3295=ADVANCED_FACE('',(#2919,#2920),#12,.F.);
#3296=ADVANCED_FACE('',(#2921,#2922),#13,.F.);
#3297=ADVANCED_FACE('',(#2923,#2924),#14,.F.);
#3298=ADVANCED_FACE('',(#2925,#2926),#15,.F.);
#3299=ADVANCED_FACE('',(#2927,#2928),#3212,.F.);
#3300=ADVANCED_FACE('',(#2929,#2930,#2931,#2932,#2933,#2934,#2935,#2936,
#2937,#2938,#2939),#3213,.T.);
#3301=ADVANCED_FACE('',(#2940),#16,.T.);
#3302=ADVANCED_FACE('',(#2941),#60,.T.);
#3303=ADVANCED_FACE('',(#2942),#61,.T.);
#3304=ADVANCED_FACE('',(#2943),#17,.T.);
#3305=ADVANCED_FACE('',(#2944),#18,.T.);
#3306=ADVANCED_FACE('',(#2945),#62,.T.);
#3307=ADVANCED_FACE('',(#2946),#63,.T.);
#3308=ADVANCED_FACE('',(#2947),#19,.T.);
#3309=ADVANCED_FACE('',(#2948),#64,.T.);
#3310=ADVANCED_FACE('',(#2949),#3214,.T.);
#3311=ADVANCED_FACE('',(#2950),#65,.T.);
#3312=ADVANCED_FACE('',(#2951),#66,.T.);
#3313=ADVANCED_FACE('',(#2952),#3215,.T.);
#3314=ADVANCED_FACE('',(#2953),#3216,.T.);
#3315=ADVANCED_FACE('',(#2954),#67,.T.);
#3316=ADVANCED_FACE('',(#2955),#3217,.T.);
#3317=ADVANCED_FACE('',(#2956,#2957,#2958,#2959,#2960,#2961,#2962,#2963,
#2964,#2965,#2966),#3218,.F.);
#3318=ADVANCED_FACE('',(#2967),#3219,.F.);
#3319=ADVANCED_FACE('',(#2968),#3220,.F.);
#3320=ADVANCED_FACE('',(#2969),#3221,.F.);
#3321=ADVANCED_FACE('',(#2970),#3222,.F.);
#3322=ADVANCED_FACE('',(#2971),#3223,.F.);
#3323=ADVANCED_FACE('',(#2972),#3224,.F.);
#3324=ADVANCED_FACE('',(#2973),#3225,.F.);
#3325=ADVANCED_FACE('',(#2974),#3226,.F.);
#3326=ADVANCED_FACE('',(#2975),#3227,.F.);
#3327=ADVANCED_FACE('',(#2976,#2977),#68,.F.);
#3328=ADVANCED_FACE('',(#2978,#2979),#69,.F.);
#3329=ADVANCED_FACE('',(#2980,#2981),#70,.F.);
#3330=ADVANCED_FACE('',(#2982,#2983),#71,.F.);
#3331=ADVANCED_FACE('',(#2984,#2985),#72,.F.);
#3332=ADVANCED_FACE('',(#2986,#2987),#73,.F.);
#3333=ADVANCED_FACE('',(#2988,#2989),#74,.F.);
#3334=ADVANCED_FACE('',(#2990,#2991),#75,.F.);
#3335=ADVANCED_FACE('',(#2992,#2993),#76,.F.);
#3336=ADVANCED_FACE('',(#2994),#3228,.T.);
#3337=ADVANCED_FACE('',(#2995),#3229,.F.);
#3338=ADVANCED_FACE('',(#2996),#3230,.F.);
#3339=ADVANCED_FACE('',(#2997),#3231,.T.);
#3340=ADVANCED_FACE('',(#2998),#3232,.F.);
#3341=ADVANCED_FACE('',(#2999),#77,.F.);
#3342=ADVANCED_FACE('',(#3000),#3233,.T.);
#3343=ADVANCED_FACE('',(#3001),#78,.F.);
#3344=ADVANCED_FACE('',(#3002),#3234,.T.);
#3345=ADVANCED_FACE('',(#3003),#79,.F.);
#3346=ADVANCED_FACE('',(#3004),#3235,.F.);
#3347=ADVANCED_FACE('',(#3005),#80,.F.);
#3348=ADVANCED_FACE('',(#3006),#3236,.T.);
#3349=ADVANCED_FACE('',(#3007),#81,.T.);
#3350=ADVANCED_FACE('',(#3008),#3237,.F.);
#3351=ADVANCED_FACE('',(#3009),#3238,.F.);
#3352=ADVANCED_FACE('',(#3010),#3239,.T.);
#3353=ADVANCED_FACE('',(#3011),#82,.T.);
#3354=ADVANCED_FACE('',(#3012),#3240,.F.);
#3355=ADVANCED_FACE('',(#3013),#3241,.T.);
#3356=ADVANCED_FACE('',(#3014),#3242,.T.);
#3357=ADVANCED_FACE('',(#3015),#83,.T.);
#3358=ADVANCED_FACE('',(#3016),#3243,.F.);
#3359=ADVANCED_FACE('',(#3017),#3244,.T.);
#3360=ADVANCED_FACE('',(#3018),#84,.T.);
#3361=ADVANCED_FACE('',(#3019),#3245,.F.);
#3362=ADVANCED_FACE('',(#3020,#3021,#3022,#3023,#3024,#3025),#3246,.T.);
#3363=ADVANCED_FACE('',(#3026,#3027),#85,.F.);
#3364=ADVANCED_FACE('',(#3028,#3029),#86,.F.);
#3365=ADVANCED_FACE('',(#3030,#3031),#87,.F.);
#3366=ADVANCED_FACE('',(#3032,#3033),#88,.F.);
#3367=ADVANCED_FACE('',(#3034,#3035),#89,.F.);
#3368=ADVANCED_FACE('',(#3036,#3037),#90,.F.);
#3369=ADVANCED_FACE('',(#3038,#3039),#91,.F.);
#3370=ADVANCED_FACE('',(#3040,#3041),#92,.F.);
#3371=ADVANCED_FACE('',(#3042),#93,.T.);
#3372=ADVANCED_FACE('',(#3043),#94,.T.);
#3373=ADVANCED_FACE('',(#3044),#95,.T.);
#3374=ADVANCED_FACE('',(#3045),#96,.T.);
#3375=ADVANCED_FACE('',(#3046,#3047),#97,.F.);
#3376=ADVANCED_FACE('',(#3048,#3049,#3050,#3051,#3052,#3053,#3054,#3055,
#3056,#3057,#3058,#3059,#3060,#3061,#3062,#3063,#3064,#3065,#3066,#3067,
#3068,#3069,#3070,#3071,#3072,#3073,#3074,#3075,#3076,#3077,#3078,#3079,
#3080,#3081,#3082,#3083,#3084,#3085,#3086,#3087,#3088,#3089,#3090,#3091,
#3092,#3093,#3094,#3095,#3096),#3247,.T.);
#3377=ADVANCED_FACE('',(#3097,#3098),#98,.F.);
#3378=ADVANCED_FACE('',(#3099,#3100),#99,.F.);
#3379=ADVANCED_FACE('',(#3101,#3102),#100,.F.);
#3380=ADVANCED_FACE('',(#3103,#3104),#101,.F.);
#3381=ADVANCED_FACE('',(#3105,#3106),#102,.F.);
#3382=ADVANCED_FACE('',(#3107,#3108),#103,.F.);
#3383=ADVANCED_FACE('',(#3109,#3110),#104,.F.);
#3384=ADVANCED_FACE('',(#3111,#3112),#105,.F.);
#3385=ADVANCED_FACE('',(#3113,#3114),#106,.F.);
#3386=ADVANCED_FACE('',(#3115,#3116),#107,.F.);
#3387=ADVANCED_FACE('',(#3117,#3118),#108,.F.);
#3388=ADVANCED_FACE('',(#3119,#3120),#109,.F.);
#3389=ADVANCED_FACE('',(#3121,#3122),#110,.F.);
#3390=ADVANCED_FACE('',(#3123,#3124),#111,.F.);
#3391=ADVANCED_FACE('',(#3125,#3126),#112,.F.);
#3392=ADVANCED_FACE('',(#3127,#3128),#113,.F.);
#3393=ADVANCED_FACE('',(#3129,#3130),#114,.F.);
#3394=ADVANCED_FACE('',(#3131,#3132),#115,.F.);
#3395=ADVANCED_FACE('',(#3133,#3134),#116,.F.);
#3396=ADVANCED_FACE('',(#3135,#3136),#117,.F.);
#3397=ADVANCED_FACE('',(#3137,#3138),#118,.F.);
#3398=ADVANCED_FACE('',(#3139,#3140),#119,.F.);
#3399=ADVANCED_FACE('',(#3141,#3142),#120,.F.);
#3400=ADVANCED_FACE('',(#3143,#3144),#121,.F.);
#3401=ADVANCED_FACE('',(#3145,#3146),#122,.F.);
#3402=ADVANCED_FACE('',(#3147,#3148),#123,.F.);
#3403=ADVANCED_FACE('',(#3149,#3150),#124,.F.);
#3404=ADVANCED_FACE('',(#3151,#3152),#125,.F.);
#3405=ADVANCED_FACE('',(#3153,#3154),#126,.F.);
#3406=ADVANCED_FACE('',(#3155,#3156),#127,.F.);
#3407=ADVANCED_FACE('',(#3157,#3158),#128,.F.);
#3408=ADVANCED_FACE('',(#3159,#3160),#129,.F.);
#3409=ADVANCED_FACE('',(#3161,#3162),#130,.F.);
#3410=ADVANCED_FACE('',(#3163,#3164),#131,.F.);
#3411=ADVANCED_FACE('',(#3165,#3166),#132,.F.);
#3412=ADVANCED_FACE('',(#3167,#3168),#133,.F.);
#3413=ADVANCED_FACE('',(#3169,#3170),#134,.F.);
#3414=ADVANCED_FACE('',(#3171,#3172),#135,.F.);
#3415=ADVANCED_FACE('',(#3173,#3174),#136,.F.);
#3416=ADVANCED_FACE('',(#3175,#3176),#137,.F.);
#3417=ADVANCED_FACE('',(#3177,#3178),#138,.F.);
#3418=ADVANCED_FACE('',(#3179,#3180),#139,.F.);
#3419=ADVANCED_FACE('',(#3181,#3182),#140,.F.);
#3420=ADVANCED_FACE('',(#3183,#3184),#141,.F.);
#3421=ADVANCED_FACE('',(#3185,#3186),#142,.F.);
#3422=ADVANCED_FACE('',(#3187,#3188),#143,.F.);
#3423=ADVANCED_FACE('',(#3189,#3190),#144,.F.);
#3424=ADVANCED_FACE('',(#3191,#3192),#145,.F.);
#3425=CLOSED_SHELL('',(#3248,#3249,#3250,#3251,#3252,#3253,#3254,#3255,
#3256,#3257,#3258,#3259,#3260,#3261,#3262,#3263,#3264,#3265,#3266,#3267,
#3268,#3269,#3270,#3271,#3272,#3273,#3274,#3275,#3276,#3277,#3278,#3279,
#3280,#3281,#3282,#3283,#3284,#3285,#3286,#3287,#3288,#3289,#3290,#3291,
#3292,#3293,#3294,#3295,#3296,#3297,#3298,#3299,#3300,#3301,#3302,#3303,
#3304,#3305,#3306,#3307,#3308,#3309,#3310,#3311,#3312,#3313,#3314,#3315,
#3316,#3317,#3318,#3319,#3320,#3321,#3322,#3323,#3324,#3325,#3326,#3327,
#3328,#3329,#3330,#3331,#3332,#3333,#3334,#3335,#3336,#3337,#3338,#3339,
#3340,#3341,#3342,#3343,#3344,#3345,#3346,#3347,#3348,#3349,#3350,#3351,
#3352,#3353,#3354,#3355,#3356,#3357,#3358,#3359,#3360,#3361,#3362,#3363,
#3364,#3365,#3366,#3367,#3368,#3369,#3370,#3371,#3372,#3373,#3374,#3375,
#3376,#3377,#3378,#3379,#3380,#3381,#3382,#3383,#3384,#3385,#3386,#3387,
#3388,#3389,#3390,#3391,#3392,#3393,#3394,#3395,#3396,#3397,#3398,#3399,
#3400,#3401,#3402,#3403,#3404,#3405,#3406,#3407,#3408,#3409,#3410,#3411,
#3412,#3413,#3414,#3415,#3416,#3417,#3418,#3419,#3420,#3421,#3422,#3423,
#3424));
#3426=STYLED_ITEM('',(#3427),#3434);
#3427=PRESENTATION_STYLE_ASSIGNMENT((#3428));
#3428=SURFACE_STYLE_USAGE(.BOTH.,#3429);
#3429=SURFACE_SIDE_STYLE('',(#3430));
#3430=SURFACE_STYLE_FILL_AREA(#3431);
#3431=FILL_AREA_STYLE('',(#3432));
#3432=FILL_AREA_STYLE_COLOUR('',#3433);
#3433=COLOUR_RGB('',0.901960784313726,0.901960784313726,0.901960784313726);
#3434=MANIFOLD_SOLID_BREP('Part 1088',#3425);
#3435=SHAPE_DEFINITION_REPRESENTATION(#5915,#3436);
#3436=SHAPE_REPRESENTATION('Part 1088',(#3437),#5910);
#3437=AXIS2_PLACEMENT_3D('',#4862,#3855,#3856);
#3438=AXIS2_PLACEMENT_3D('',#4863,#3857,#3858);
#3439=AXIS2_PLACEMENT_3D('',#4880,#3867,#3868);
#3440=AXIS2_PLACEMENT_3D('',#4885,#3870,#3871);
#3441=AXIS2_PLACEMENT_3D('',#4889,#3873,#3874);
#3442=AXIS2_PLACEMENT_3D('',#4893,#3876,#3877);
#3443=AXIS2_PLACEMENT_3D('',#4896,#3879,#3880);
#3444=AXIS2_PLACEMENT_3D('',#4898,#3881,#3882);
#3445=AXIS2_PLACEMENT_3D('',#4900,#3883,#3884);
#3446=AXIS2_PLACEMENT_3D('',#4902,#3885,#3886);
#3447=AXIS2_PLACEMENT_3D('',#4904,#3887,#3888);
#3448=AXIS2_PLACEMENT_3D('',#4906,#3889,#3890);
#3449=AXIS2_PLACEMENT_3D('',#4908,#3891,#3892);
#3450=AXIS2_PLACEMENT_3D('',#4910,#3893,#3894);
#3451=AXIS2_PLACEMENT_3D('',#4912,#3895,#3896);
#3452=AXIS2_PLACEMENT_3D('',#4914,#3897,#3898);
#3453=AXIS2_PLACEMENT_3D('',#4916,#3899,#3900);
#3454=AXIS2_PLACEMENT_3D('',#4918,#3901,#3902);
#3455=AXIS2_PLACEMENT_3D('',#4920,#3903,#3904);
#3456=AXIS2_PLACEMENT_3D('',#4922,#3905,#3906);
#3457=AXIS2_PLACEMENT_3D('',#4924,#3907,#3908);
#3458=AXIS2_PLACEMENT_3D('',#4926,#3909,#3910);
#3459=AXIS2_PLACEMENT_3D('',#4928,#3911,#3912);
#3460=AXIS2_PLACEMENT_3D('',#4935,#3915,#3916);
#3461=AXIS2_PLACEMENT_3D('',#4941,#3919,#3920);
#3462=AXIS2_PLACEMENT_3D('',#4947,#3923,#3924);
#3463=AXIS2_PLACEMENT_3D('',#4953,#3927,#3928);
#3464=AXIS2_PLACEMENT_3D('',#4959,#3931,#3932);
#3465=AXIS2_PLACEMENT_3D('',#4965,#3935,#3936);
#3466=AXIS2_PLACEMENT_3D('',#4971,#3939,#3940);
#3467=AXIS2_PLACEMENT_3D('',#4976,#3943,#3944);
#3468=AXIS2_PLACEMENT_3D('',#4982,#3948,#3949);
#3469=AXIS2_PLACEMENT_3D('',#4988,#3953,#3954);
#3470=AXIS2_PLACEMENT_3D('',#4994,#3958,#3959);
#3471=AXIS2_PLACEMENT_3D('',#5000,#3963,#3964);
#3472=AXIS2_PLACEMENT_3D('',#5006,#3968,#3969);
#3473=AXIS2_PLACEMENT_3D('',#5012,#3973,#3974);
#3474=AXIS2_PLACEMENT_3D('',#5013,#3975,#3976);
#3475=AXIS2_PLACEMENT_3D('',#5015,#3977,#3978);
#3476=AXIS2_PLACEMENT_3D('',#5016,#3979,#3980);
#3477=AXIS2_PLACEMENT_3D('',#5018,#3981,#3982);
#3478=AXIS2_PLACEMENT_3D('',#5019,#3983,#3984);
#3479=AXIS2_PLACEMENT_3D('',#5021,#3985,#3986);
#3480=AXIS2_PLACEMENT_3D('',#5022,#3987,#3988);
#3481=AXIS2_PLACEMENT_3D('',#5024,#3989,#3990);
#3482=AXIS2_PLACEMENT_3D('',#5025,#3991,#3992);
#3483=AXIS2_PLACEMENT_3D('',#5027,#3993,#3994);
#3484=AXIS2_PLACEMENT_3D('',#5028,#3995,#3996);
#3485=AXIS2_PLACEMENT_3D('',#5030,#3997,#3998);
#3486=AXIS2_PLACEMENT_3D('',#5031,#3999,#4000);
#3487=AXIS2_PLACEMENT_3D('',#5033,#4001,#4002);
#3488=AXIS2_PLACEMENT_3D('',#5034,#4003,#4004);
#3489=AXIS2_PLACEMENT_3D('',#5036,#4005,#4006);
#3490=AXIS2_PLACEMENT_3D('',#5037,#4007,#4008);
#3491=AXIS2_PLACEMENT_3D('',#5039,#4009,#4010);
#3492=AXIS2_PLACEMENT_3D('',#5040,#4011,#4012);
#3493=AXIS2_PLACEMENT_3D('',#5042,#4013,#4014);
#3494=AXIS2_PLACEMENT_3D('',#5043,#4015,#4016);
#3495=AXIS2_PLACEMENT_3D('',#5045,#4017,#4018);
#3496=AXIS2_PLACEMENT_3D('',#5046,#4019,#4020);
#3497=AXIS2_PLACEMENT_3D('',#5048,#4021,#4022);
#3498=AXIS2_PLACEMENT_3D('',#5049,#4023,#4024);
#3499=AXIS2_PLACEMENT_3D('',#5051,#4025,#4026);
#3500=AXIS2_PLACEMENT_3D('',#5053,#4027,#4028);
#3501=AXIS2_PLACEMENT_3D('',#5055,#4029,#4030);
#3502=AXIS2_PLACEMENT_3D('',#5057,#4031,#4032);
#3503=AXIS2_PLACEMENT_3D('',#5059,#4033,#4034);
#3504=AXIS2_PLACEMENT_3D('',#5061,#4035,#4036);
#3505=AXIS2_PLACEMENT_3D('',#5063,#4037,#4038);
#3506=AXIS2_PLACEMENT_3D('',#5065,#4039,#4040);
#3507=AXIS2_PLACEMENT_3D('',#5067,#4041,#4042);
#3508=AXIS2_PLACEMENT_3D('',#5069,#4043,#4044);
#3509=AXIS2_PLACEMENT_3D('',#5071,#4045,#4046);
#3510=AXIS2_PLACEMENT_3D('',#5073,#4047,#4048);
#3511=AXIS2_PLACEMENT_3D('',#5075,#4049,#4050);
#3512=AXIS2_PLACEMENT_3D('',#5077,#4051,#4052);
#3513=AXIS2_PLACEMENT_3D('',#5079,#4053,#4054);
#3514=AXIS2_PLACEMENT_3D('',#5081,#4055,#4056);
#3515=AXIS2_PLACEMENT_3D('',#5083,#4057,#4058);
#3516=AXIS2_PLACEMENT_3D('',#5085,#4059,#4060);
#3517=AXIS2_PLACEMENT_3D('',#5087,#4061,#4062);
#3518=AXIS2_PLACEMENT_3D('',#5089,#4063,#4064);
#3519=AXIS2_PLACEMENT_3D('',#5091,#4065,#4066);
#3520=AXIS2_PLACEMENT_3D('',#5093,#4067,#4068);
#3521=AXIS2_PLACEMENT_3D('',#5095,#4069,#4070);
#3522=AXIS2_PLACEMENT_3D('',#5097,#4071,#4072);
#3523=AXIS2_PLACEMENT_3D('',#5099,#4073,#4074);
#3524=AXIS2_PLACEMENT_3D('',#5101,#4075,#4076);
#3525=AXIS2_PLACEMENT_3D('',#5103,#4077,#4078);
#3526=AXIS2_PLACEMENT_3D('',#5105,#4079,#4080);
#3527=AXIS2_PLACEMENT_3D('',#5107,#4081,#4082);
#3528=AXIS2_PLACEMENT_3D('',#5109,#4083,#4084);
#3529=AXIS2_PLACEMENT_3D('',#5111,#4085,#4086);
#3530=AXIS2_PLACEMENT_3D('',#5113,#4087,#4088);
#3531=AXIS2_PLACEMENT_3D('',#5115,#4089,#4090);
#3532=AXIS2_PLACEMENT_3D('',#5117,#4091,#4092);
#3533=AXIS2_PLACEMENT_3D('',#5119,#4093,#4094);
#3534=AXIS2_PLACEMENT_3D('',#5121,#4095,#4096);
#3535=AXIS2_PLACEMENT_3D('',#5123,#4097,#4098);
#3536=AXIS2_PLACEMENT_3D('',#5125,#4099,#4100);
#3537=AXIS2_PLACEMENT_3D('',#5127,#4101,#4102);
#3538=AXIS2_PLACEMENT_3D('',#5129,#4103,#4104);
#3539=AXIS2_PLACEMENT_3D('',#5131,#4105,#4106);
#3540=AXIS2_PLACEMENT_3D('',#5133,#4107,#4108);
#3541=AXIS2_PLACEMENT_3D('',#5135,#4109,#4110);
#3542=AXIS2_PLACEMENT_3D('',#5137,#4111,#4112);
#3543=AXIS2_PLACEMENT_3D('',#5139,#4113,#4114);
#3544=AXIS2_PLACEMENT_3D('',#5141,#4115,#4116);
#3545=AXIS2_PLACEMENT_3D('',#5143,#4117,#4118);
#3546=AXIS2_PLACEMENT_3D('',#5145,#4119,#4120);
#3547=AXIS2_PLACEMENT_3D('',#5147,#4121,#4122);
#3548=AXIS2_PLACEMENT_3D('',#5149,#4123,#4124);
#3549=AXIS2_PLACEMENT_3D('',#5151,#4125,#4126);
#3550=AXIS2_PLACEMENT_3D('',#5153,#4127,#4128);
#3551=AXIS2_PLACEMENT_3D('',#5155,#4129,#4130);
#3552=AXIS2_PLACEMENT_3D('',#5157,#4131,#4132);
#3553=AXIS2_PLACEMENT_3D('',#5159,#4133,#4134);
#3554=AXIS2_PLACEMENT_3D('',#5161,#4135,#4136);
#3555=AXIS2_PLACEMENT_3D('',#5166,#4138,#4139);
#3556=AXIS2_PLACEMENT_3D('',#5170,#4141,#4142);
#3557=AXIS2_PLACEMENT_3D('',#5174,#4144,#4145);
#3558=AXIS2_PLACEMENT_3D('',#5193,#4155,#4156);
#3559=AXIS2_PLACEMENT_3D('',#5197,#4158,#4159);
#3560=AXIS2_PLACEMENT_3D('',#5201,#4161,#4162);
#3561=AXIS2_PLACEMENT_3D('',#5205,#4164,#4165);
#3562=AXIS2_PLACEMENT_3D('',#5209,#4167,#4168);
#3563=AXIS2_PLACEMENT_3D('',#5210,#4169,#4170);
#3564=AXIS2_PLACEMENT_3D('',#5214,#4172,#4173);
#3565=AXIS2_PLACEMENT_3D('',#5218,#4175,#4176);
#3566=AXIS2_PLACEMENT_3D('',#5219,#4177,#4178);
#3567=AXIS2_PLACEMENT_3D('',#5223,#4180,#4181);
#3568=AXIS2_PLACEMENT_3D('',#5224,#4182,#4183);
#3569=AXIS2_PLACEMENT_3D('',#5228,#4185,#4186);
#3570=AXIS2_PLACEMENT_3D('',#5232,#4188,#4189);
#3571=AXIS2_PLACEMENT_3D('',#5236,#4191,#4192);
#3572=AXIS2_PLACEMENT_3D('',#5237,#4193,#4194);
#3573=AXIS2_PLACEMENT_3D('',#5238,#4195,#4196);
#3574=AXIS2_PLACEMENT_3D('',#5242,#4198,#4199);
#3575=AXIS2_PLACEMENT_3D('',#5246,#4201,#4202);
#3576=AXIS2_PLACEMENT_3D('',#5250,#4204,#4205);
#3577=AXIS2_PLACEMENT_3D('',#5254,#4207,#4208);
#3578=AXIS2_PLACEMENT_3D('',#5255,#4209,#4210);
#3579=AXIS2_PLACEMENT_3D('',#5264,#4215,#4216);
#3580=AXIS2_PLACEMENT_3D('',#5268,#4218,#4219);
#3581=AXIS2_PLACEMENT_3D('',#5269,#4220,#4221);
#3582=AXIS2_PLACEMENT_3D('',#5270,#4222,#4223);
#3583=AXIS2_PLACEMENT_3D('',#5276,#4227,#4228);
#3584=AXIS2_PLACEMENT_3D('',#5280,#4230,#4231);
#3585=AXIS2_PLACEMENT_3D('',#5281,#4232,#4233);
#3586=AXIS2_PLACEMENT_3D('',#5282,#4234,#4235);
#3587=AXIS2_PLACEMENT_3D('',#5288,#4239,#4240);
#3588=AXIS2_PLACEMENT_3D('',#5289,#4241,#4242);
#3589=AXIS2_PLACEMENT_3D('',#5290,#4243,#4244);
#3590=AXIS2_PLACEMENT_3D('',#5291,#4245,#4246);
#3591=AXIS2_PLACEMENT_3D('',#5294,#4249,#4250);
#3592=AXIS2_PLACEMENT_3D('',#5297,#4253,#4254);
#3593=AXIS2_PLACEMENT_3D('',#5300,#4257,#4258);
#3594=AXIS2_PLACEMENT_3D('',#5301,#4259,#4260);
#3595=AXIS2_PLACEMENT_3D('',#5302,#4261,#4262);
#3596=AXIS2_PLACEMENT_3D('',#5303,#4263,#4264);
#3597=AXIS2_PLACEMENT_3D('',#5304,#4265,#4266);
#3598=AXIS2_PLACEMENT_3D('',#5305,#4267,#4268);
#3599=AXIS2_PLACEMENT_3D('',#5306,#4269,#4270);
#3600=AXIS2_PLACEMENT_3D('',#5307,#4271,#4272);
#3601=AXIS2_PLACEMENT_3D('',#5308,#4273,#4274);
#3602=AXIS2_PLACEMENT_3D('',#5310,#4275,#4276);
#3603=AXIS2_PLACEMENT_3D('',#5312,#4277,#4278);
#3604=AXIS2_PLACEMENT_3D('',#5314,#4279,#4280);
#3605=AXIS2_PLACEMENT_3D('',#5316,#4281,#4282);
#3606=AXIS2_PLACEMENT_3D('',#5317,#4283,#4284);
#3607=AXIS2_PLACEMENT_3D('',#5320,#4285,#4286);
#3608=AXIS2_PLACEMENT_3D('',#5321,#4287,#4288);
#3609=AXIS2_PLACEMENT_3D('',#5336,#4289,#4290);
#3610=AXIS2_PLACEMENT_3D('',#5355,#4291,#4292);
#3611=AXIS2_PLACEMENT_3D('',#5356,#4293,#4294);
#3612=AXIS2_PLACEMENT_3D('',#5359,#4295,#4296);
#3613=AXIS2_PLACEMENT_3D('',#5360,#4297,#4298);
#3614=AXIS2_PLACEMENT_3D('',#5375,#4299,#4300);
#3615=AXIS2_PLACEMENT_3D('',#5394,#4301,#4302);
#3616=AXIS2_PLACEMENT_3D('',#5395,#4303,#4304);
#3617=AXIS2_PLACEMENT_3D('',#5398,#4305,#4306);
#3618=AXIS2_PLACEMENT_3D('',#5399,#4307,#4308);
#3619=AXIS2_PLACEMENT_3D('',#5414,#4309,#4310);
#3620=AXIS2_PLACEMENT_3D('',#5433,#4311,#4312);
#3621=AXIS2_PLACEMENT_3D('',#5434,#4313,#4314);
#3622=AXIS2_PLACEMENT_3D('',#5437,#4315,#4316);
#3623=AXIS2_PLACEMENT_3D('',#5438,#4317,#4318);
#3624=AXIS2_PLACEMENT_3D('',#5453,#4319,#4320);
#3625=AXIS2_PLACEMENT_3D('',#5472,#4321,#4322);
#3626=AXIS2_PLACEMENT_3D('',#5473,#4323,#4324);
#3627=AXIS2_PLACEMENT_3D('',#5474,#4325,#4326);
#3628=AXIS2_PLACEMENT_3D('',#5475,#4327,#4328);
#3629=AXIS2_PLACEMENT_3D('',#5476,#4329,#4330);
#3630=AXIS2_PLACEMENT_3D('',#5477,#4331,#4332);
#3631=AXIS2_PLACEMENT_3D('',#5482,#4334,#4335);
#3632=AXIS2_PLACEMENT_3D('',#5486,#4337,#4338);
#3633=AXIS2_PLACEMENT_3D('',#5490,#4340,#4341);
#3634=AXIS2_PLACEMENT_3D('',#5493,#4343,#4344);
#3635=AXIS2_PLACEMENT_3D('',#5494,#4345,#4346);
#3636=AXIS2_PLACEMENT_3D('',#5496,#4347,#4348);
#3637=AXIS2_PLACEMENT_3D('',#5498,#4349,#4350);
#3638=AXIS2_PLACEMENT_3D('',#5500,#4351,#4352);
#3639=AXIS2_PLACEMENT_3D('',#5502,#4353,#4354);
#3640=AXIS2_PLACEMENT_3D('',#5504,#4355,#4356);
#3641=AXIS2_PLACEMENT_3D('',#5506,#4357,#4358);
#3642=AXIS2_PLACEMENT_3D('',#5508,#4359,#4360);
#3643=AXIS2_PLACEMENT_3D('',#5510,#4361,#4362);
#3644=AXIS2_PLACEMENT_3D('',#5533,#4373,#4374);
#3645=AXIS2_PLACEMENT_3D('',#5537,#4376,#4377);
#3646=AXIS2_PLACEMENT_3D('',#5541,#4379,#4380);
#3647=AXIS2_PLACEMENT_3D('',#5545,#4382,#4383);
#3648=AXIS2_PLACEMENT_3D('',#5546,#4384,#4385);
#3649=AXIS2_PLACEMENT_3D('',#5547,#4386,#4387);
#3650=AXIS2_PLACEMENT_3D('',#5548,#4388,#4389);
#3651=AXIS2_PLACEMENT_3D('',#5549,#4390,#4391);
#3652=AXIS2_PLACEMENT_3D('',#5550,#4392,#4393);
#3653=AXIS2_PLACEMENT_3D('',#5551,#4394,#4395);
#3654=AXIS2_PLACEMENT_3D('',#5552,#4396,#4397);
#3655=AXIS2_PLACEMENT_3D('',#5553,#4398,#4399);
#3656=AXIS2_PLACEMENT_3D('',#5554,#4400,#4401);
#3657=AXIS2_PLACEMENT_3D('',#5555,#4402,#4403);
#3658=AXIS2_PLACEMENT_3D('',#5556,#4404,#4405);
#3659=AXIS2_PLACEMENT_3D('',#5557,#4406,#4407);
#3660=AXIS2_PLACEMENT_3D('',#5558,#4408,#4409);
#3661=AXIS2_PLACEMENT_3D('',#5559,#4410,#4411);
#3662=AXIS2_PLACEMENT_3D('',#5560,#4412,#4413);
#3663=AXIS2_PLACEMENT_3D('',#5561,#4414,#4415);
#3664=AXIS2_PLACEMENT_3D('',#5562,#4416,#4417);
#3665=AXIS2_PLACEMENT_3D('',#5565,#4419,#4420);
#3666=AXIS2_PLACEMENT_3D('',#5568,#4422,#4423);
#3667=AXIS2_PLACEMENT_3D('',#5572,#4426,#4427);
#3668=AXIS2_PLACEMENT_3D('',#5573,#4428,#4429);
#3669=AXIS2_PLACEMENT_3D('',#5576,#4431,#4432);
#3670=AXIS2_PLACEMENT_3D('',#5579,#4434,#4435);
#3671=AXIS2_PLACEMENT_3D('',#5582,#4437,#4438);
#3672=AXIS2_PLACEMENT_3D('',#5584,#4440,#4441);
#3673=AXIS2_PLACEMENT_3D('',#5588,#4444,#4445);
#3674=AXIS2_PLACEMENT_3D('',#5589,#4446,#4447);
#3675=AXIS2_PLACEMENT_3D('',#5592,#4449,#4450);
#3676=AXIS2_PLACEMENT_3D('',#5594,#4452,#4453);
#3677=AXIS2_PLACEMENT_3D('',#5595,#4454,#4455);
#3678=AXIS2_PLACEMENT_3D('',#5597,#4456,#4457);
#3679=AXIS2_PLACEMENT_3D('',#5599,#4458,#4459);
#3680=AXIS2_PLACEMENT_3D('',#5601,#4460,#4461);
#3681=AXIS2_PLACEMENT_3D('',#5603,#4462,#4463);
#3682=AXIS2_PLACEMENT_3D('',#5605,#4464,#4465);
#3683=AXIS2_PLACEMENT_3D('',#5607,#4466,#4467);
#3684=AXIS2_PLACEMENT_3D('',#5609,#4468,#4469);
#3685=AXIS2_PLACEMENT_3D('',#5611,#4470,#4471);
#3686=AXIS2_PLACEMENT_3D('',#5631,#4481,#4482);
#3687=AXIS2_PLACEMENT_3D('',#5634,#4485,#4486);
#3688=AXIS2_PLACEMENT_3D('',#5636,#4488,#4489);
#3689=AXIS2_PLACEMENT_3D('',#5638,#4491,#4492);
#3690=AXIS2_PLACEMENT_3D('',#5640,#4494,#4495);
#3691=AXIS2_PLACEMENT_3D('',#5642,#4497,#4498);
#3692=AXIS2_PLACEMENT_3D('',#5644,#4500,#4501);
#3693=AXIS2_PLACEMENT_3D('',#5646,#4503,#4504);
#3694=AXIS2_PLACEMENT_3D('',#5648,#4506,#4507);
#3695=AXIS2_PLACEMENT_3D('',#5649,#4508,#4509);
#3696=AXIS2_PLACEMENT_3D('',#5650,#4510,#4511);
#3697=AXIS2_PLACEMENT_3D('',#5651,#4512,#4513);
#3698=AXIS2_PLACEMENT_3D('',#5652,#4514,#4515);
#3699=AXIS2_PLACEMENT_3D('',#5653,#4516,#4517);
#3700=AXIS2_PLACEMENT_3D('',#5654,#4518,#4519);
#3701=AXIS2_PLACEMENT_3D('',#5655,#4520,#4521);
#3702=AXIS2_PLACEMENT_3D('',#5656,#4522,#4523);
#3703=AXIS2_PLACEMENT_3D('',#5657,#4524,#4525);
#3704=AXIS2_PLACEMENT_3D('',#5658,#4526,#4527);
#3705=AXIS2_PLACEMENT_3D('',#5661,#4530,#4531);
#3706=AXIS2_PLACEMENT_3D('',#5663,#4533,#4534);
#3707=AXIS2_PLACEMENT_3D('',#5665,#4536,#4537);
#3708=AXIS2_PLACEMENT_3D('',#5666,#4538,#4539);
#3709=AXIS2_PLACEMENT_3D('',#5669,#4542,#4543);
#3710=AXIS2_PLACEMENT_3D('',#5671,#4545,#4546);
#3711=AXIS2_PLACEMENT_3D('',#5673,#4548,#4549);
#3712=AXIS2_PLACEMENT_3D('',#5675,#4551,#4552);
#3713=AXIS2_PLACEMENT_3D('',#5677,#4554,#4555);
#3714=AXIS2_PLACEMENT_3D('',#5679,#4557,#4558);
#3715=AXIS2_PLACEMENT_3D('',#5681,#4560,#4561);
#3716=AXIS2_PLACEMENT_3D('',#5682,#4562,#4563);
#3717=AXIS2_PLACEMENT_3D('',#5688,#4567,#4568);
#3718=AXIS2_PLACEMENT_3D('',#5691,#4570,#4571);
#3719=AXIS2_PLACEMENT_3D('',#5692,#4572,#4573);
#3720=AXIS2_PLACEMENT_3D('',#5694,#4575,#4576);
#3721=AXIS2_PLACEMENT_3D('',#5698,#4579,#4580);
#3722=AXIS2_PLACEMENT_3D('',#5702,#4583,#4584);
#3723=AXIS2_PLACEMENT_3D('',#5705,#4586,#4587);
#3724=AXIS2_PLACEMENT_3D('',#5706,#4588,#4589);
#3725=AXIS2_PLACEMENT_3D('',#5710,#4592,#4593);
#3726=AXIS2_PLACEMENT_3D('',#5714,#4596,#4597);
#3727=AXIS2_PLACEMENT_3D('',#5718,#4600,#4601);
#3728=AXIS2_PLACEMENT_3D('',#5721,#4603,#4604);
#3729=AXIS2_PLACEMENT_3D('',#5722,#4605,#4606);
#3730=AXIS2_PLACEMENT_3D('',#5724,#4608,#4609);
#3731=AXIS2_PLACEMENT_3D('',#5728,#4612,#4613);
#3732=AXIS2_PLACEMENT_3D('',#5731,#4615,#4616);
#3733=AXIS2_PLACEMENT_3D('',#5732,#4617,#4618);
#3734=AXIS2_PLACEMENT_3D('',#5734,#4620,#4621);
#3735=AXIS2_PLACEMENT_3D('',#5735,#4622,#4623);
#3736=AXIS2_PLACEMENT_3D('',#5736,#4624,#4625);
#3737=AXIS2_PLACEMENT_3D('',#5737,#4626,#4627);
#3738=AXIS2_PLACEMENT_3D('',#5738,#4628,#4629);
#3739=AXIS2_PLACEMENT_3D('',#5739,#4630,#4631);
#3740=AXIS2_PLACEMENT_3D('',#5741,#4632,#4633);
#3741=AXIS2_PLACEMENT_3D('',#5743,#4634,#4635);
#3742=AXIS2_PLACEMENT_3D('',#5745,#4636,#4637);
#3743=AXIS2_PLACEMENT_3D('',#5747,#4638,#4639);
#3744=AXIS2_PLACEMENT_3D('',#5749,#4640,#4641);
#3745=AXIS2_PLACEMENT_3D('',#5750,#4642,#4643);
#3746=AXIS2_PLACEMENT_3D('',#5751,#4644,#4645);
#3747=AXIS2_PLACEMENT_3D('',#5752,#4646,#4647);
#3748=AXIS2_PLACEMENT_3D('',#5753,#4648,#4649);
#3749=AXIS2_PLACEMENT_3D('',#5754,#4650,#4651);
#3750=AXIS2_PLACEMENT_3D('',#5755,#4652,#4653);
#3751=AXIS2_PLACEMENT_3D('',#5756,#4654,#4655);
#3752=AXIS2_PLACEMENT_3D('',#5757,#4656,#4657);
#3753=AXIS2_PLACEMENT_3D('',#5758,#4658,#4659);
#3754=AXIS2_PLACEMENT_3D('',#5759,#4660,#4661);
#3755=AXIS2_PLACEMENT_3D('',#5760,#4662,#4663);
#3756=AXIS2_PLACEMENT_3D('',#5761,#4664,#4665);
#3757=AXIS2_PLACEMENT_3D('',#5762,#4666,#4667);
#3758=AXIS2_PLACEMENT_3D('',#5764,#4668,#4669);
#3759=AXIS2_PLACEMENT_3D('',#5765,#4670,#4671);
#3760=AXIS2_PLACEMENT_3D('',#5767,#4672,#4673);
#3761=AXIS2_PLACEMENT_3D('',#5769,#4674,#4675);
#3762=AXIS2_PLACEMENT_3D('',#5771,#4676,#4677);
#3763=AXIS2_PLACEMENT_3D('',#5773,#4678,#4679);
#3764=AXIS2_PLACEMENT_3D('',#5775,#4680,#4681);
#3765=AXIS2_PLACEMENT_3D('',#5777,#4682,#4683);
#3766=AXIS2_PLACEMENT_3D('',#5779,#4684,#4685);
#3767=AXIS2_PLACEMENT_3D('',#5781,#4686,#4687);
#3768=AXIS2_PLACEMENT_3D('',#5783,#4688,#4689);
#3769=AXIS2_PLACEMENT_3D('',#5785,#4690,#4691);
#3770=AXIS2_PLACEMENT_3D('',#5787,#4692,#4693);
#3771=AXIS2_PLACEMENT_3D('',#5789,#4694,#4695);
#3772=AXIS2_PLACEMENT_3D('',#5791,#4696,#4697);
#3773=AXIS2_PLACEMENT_3D('',#5793,#4698,#4699);
#3774=AXIS2_PLACEMENT_3D('',#5795,#4700,#4701);
#3775=AXIS2_PLACEMENT_3D('',#5797,#4702,#4703);
#3776=AXIS2_PLACEMENT_3D('',#5799,#4704,#4705);
#3777=AXIS2_PLACEMENT_3D('',#5801,#4706,#4707);
#3778=AXIS2_PLACEMENT_3D('',#5803,#4708,#4709);
#3779=AXIS2_PLACEMENT_3D('',#5805,#4710,#4711);
#3780=AXIS2_PLACEMENT_3D('',#5807,#4712,#4713);
#3781=AXIS2_PLACEMENT_3D('',#5809,#4714,#4715);
#3782=AXIS2_PLACEMENT_3D('',#5811,#4716,#4717);
#3783=AXIS2_PLACEMENT_3D('',#5813,#4718,#4719);
#3784=AXIS2_PLACEMENT_3D('',#5815,#4720,#4721);
#3785=AXIS2_PLACEMENT_3D('',#5817,#4722,#4723);
#3786=AXIS2_PLACEMENT_3D('',#5819,#4724,#4725);
#3787=AXIS2_PLACEMENT_3D('',#5821,#4726,#4727);
#3788=AXIS2_PLACEMENT_3D('',#5823,#4728,#4729);
#3789=AXIS2_PLACEMENT_3D('',#5825,#4730,#4731);
#3790=AXIS2_PLACEMENT_3D('',#5827,#4732,#4733);
#3791=AXIS2_PLACEMENT_3D('',#5829,#4734,#4735);
#3792=AXIS2_PLACEMENT_3D('',#5831,#4736,#4737);
#3793=AXIS2_PLACEMENT_3D('',#5833,#4738,#4739);
#3794=AXIS2_PLACEMENT_3D('',#5835,#4740,#4741);
#3795=AXIS2_PLACEMENT_3D('',#5837,#4742,#4743);
#3796=AXIS2_PLACEMENT_3D('',#5839,#4744,#4745);
#3797=AXIS2_PLACEMENT_3D('',#5841,#4746,#4747);
#3798=AXIS2_PLACEMENT_3D('',#5843,#4748,#4749);
#3799=AXIS2_PLACEMENT_3D('',#5845,#4750,#4751);
#3800=AXIS2_PLACEMENT_3D('',#5847,#4752,#4753);
#3801=AXIS2_PLACEMENT_3D('',#5849,#4754,#4755);
#3802=AXIS2_PLACEMENT_3D('',#5851,#4756,#4757);
#3803=AXIS2_PLACEMENT_3D('',#5853,#4758,#4759);
#3804=AXIS2_PLACEMENT_3D('',#5855,#4760,#4761);
#3805=AXIS2_PLACEMENT_3D('',#5857,#4762,#4763);
#3806=AXIS2_PLACEMENT_3D('',#5859,#4764,#4765);
#3807=AXIS2_PLACEMENT_3D('',#5861,#4766,#4767);
#3808=AXIS2_PLACEMENT_3D('',#5862,#4768,#4769);
#3809=AXIS2_PLACEMENT_3D('',#5863,#4770,#4771);
#3810=AXIS2_PLACEMENT_3D('',#5864,#4772,#4773);
#3811=AXIS2_PLACEMENT_3D('',#5865,#4774,#4775);
#3812=AXIS2_PLACEMENT_3D('',#5866,#4776,#4777);
#3813=AXIS2_PLACEMENT_3D('',#5867,#4778,#4779);
#3814=AXIS2_PLACEMENT_3D('',#5868,#4780,#4781);
#3815=AXIS2_PLACEMENT_3D('',#5869,#4782,#4783);
#3816=AXIS2_PLACEMENT_3D('',#5870,#4784,#4785);
#3817=AXIS2_PLACEMENT_3D('',#5871,#4786,#4787);
#3818=AXIS2_PLACEMENT_3D('',#5872,#4788,#4789);
#3819=AXIS2_PLACEMENT_3D('',#5873,#4790,#4791);
#3820=AXIS2_PLACEMENT_3D('',#5874,#4792,#4793);
#3821=AXIS2_PLACEMENT_3D('',#5875,#4794,#4795);
#3822=AXIS2_PLACEMENT_3D('',#5876,#4796,#4797);
#3823=AXIS2_PLACEMENT_3D('',#5877,#4798,#4799);
#3824=AXIS2_PLACEMENT_3D('',#5878,#4800,#4801);
#3825=AXIS2_PLACEMENT_3D('',#5879,#4802,#4803);
#3826=AXIS2_PLACEMENT_3D('',#5880,#4804,#4805);
#3827=AXIS2_PLACEMENT_3D('',#5881,#4806,#4807);
#3828=AXIS2_PLACEMENT_3D('',#5882,#4808,#4809);
#3829=AXIS2_PLACEMENT_3D('',#5883,#4810,#4811);
#3830=AXIS2_PLACEMENT_3D('',#5884,#4812,#4813);
#3831=AXIS2_PLACEMENT_3D('',#5885,#4814,#4815);
#3832=AXIS2_PLACEMENT_3D('',#5886,#4816,#4817);
#3833=AXIS2_PLACEMENT_3D('',#5887,#4818,#4819);
#3834=AXIS2_PLACEMENT_3D('',#5888,#4820,#4821);
#3835=AXIS2_PLACEMENT_3D('',#5889,#4822,#4823);
#3836=AXIS2_PLACEMENT_3D('',#5890,#4824,#4825);
#3837=AXIS2_PLACEMENT_3D('',#5891,#4826,#4827);
#3838=AXIS2_PLACEMENT_3D('',#5892,#4828,#4829);
#3839=AXIS2_PLACEMENT_3D('',#5893,#4830,#4831);
#3840=AXIS2_PLACEMENT_3D('',#5894,#4832,#4833);
#3841=AXIS2_PLACEMENT_3D('',#5895,#4834,#4835);
#3842=AXIS2_PLACEMENT_3D('',#5896,#4836,#4837);
#3843=AXIS2_PLACEMENT_3D('',#5897,#4838,#4839);
#3844=AXIS2_PLACEMENT_3D('',#5898,#4840,#4841);
#3845=AXIS2_PLACEMENT_3D('',#5899,#4842,#4843);
#3846=AXIS2_PLACEMENT_3D('',#5900,#4844,#4845);
#3847=AXIS2_PLACEMENT_3D('',#5901,#4846,#4847);
#3848=AXIS2_PLACEMENT_3D('',#5902,#4848,#4849);
#3849=AXIS2_PLACEMENT_3D('',#5903,#4850,#4851);
#3850=AXIS2_PLACEMENT_3D('',#5904,#4852,#4853);
#3851=AXIS2_PLACEMENT_3D('',#5905,#4854,#4855);
#3852=AXIS2_PLACEMENT_3D('',#5906,#4856,#4857);
#3853=AXIS2_PLACEMENT_3D('',#5907,#4858,#4859);
#3854=AXIS2_PLACEMENT_3D('',#5908,#4860,#4861);
#3855=DIRECTION('',(0.,0.,1.));
#3856=DIRECTION('',(1.,0.,0.));
#3857=DIRECTION('',(-1.41187584333894E-16,1.,0.));
#3858=DIRECTION('',(-1.,-1.41187584333894E-16,0.));
#3859=DIRECTION('',(0.,0.,1.));
#3860=DIRECTION('',(1.,1.41187584333894E-16,-1.23637098552008E-16));
#3861=DIRECTION('',(0.,0.,1.));
#3862=DIRECTION('',(1.,1.41187584333894E-16,-1.21734989343515E-16));
#3863=DIRECTION('',(1.,1.41187584333894E-16,0.));
#3864=DIRECTION('',(0.,0.,-1.));
#3865=DIRECTION('',(1.,1.41187584333894E-16,0.));
#3866=DIRECTION('',(0.,0.,-1.));
#3867=DIRECTION('',(-1.41187584333894E-16,1.,0.));
#3868=DIRECTION('',(-1.,-1.41187584333894E-16,0.));
#3869=DIRECTION('',(0.,0.,1.));
#3870=DIRECTION('',(-1.41187584333894E-16,1.,0.));
#3871=DIRECTION('',(-1.,-1.41187584333894E-16,0.));
#3872=DIRECTION('',(-1.,-1.41187584333894E-16,0.));
#3873=DIRECTION('',(-1.41187584333894E-16,1.,0.));
#3874=DIRECTION('',(-1.,-1.41187584333894E-16,0.));
#3875=DIRECTION('',(2.53318264599417E-16,3.57653938464458E-32,1.));
#3876=DIRECTION('',(-1.41187584333894E-16,1.,0.));
#3877=DIRECTION('',(-1.,-1.41187584333894E-16,0.));
#3878=DIRECTION('',(-1.,-1.41187584333894E-16,0.));
#3879=DIRECTION('',(-1.41187584333894E-16,1.,0.));
#3880=DIRECTION('',(-1.,-1.41187584333894E-16,0.));
#3881=DIRECTION('',(-1.41187584333894E-16,1.,0.));
#3882=DIRECTION('',(-1.,-1.41187584333894E-16,0.));
#3883=DIRECTION('',(-1.41187584333894E-16,1.,0.));
#3884=DIRECTION('',(-1.,-1.41187584333894E-16,0.));
#3885=DIRECTION('',(-1.41187584333894E-16,1.,0.));
#3886=DIRECTION('',(-1.,-1.41187584333894E-16,0.));
#3887=DIRECTION('',(-1.41187584333894E-16,1.,0.));
#3888=DIRECTION('',(-1.,-1.41187584333894E-16,0.));
#3889=DIRECTION('',(-1.41187584333894E-16,1.,0.));
#3890=DIRECTION('',(-1.,-1.41187584333894E-16,0.));
#3891=DIRECTION('',(-1.41187584333894E-16,1.,0.));
#3892=DIRECTION('',(-1.,-1.41187584333894E-16,0.));
#3893=DIRECTION('',(-1.41187584333894E-16,1.,0.));
#3894=DIRECTION('',(-1.,-1.41187584333894E-16,0.));
#3895=DIRECTION('',(-1.41187584333894E-16,1.,0.));
#3896=DIRECTION('',(-1.,-1.41187584333894E-16,0.));
#3897=DIRECTION('',(-1.41187584333894E-16,1.,0.));
#3898=DIRECTION('',(-1.,-1.41187584333894E-16,0.));
#3899=DIRECTION('',(-1.41187584333894E-16,1.,0.));
#3900=DIRECTION('',(-1.,-1.41187584333894E-16,0.));
#3901=DIRECTION('',(-1.41187584333894E-16,1.,0.));
#3902=DIRECTION('',(-1.,-1.41187584333894E-16,0.));
#3903=DIRECTION('',(-1.41187584333894E-16,1.,0.));
#3904=DIRECTION('',(-1.,-1.41187584333894E-16,0.));
#3905=DIRECTION('',(-1.41187584333894E-16,1.,0.));
#3906=DIRECTION('',(-1.,-1.41187584333894E-16,0.));
#3907=DIRECTION('',(-1.41187584333894E-16,1.,0.));
#3908=DIRECTION('',(-1.,-1.41187584333894E-16,0.));
#3909=DIRECTION('',(-1.41187584333894E-16,1.,0.));
#3910=DIRECTION('',(-1.,-1.41187584333894E-16,0.));
#3911=DIRECTION('',(-1.41187584333894E-16,1.,0.));
#3912=DIRECTION('',(-1.,-1.41187584333894E-16,0.));
#3913=DIRECTION('',(0.,0.,1.));
#3914=DIRECTION('',(-1.,-1.41187584333894E-16,0.));
#3915=DIRECTION('',(-1.41187584333894E-16,1.,0.));
#3916=DIRECTION('',(-1.,-1.41187584333894E-16,0.));
#3917=DIRECTION('',(0.,0.,1.));
#3918=DIRECTION('',(-1.,-1.41187584333894E-16,0.));
#3919=DIRECTION('',(-1.41187584333894E-16,1.,0.));
#3920=DIRECTION('',(-1.,-1.41187584333894E-16,0.));
#3921=DIRECTION('',(-1.,-1.41187584333894E-16,0.));
#3922=DIRECTION('',(0.,0.,-1.));
#3923=DIRECTION('',(-1.41187584333894E-16,1.,0.));
#3924=DIRECTION('',(-1.,-1.41187584333894E-16,0.));
#3925=DIRECTION('',(-1.,-1.41187584333894E-16,0.));
#3926=DIRECTION('',(9.12144252845384E-16,1.28783443623284E-31,1.));
#3927=DIRECTION('',(-1.41187584333894E-16,1.,0.));
#3928=DIRECTION('',(-1.,-1.41187584333894E-16,0.));
#3929=DIRECTION('',(0.,0.,1.));
#3930=DIRECTION('',(1.,1.41187584333894E-16,0.));
#3931=DIRECTION('',(-1.41187584333894E-16,1.,0.));
#3932=DIRECTION('',(-1.,-1.41187584333894E-16,0.));
#3933=DIRECTION('',(0.,0.,-1.));
#3934=DIRECTION('',(1.,1.41187584333894E-16,0.));
#3935=DIRECTION('',(-1.41187584333894E-16,1.,0.));
#3936=DIRECTION('',(-1.,-1.41187584333894E-16,0.));
#3937=DIRECTION('',(1.,1.41187584333894E-16,0.));
#3938=DIRECTION('',(0.,0.,1.));
#3939=DIRECTION('',(-1.41187584333894E-16,1.,0.));
#3940=DIRECTION('',(-1.,-1.41187584333894E-16,0.));
#3941=DIRECTION('',(1.,1.41187584333894E-16,0.));
#3942=DIRECTION('',(0.,0.,1.));
#3943=DIRECTION('',(0.,0.,1.));
#3944=DIRECTION('',(1.,0.,0.));
#3945=DIRECTION('',(1.41187584333894E-16,-1.,0.));
#3946=DIRECTION('',(-1.,-1.41187584333894E-16,0.));
#3947=DIRECTION('',(1.41187584333894E-16,-1.,0.));
#3948=DIRECTION('',(0.,0.,-1.));
#3949=DIRECTION('',(-1.,0.,0.));
#3950=DIRECTION('',(1.,1.41187584333894E-16,0.));
#3951=DIRECTION('',(1.41187584333894E-16,-1.,0.));
#3952=DIRECTION('',(1.41187584333894E-16,-1.,0.));
#3953=DIRECTION('',(0.,0.,-1.));
#3954=DIRECTION('',(-1.,0.,0.));
#3955=DIRECTION('',(1.41187584333894E-16,-1.,0.));
#3956=DIRECTION('',(1.,1.41187584333894E-16,0.));
#3957=DIRECTION('',(1.41187584333894E-16,-1.,0.));
#3958=DIRECTION('',(1.,1.41187584333894E-16,0.));
#3959=DIRECTION('',(-1.41187584333894E-16,1.,0.));
#3960=DIRECTION('',(0.,0.,1.));
#3961=DIRECTION('',(1.41187584333894E-16,-1.,0.));
#3962=DIRECTION('',(1.41187584333894E-16,-1.,0.));
#3963=DIRECTION('',(1.,1.41187584333894E-16,0.));
#3964=DIRECTION('',(-1.41187584333894E-16,1.,0.));
#3965=DIRECTION('',(1.41187584333894E-16,-1.,0.));
#3966=DIRECTION('',(0.,0.,1.));
#3967=DIRECTION('',(1.41187584333894E-16,-1.,0.));
#3968=DIRECTION('',(0.,0.,1.));
#3969=DIRECTION('',(1.,0.,0.));
#3970=DIRECTION('',(-1.,-1.41187584333894E-16,0.));
#3971=DIRECTION('',(1.41187584333894E-16,-1.,0.));
#3972=DIRECTION('',(1.41187584333894E-16,-1.,0.));
#3973=DIRECTION('',(-1.41187584333894E-16,1.,0.));
#3974=DIRECTION('',(-1.,-1.41187584333894E-16,0.));
#3975=DIRECTION('',(-1.34613920733023E-16,1.,0.));
#3976=DIRECTION('',(-1.,-1.34613920733023E-16,0.));
#3977=DIRECTION('',(-1.41187584333894E-16,1.,0.));
#3978=DIRECTION('',(-1.,-1.41187584333894E-16,0.));
#3979=DIRECTION('',(-1.34613920733023E-16,1.,0.));
#3980=DIRECTION('',(-1.,-1.34613920733023E-16,0.));
#3981=DIRECTION('',(-1.41187584333894E-16,1.,0.));
#3982=DIRECTION('',(-1.,-1.41187584333894E-16,0.));
#3983=DIRECTION('',(-1.34613920733023E-16,1.,0.));
#3984=DIRECTION('',(-1.,-1.34613920733023E-16,0.));
#3985=DIRECTION('',(-1.41187584333894E-16,1.,0.));
#3986=DIRECTION('',(-1.,-1.41187584333894E-16,0.));
#3987=DIRECTION('',(-1.34613920733023E-16,1.,0.));
#3988=DIRECTION('',(-1.,-1.34613920733023E-16,0.));
#3989=DIRECTION('',(-1.41187584333894E-16,1.,0.));
#3990=DIRECTION('',(-1.,-1.41187584333894E-16,0.));
#3991=DIRECTION('',(-1.34613920733023E-16,1.,0.));
#3992=DIRECTION('',(-1.,-1.34613920733023E-16,0.));
#3993=DIRECTION('',(-1.41187584333894E-16,1.,0.));
#3994=DIRECTION('',(-1.,-1.41187584333894E-16,0.));
#3995=DIRECTION('',(-1.34613920733023E-16,1.,0.));
#3996=DIRECTION('',(-1.,-1.34613920733023E-16,0.));
#3997=DIRECTION('',(-1.41187584333894E-16,1.,0.));
#3998=DIRECTION('',(-1.,-1.41187584333894E-16,0.));
#3999=DIRECTION('',(-1.34613920733023E-16,1.,0.));
#4000=DIRECTION('',(-1.,-1.34613920733023E-16,0.));
#4001=DIRECTION('',(-1.41187584333894E-16,1.,0.));
#4002=DIRECTION('',(-1.,-1.41187584333894E-16,0.));
#4003=DIRECTION('',(-1.34613920733023E-16,1.,0.));
#4004=DIRECTION('',(-1.,-1.34613920733023E-16,0.));
#4005=DIRECTION('',(-1.41187584333894E-16,1.,0.));
#4006=DIRECTION('',(-1.,-1.41187584333894E-16,0.));
#4007=DIRECTION('',(-1.34613920733023E-16,1.,0.));
#4008=DIRECTION('',(-1.,-1.34613920733023E-16,0.));
#4009=DIRECTION('',(-1.41187584333894E-16,1.,0.));
#4010=DIRECTION('',(-1.,-1.41187584333894E-16,0.));
#4011=DIRECTION('',(-1.34613920733023E-16,1.,0.));
#4012=DIRECTION('',(-1.,-1.34613920733023E-16,0.));
#4013=DIRECTION('',(-1.41187584333894E-16,1.,0.));
#4014=DIRECTION('',(-1.,-1.41187584333894E-16,0.));
#4015=DIRECTION('',(-1.34613920733023E-16,1.,0.));
#4016=DIRECTION('',(-1.,-1.34613920733023E-16,0.));
#4017=DIRECTION('',(-1.41187584333894E-16,1.,0.));
#4018=DIRECTION('',(-1.,-1.41187584333894E-16,0.));
#4019=DIRECTION('',(-1.34613920733023E-16,1.,0.));
#4020=DIRECTION('',(-1.,-1.34613920733023E-16,0.));
#4021=DIRECTION('',(-1.34613920733023E-16,1.,0.));
#4022=DIRECTION('',(-1.,-1.34613920733023E-16,0.));
#4023=DIRECTION('',(1.34613920733023E-16,-1.,0.));
#4024=DIRECTION('',(1.,1.34613920733023E-16,0.));
#4025=DIRECTION('',(1.34613920733023E-16,-1.,0.));
#4026=DIRECTION('',(1.,1.34613920733023E-16,0.));
#4027=DIRECTION('',(1.34613920733023E-16,-1.,0.));
#4028=DIRECTION('',(1.,1.34613920733023E-16,0.));
#4029=DIRECTION('',(1.34613920733023E-16,-1.,0.));
#4030=DIRECTION('',(1.,1.34613920733023E-16,0.));
#4031=DIRECTION('',(1.34613920733023E-16,-1.,0.));
#4032=DIRECTION('',(1.,1.34613920733023E-16,0.));
#4033=DIRECTION('',(1.34613920733023E-16,-1.,0.));
#4034=DIRECTION('',(1.,1.34613920733023E-16,0.));
#4035=DIRECTION('',(1.34613920733023E-16,-1.,0.));
#4036=DIRECTION('',(1.,1.34613920733023E-16,0.));
#4037=DIRECTION('',(1.34613920733023E-16,-1.,0.));
#4038=DIRECTION('',(1.,1.34613920733023E-16,0.));
#4039=DIRECTION('',(1.34613920733023E-16,-1.,0.));
#4040=DIRECTION('',(1.,1.34613920733023E-16,0.));
#4041=DIRECTION('',(1.34613920733023E-16,-1.,0.));
#4042=DIRECTION('',(1.,1.34613920733023E-16,0.));
#4043=DIRECTION('',(1.34613920733023E-16,-1.,0.));
#4044=DIRECTION('',(1.,1.34613920733023E-16,0.));
#4045=DIRECTION('',(1.34613920733023E-16,-1.,0.));
#4046=DIRECTION('',(1.,1.34613920733023E-16,0.));
#4047=DIRECTION('',(1.34613920733023E-16,-1.,0.));
#4048=DIRECTION('',(1.,1.34613920733023E-16,0.));
#4049=DIRECTION('',(1.34613920733023E-16,-1.,0.));
#4050=DIRECTION('',(1.,1.34613920733023E-16,0.));
#4051=DIRECTION('',(1.34613920733023E-16,-1.,0.));
#4052=DIRECTION('',(1.,1.34613920733023E-16,0.));
#4053=DIRECTION('',(1.34613920733023E-16,-1.,0.));
#4054=DIRECTION('',(1.,1.34613920733023E-16,0.));
#4055=DIRECTION('',(1.34613920733023E-16,-1.,0.));
#4056=DIRECTION('',(1.,1.34613920733023E-16,0.));
#4057=DIRECTION('',(1.34613920733023E-16,-1.,0.));
#4058=DIRECTION('',(1.,1.34613920733023E-16,0.));
#4059=DIRECTION('',(1.34613920733023E-16,-1.,0.));
#4060=DIRECTION('',(1.,1.34613920733023E-16,0.));
#4061=DIRECTION('',(1.34613920733023E-16,-1.,0.));
#4062=DIRECTION('',(1.,1.34613920733023E-16,0.));
#4063=DIRECTION('',(1.34613920733023E-16,-1.,0.));
#4064=DIRECTION('',(1.,1.34613920733023E-16,0.));
#4065=DIRECTION('',(1.34613920733023E-16,-1.,0.));
#4066=DIRECTION('',(1.,1.34613920733023E-16,0.));
#4067=DIRECTION('',(1.34613920733023E-16,-1.,0.));
#4068=DIRECTION('',(1.,1.34613920733023E-16,0.));
#4069=DIRECTION('',(1.34613920733023E-16,-1.,0.));
#4070=DIRECTION('',(1.,1.34613920733023E-16,0.));
#4071=DIRECTION('',(1.34613920733023E-16,-1.,0.));
#4072=DIRECTION('',(1.,1.34613920733023E-16,0.));
#4073=DIRECTION('',(1.34613920733023E-16,-1.,0.));
#4074=DIRECTION('',(1.,1.34613920733023E-16,0.));
#4075=DIRECTION('',(1.34613920733023E-16,-1.,0.));
#4076=DIRECTION('',(1.,1.34613920733023E-16,0.));
#4077=DIRECTION('',(1.34613920733023E-16,-1.,0.));
#4078=DIRECTION('',(1.,1.34613920733023E-16,0.));
#4079=DIRECTION('',(1.34613920733023E-16,-1.,0.));
#4080=DIRECTION('',(1.,1.34613920733023E-16,0.));
#4081=DIRECTION('',(1.34613920733023E-16,-1.,0.));
#4082=DIRECTION('',(1.,1.34613920733023E-16,0.));
#4083=DIRECTION('',(1.34613920733023E-16,-1.,0.));
#4084=DIRECTION('',(1.,1.34613920733023E-16,0.));
#4085=DIRECTION('',(1.34613920733023E-16,-1.,0.));
#4086=DIRECTION('',(1.,1.34613920733023E-16,0.));
#4087=DIRECTION('',(1.34613920733023E-16,-1.,0.));
#4088=DIRECTION('',(1.,1.34613920733023E-16,0.));
#4089=DIRECTION('',(1.34613920733023E-16,-1.,0.));
#4090=DIRECTION('',(1.,1.34613920733023E-16,0.));
#4091=DIRECTION('',(1.34613920733023E-16,-1.,0.));
#4092=DIRECTION('',(1.,1.34613920733023E-16,0.));
#4093=DIRECTION('',(1.34613920733023E-16,-1.,0.));
#4094=DIRECTION('',(1.,1.34613920733023E-16,0.));
#4095=DIRECTION('',(1.34613920733023E-16,-1.,0.));
#4096=DIRECTION('',(1.,1.34613920733023E-16,0.));
#4097=DIRECTION('',(1.34613920733023E-16,-1.,0.));
#4098=DIRECTION('',(1.,1.34613920733023E-16,0.));
#4099=DIRECTION('',(1.34613920733023E-16,-1.,0.));
#4100=DIRECTION('',(1.,1.34613920733023E-16,0.));
#4101=DIRECTION('',(1.34613920733023E-16,-1.,0.));
#4102=DIRECTION('',(1.,1.34613920733023E-16,0.));
#4103=DIRECTION('',(1.34613920733023E-16,-1.,0.));
#4104=DIRECTION('',(1.,1.34613920733023E-16,0.));
#4105=DIRECTION('',(1.34613920733023E-16,-1.,0.));
#4106=DIRECTION('',(1.,1.34613920733023E-16,0.));
#4107=DIRECTION('',(1.34613920733023E-16,-1.,0.));
#4108=DIRECTION('',(1.,1.34613920733023E-16,0.));
#4109=DIRECTION('',(1.34613920733023E-16,-1.,0.));
#4110=DIRECTION('',(1.,1.34613920733023E-16,0.));
#4111=DIRECTION('',(1.34613920733023E-16,-1.,0.));
#4112=DIRECTION('',(1.,1.34613920733023E-16,0.));
#4113=DIRECTION('',(1.34613920733023E-16,-1.,0.));
#4114=DIRECTION('',(1.,1.34613920733023E-16,0.));
#4115=DIRECTION('',(1.34613920733023E-16,-1.,0.));
#4116=DIRECTION('',(1.,1.34613920733023E-16,0.));
#4117=DIRECTION('',(1.34613920733023E-16,-1.,0.));
#4118=DIRECTION('',(1.,1.34613920733023E-16,0.));
#4119=DIRECTION('',(-1.34613920733023E-16,1.,0.));
#4120=DIRECTION('',(-1.,-1.34613920733023E-16,0.));
#4121=DIRECTION('',(-1.34613920733023E-16,1.,0.));
#4122=DIRECTION('',(-1.,-1.34613920733023E-16,0.));
#4123=DIRECTION('',(-1.34613920733023E-16,1.,0.));
#4124=DIRECTION('',(-1.,-1.34613920733023E-16,0.));
#4125=DIRECTION('',(-1.34613920733023E-16,1.,0.));
#4126=DIRECTION('',(-1.,-1.34613920733023E-16,0.));
#4127=DIRECTION('',(-1.34613920733023E-16,1.,0.));
#4128=DIRECTION('',(-1.,-1.34613920733023E-16,0.));
#4129=DIRECTION('',(-1.34613920733023E-16,1.,0.));
#4130=DIRECTION('',(-1.,-1.34613920733023E-16,0.));
#4131=DIRECTION('',(-1.34613920733023E-16,1.,0.));
#4132=DIRECTION('',(-1.,-1.34613920733023E-16,0.));
#4133=DIRECTION('',(-1.34613920733023E-16,1.,0.));
#4134=DIRECTION('',(-1.,-1.34613920733023E-16,0.));
#4135=DIRECTION('',(-1.34613920733023E-16,1.,0.));
#4136=DIRECTION('',(-1.,-1.34613920733023E-16,0.));
#4137=DIRECTION('',(0.,0.,1.));
#4138=DIRECTION('',(-1.34613920733023E-16,1.,0.));
#4139=DIRECTION('',(-1.,-1.34613920733023E-16,0.));
#4140=DIRECTION('',(-1.,-1.34613920733023E-16,0.));
#4141=DIRECTION('',(-1.34613920733023E-16,1.,0.));
#4142=DIRECTION('',(-1.,-1.34613920733023E-16,0.));
#4143=DIRECTION('',(2.53318264599417E-16,3.41001647910127E-32,1.));
#4144=DIRECTION('',(-1.34613920733023E-16,1.,0.));
#4145=DIRECTION('',(-1.,-1.34613920733023E-16,0.));
#4146=DIRECTION('',(-1.,-1.34613920733023E-16,0.));
#4147=DIRECTION('',(0.,0.,-1.));
#4148=DIRECTION('',(1.,1.34613920733023E-16,0.));
#4149=DIRECTION('',(0.,0.,-1.));
#4150=DIRECTION('',(1.,1.34613920733023E-16,0.));
#4151=DIRECTION('',(1.,1.34613920733023E-16,-1.23637098552008E-16));
#4152=DIRECTION('',(0.,0.,1.));
#4153=DIRECTION('',(1.,1.34613920733023E-16,-1.21734989343515E-16));
#4154=DIRECTION('',(0.,0.,1.));
#4155=DIRECTION('',(0.,0.,-1.));
#4156=DIRECTION('',(-1.,0.,0.));
#4157=DIRECTION('',(0.,0.,-1.));
#4158=DIRECTION('',(0.,0.,1.));
#4159=DIRECTION('',(1.,0.,0.));
#4160=DIRECTION('',(0.,0.,-1.));
#4161=DIRECTION('',(0.,0.,1.));
#4162=DIRECTION('',(1.,0.,0.));
#4163=DIRECTION('',(0.,0.,-1.));
#4164=DIRECTION('',(0.,0.,1.));
#4165=DIRECTION('',(1.,0.,0.));
#4166=DIRECTION('',(0.,0.,-1.));
#4167=DIRECTION('',(0.,0.,1.));
#4168=DIRECTION('',(1.,0.,0.));
#4169=DIRECTION('',(0.,0.,-1.));
#4170=DIRECTION('',(-1.,0.,0.));
#4171=DIRECTION('',(0.,0.,-1.));
#4172=DIRECTION('',(0.,0.,1.));
#4173=DIRECTION('',(1.,0.,0.));
#4174=DIRECTION('',(0.,0.,-1.));
#4175=DIRECTION('',(0.,0.,1.));
#4176=DIRECTION('',(1.,0.,0.));
#4177=DIRECTION('',(0.,0.,1.));
#4178=DIRECTION('',(1.,0.,0.));
#4179=DIRECTION('',(0.,0.,-1.));
#4180=DIRECTION('',(0.,0.,1.));
#4181=DIRECTION('',(1.,0.,0.));
#4182=DIRECTION('',(0.,0.,-1.));
#4183=DIRECTION('',(-1.,0.,0.));
#4184=DIRECTION('',(0.,0.,-1.));
#4185=DIRECTION('',(0.,0.,1.));
#4186=DIRECTION('',(1.,0.,0.));
#4187=DIRECTION('',(0.,0.,-1.));
#4188=DIRECTION('',(0.,0.,1.));
#4189=DIRECTION('',(1.,0.,0.));
#4190=DIRECTION('',(0.,0.,-1.));
#4191=DIRECTION('',(0.,0.,1.));
#4192=DIRECTION('',(1.,0.,0.));
#4193=DIRECTION('',(0.,0.,1.));
#4194=DIRECTION('',(1.,0.,0.));
#4195=DIRECTION('',(0.,0.,-1.));
#4196=DIRECTION('',(-1.,0.,0.));
#4197=DIRECTION('',(0.,0.,-1.));
#4198=DIRECTION('',(0.,0.,1.));
#4199=DIRECTION('',(1.,0.,0.));
#4200=DIRECTION('',(0.,0.,-1.));
#4201=DIRECTION('',(0.,0.,1.));
#4202=DIRECTION('',(1.,0.,0.));
#4203=DIRECTION('',(0.,0.,-1.));
#4204=DIRECTION('',(0.,0.,1.));
#4205=DIRECTION('',(1.,0.,0.));
#4206=DIRECTION('',(0.,0.,-1.));
#4207=DIRECTION('',(0.,0.,1.));
#4208=DIRECTION('',(1.,0.,0.));
#4209=DIRECTION('',(1.,3.49953158977181E-16,0.));
#4210=DIRECTION('',(-3.49953158977181E-16,1.,0.));
#4211=DIRECTION('',(0.,0.,-1.));
#4212=DIRECTION('',(3.49953158977181E-16,-1.,0.));
#4213=DIRECTION('',(0.,0.,-1.));
#4214=DIRECTION('',(3.49953158977181E-16,-1.,0.));
#4215=DIRECTION('',(0.,0.,-1.));
#4216=DIRECTION('',(-1.,0.,0.));
#4217=DIRECTION('',(0.,0.,-1.));
#4218=DIRECTION('',(0.,0.,1.));
#4219=DIRECTION('',(1.,0.,0.));
#4220=DIRECTION('',(0.,0.,1.));
#4221=DIRECTION('',(1.,0.,0.));
#4222=DIRECTION('',(-5.3845568293209E-16,1.,0.));
#4223=DIRECTION('',(-1.,-5.3845568293209E-16,0.));
#4224=DIRECTION('',(0.,0.,-1.));
#4225=DIRECTION('',(1.,5.3845568293209E-16,0.));
#4226=DIRECTION('',(1.,5.3845568293209E-16,0.));
#4227=DIRECTION('',(0.,0.,-1.));
#4228=DIRECTION('',(-1.,0.,0.));
#4229=DIRECTION('',(0.,0.,-1.));
#4230=DIRECTION('',(0.,0.,1.));
#4231=DIRECTION('',(1.,0.,0.));
#4232=DIRECTION('',(0.,0.,1.));
#4233=DIRECTION('',(1.,0.,0.));
#4234=DIRECTION('',(1.,3.49953158977181E-16,0.));
#4235=DIRECTION('',(-3.49953158977181E-16,1.,0.));
#4236=DIRECTION('',(0.,0.,-1.));
#4237=DIRECTION('',(3.49953158977181E-16,-1.,0.));
#4238=DIRECTION('',(3.49953158977181E-16,-1.,0.));
#4239=DIRECTION('',(0.,0.,-1.));
#4240=DIRECTION('',(-1.,0.,0.));
#4241=DIRECTION('',(0.,0.,1.));
#4242=DIRECTION('',(1.,0.,0.));
#4243=DIRECTION('',(0.,0.,1.));
#4244=DIRECTION('',(1.,0.,0.));
#4245=DIRECTION('',(1.,1.84269971113969E-16,0.));
#4246=DIRECTION('',(-1.84269971113969E-16,1.,0.));
#4247=DIRECTION('',(1.84269971113969E-16,-1.,0.));
#4248=DIRECTION('',(1.84269971113969E-16,-1.,0.));
#4249=DIRECTION('',(1.,1.84269971113969E-16,0.));
#4250=DIRECTION('',(-1.84269971113969E-16,1.,0.));
#4251=DIRECTION('',(1.84269971113969E-16,-1.,0.));
#4252=DIRECTION('',(1.84269971113969E-16,-1.,0.));
#4253=DIRECTION('',(0.,1.,0.));
#4254=DIRECTION('',(0.,0.,1.));
#4255=DIRECTION('',(1.,0.,0.));
#4256=DIRECTION('',(1.,0.,0.));
#4257=DIRECTION('',(0.,0.,-1.));
#4258=DIRECTION('',(-1.,0.,0.));
#4259=DIRECTION('',(0.,0.,1.));
#4260=DIRECTION('',(1.,0.,0.));
#4261=DIRECTION('',(0.,0.,1.));
#4262=DIRECTION('',(1.,0.,0.));
#4263=DIRECTION('',(0.,0.,1.));
#4264=DIRECTION('',(1.,0.,0.));
#4265=DIRECTION('',(0.,0.,1.));
#4266=DIRECTION('',(1.,0.,0.));
#4267=DIRECTION('',(0.,0.,1.));
#4268=DIRECTION('',(1.,0.,0.));
#4269=DIRECTION('',(0.,0.,1.));
#4270=DIRECTION('',(1.,0.,0.));
#4271=DIRECTION('',(0.,0.,1.));
#4272=DIRECTION('',(1.,0.,0.));
#4273=DIRECTION('',(0.,0.,1.));
#4274=DIRECTION('',(1.,0.,0.));
#4275=DIRECTION('',(0.,0.,1.));
#4276=DIRECTION('',(1.,0.,0.));
#4277=DIRECTION('',(0.,0.,1.));
#4278=DIRECTION('',(1.,0.,0.));
#4279=DIRECTION('',(0.,0.,1.));
#4280=DIRECTION('',(1.,0.,0.));
#4281=DIRECTION('',(0.,0.,1.));
#4282=DIRECTION('',(1.,0.,0.));
#4283=DIRECTION('',(0.,0.,1.));
#4284=DIRECTION('',(1.,0.,0.));
#4285=DIRECTION('',(0.,0.,1.));
#4286=DIRECTION('',(1.,0.,0.));
#4287=DIRECTION('',(0.,0.,-1.));
#4288=DIRECTION('',(-1.,0.,0.));
#4289=DIRECTION('',(0.,0.,-1.));
#4290=DIRECTION('',(-1.,0.,0.));
#4291=DIRECTION('',(0.,0.,1.));
#4292=DIRECTION('',(1.,0.,0.));
#4293=DIRECTION('',(0.,0.,1.));
#4294=DIRECTION('',(1.,0.,0.));
#4295=DIRECTION('',(0.,0.,1.));
#4296=DIRECTION('',(1.,0.,0.));
#4297=DIRECTION('',(0.,0.,-1.));
#4298=DIRECTION('',(-1.,0.,0.));
#4299=DIRECTION('',(0.,0.,-1.));
#4300=DIRECTION('',(-1.,0.,0.));
#4301=DIRECTION('',(0.,0.,1.));
#4302=DIRECTION('',(1.,0.,0.));
#4303=DIRECTION('',(0.,0.,1.));
#4304=DIRECTION('',(1.,0.,0.));
#4305=DIRECTION('',(0.,0.,1.));
#4306=DIRECTION('',(1.,0.,0.));
#4307=DIRECTION('',(0.,0.,-1.));
#4308=DIRECTION('',(-1.,0.,0.));
#4309=DIRECTION('',(0.,0.,-1.));
#4310=DIRECTION('',(-1.,0.,0.));
#4311=DIRECTION('',(0.,0.,1.));
#4312=DIRECTION('',(1.,0.,0.));
#4313=DIRECTION('',(0.,0.,1.));
#4314=DIRECTION('',(1.,0.,0.));
#4315=DIRECTION('',(0.,0.,1.));
#4316=DIRECTION('',(1.,0.,0.));
#4317=DIRECTION('',(0.,0.,-1.));
#4318=DIRECTION('',(-1.,0.,0.));
#4319=DIRECTION('',(0.,0.,-1.));
#4320=DIRECTION('',(-1.,0.,0.));
#4321=DIRECTION('',(0.,0.,1.));
#4322=DIRECTION('',(1.,0.,0.));
#4323=DIRECTION('',(0.,0.,1.));
#4324=DIRECTION('',(1.,0.,0.));
#4325=DIRECTION('',(0.,0.,1.));
#4326=DIRECTION('',(1.,0.,0.));
#4327=DIRECTION('',(0.,0.,1.));
#4328=DIRECTION('',(1.,0.,0.));
#4329=DIRECTION('',(0.,0.,1.));
#4330=DIRECTION('',(1.,0.,0.));
#4331=DIRECTION('',(0.,0.,1.));
#4332=DIRECTION('',(1.,0.,0.));
#4333=DIRECTION('',(-1.,-5.3845568293209E-16,0.));
#4334=DIRECTION('',(0.,0.,1.));
#4335=DIRECTION('',(1.,0.,0.));
#4336=DIRECTION('',(3.49953158977181E-16,-1.,0.));
#4337=DIRECTION('',(0.,0.,1.));
#4338=DIRECTION('',(1.,0.,0.));
#4339=DIRECTION('',(1.,1.34613920733023E-16,0.));
#4340=DIRECTION('',(0.,0.,1.));
#4341=DIRECTION('',(1.,0.,0.));
#4342=DIRECTION('',(-3.49953158977181E-16,1.,0.));
#4343=DIRECTION('',(0.,0.,1.));
#4344=DIRECTION('',(1.,0.,0.));
#4345=DIRECTION('',(0.,0.,1.));
#4346=DIRECTION('',(1.,0.,0.));
#4347=DIRECTION('',(0.,0.,1.));
#4348=DIRECTION('',(1.,0.,0.));
#4349=DIRECTION('',(0.,0.,1.));
#4350=DIRECTION('',(1.,0.,0.));
#4351=DIRECTION('',(0.,0.,1.));
#4352=DIRECTION('',(1.,0.,0.));
#4353=DIRECTION('',(0.,0.,1.));
#4354=DIRECTION('',(1.,0.,0.));
#4355=DIRECTION('',(0.,0.,1.));
#4356=DIRECTION('',(1.,0.,0.));
#4357=DIRECTION('',(0.,0.,1.));
#4358=DIRECTION('',(1.,0.,0.));
#4359=DIRECTION('',(0.,0.,1.));
#4360=DIRECTION('',(1.,0.,0.));
#4361=DIRECTION('',(0.,0.,1.));
#4362=DIRECTION('',(1.,0.,0.));
#4363=DIRECTION('',(0.99615198365662,0.0876426006972731,0.));
#4364=DIRECTION('',(0.819432269391012,-0.573176025214502,0.));
#4365=DIRECTION('',(0.259291089302097,-0.965799218786458,0.));
#4366=DIRECTION('',(-0.422175273170735,-0.90651422422553,0.));
#4367=DIRECTION('',(-0.906101133371455,-0.4230611493661,0.));
#4368=DIRECTION('',(-0.966052203075286,0.258346939082673,0.));
#4369=DIRECTION('',(-0.573976710485884,0.818871623528257,0.));
#4370=DIRECTION('',(0.0866688639804422,0.996237174580601,0.));
#4371=DIRECTION('',(0.706761113773189,0.707452279703785,0.));
#4372=DIRECTION('',(1.,5.3845568293209E-16,0.));
#4373=DIRECTION('',(0.,0.,1.));
#4374=DIRECTION('',(1.,0.,0.));
#4375=DIRECTION('',(3.49953158977181E-16,-1.,0.));
#4376=DIRECTION('',(0.,0.,1.));
#4377=DIRECTION('',(1.,0.,0.));
#4378=DIRECTION('',(1.,1.34613920733023E-16,0.));
#4379=DIRECTION('',(0.,0.,1.));
#4380=DIRECTION('',(1.,0.,0.));
#4381=DIRECTION('',(3.49953158977181E-16,-1.,0.));
#4382=DIRECTION('',(0.,0.,1.));
#4383=DIRECTION('',(1.,0.,0.));
#4384=DIRECTION('',(0.,0.,1.));
#4385=DIRECTION('',(1.,0.,0.));
#4386=DIRECTION('',(-1.,-8.67361737988404E-16,8.67361737988404E-16));
#4387=DIRECTION('',(8.67361737988404E-16,0.,1.));
#4388=DIRECTION('',(0.,1.,0.));
#4389=DIRECTION('',(0.,0.,1.));
#4390=DIRECTION('',(3.49953158977181E-16,-1.,0.));
#4391=DIRECTION('',(1.,3.49953158977181E-16,0.));
#4392=DIRECTION('',(0.,1.,0.));
#4393=DIRECTION('',(0.,0.,1.));
#4394=DIRECTION('',(-1.,-1.34613920733023E-16,0.));
#4395=DIRECTION('',(1.34613920733023E-16,-1.,0.));
#4396=DIRECTION('',(-1.,0.,0.));
#4397=DIRECTION('',(0.,0.,1.));
#4398=DIRECTION('',(0.,0.,1.));
#4399=DIRECTION('',(1.,0.,0.));
#4400=DIRECTION('',(-1.,8.67361737988404E-16,0.));
#4401=DIRECTION('',(-8.67361737988404E-16,-1.,0.));
#4402=DIRECTION('',(0.,0.,1.));
#4403=DIRECTION('',(1.,0.,0.));
#4404=DIRECTION('',(0.,1.,-4.33680868994202E-16));
#4405=DIRECTION('',(0.,4.33680868994202E-16,1.));
#4406=DIRECTION('',(1.,5.3845568293209E-16,0.));
#4407=DIRECTION('',(-5.3845568293209E-16,1.,0.));
#4408=DIRECTION('',(-1.,0.,0.));
#4409=DIRECTION('',(0.,0.,1.));
#4410=DIRECTION('',(-3.49953158977181E-16,1.,0.));
#4411=DIRECTION('',(-1.,-3.49953158977181E-16,0.));
#4412=DIRECTION('',(0.,1.,0.));
#4413=DIRECTION('',(0.,0.,1.));
#4414=DIRECTION('',(0.,0.,1.));
#4415=DIRECTION('',(1.,0.,0.));
#4416=DIRECTION('',(0.,0.,1.));
#4417=DIRECTION('',(1.,0.,0.));
#4418=DIRECTION('',(0.,0.,1.));
#4419=DIRECTION('',(0.,0.,1.));
#4420=DIRECTION('',(1.,0.,0.));
#4421=DIRECTION('',(0.,0.,1.));
#4422=DIRECTION('',(1.,3.49953158977181E-16,0.));
#4423=DIRECTION('',(-3.49953158977181E-16,1.,0.));
#4424=DIRECTION('',(3.49953158977181E-16,-1.,0.));
#4425=DIRECTION('',(0.,0.,1.));
#4426=DIRECTION('',(0.,0.,1.));
#4427=DIRECTION('',(1.,0.,0.));
#4428=DIRECTION('',(0.,0.,1.));
#4429=DIRECTION('',(1.,0.,0.));
#4430=DIRECTION('',(0.,0.,1.));
#4431=DIRECTION('',(0.,0.,1.));
#4432=DIRECTION('',(1.,0.,0.));
#4433=DIRECTION('',(0.,0.,1.));
#4434=DIRECTION('',(0.,0.,1.));
#4435=DIRECTION('',(1.,0.,0.));
#4436=DIRECTION('',(0.,0.,1.));
#4437=DIRECTION('',(1.34613920733023E-16,-1.,0.));
#4438=DIRECTION('',(1.,1.34613920733023E-16,0.));
#4439=DIRECTION('',(1.,1.34613920733023E-16,0.));
#4440=DIRECTION('',(-5.3845568293209E-16,1.,0.));
#4441=DIRECTION('',(-1.,-5.3845568293209E-16,0.));
#4442=DIRECTION('',(1.,5.3845568293209E-16,0.));
#4443=DIRECTION('',(0.,0.,1.));
#4444=DIRECTION('',(0.,0.,1.));
#4445=DIRECTION('',(1.,0.,0.));
#4446=DIRECTION('',(0.,0.,1.));
#4447=DIRECTION('',(1.,0.,0.));
#4448=DIRECTION('',(0.,0.,1.));
#4449=DIRECTION('',(-1.,-3.49953158977181E-16,0.));
#4450=DIRECTION('',(3.49953158977181E-16,-1.,0.));
#4451=DIRECTION('',(3.49953158977181E-16,-1.,0.));
#4452=DIRECTION('',(0.,0.,1.));
#4453=DIRECTION('',(1.,0.,0.));
#4454=DIRECTION('',(0.,0.,1.));
#4455=DIRECTION('',(1.,0.,0.));
#4456=DIRECTION('',(0.,0.,1.));
#4457=DIRECTION('',(1.,0.,0.));
#4458=DIRECTION('',(0.,0.,1.));
#4459=DIRECTION('',(1.,0.,0.));
#4460=DIRECTION('',(0.,0.,1.));
#4461=DIRECTION('',(1.,0.,0.));
#4462=DIRECTION('',(0.,0.,1.));
#4463=DIRECTION('',(1.,0.,0.));
#4464=DIRECTION('',(0.,0.,1.));
#4465=DIRECTION('',(1.,0.,0.));
#4466=DIRECTION('',(0.,0.,1.));
#4467=DIRECTION('',(1.,0.,0.));
#4468=DIRECTION('',(0.,0.,1.));
#4469=DIRECTION('',(1.,0.,0.));
#4470=DIRECTION('',(0.,0.,1.));
#4471=DIRECTION('',(1.,0.,0.));
#4472=DIRECTION('',(0.819432269391012,-0.573176025214502,0.));
#4473=DIRECTION('',(0.99615198365662,0.0876426006972731,0.));
#4474=DIRECTION('',(0.706761113773189,0.707452279703785,0.));
#4475=DIRECTION('',(0.0866688639804422,0.996237174580601,0.));
#4476=DIRECTION('',(-0.573976710485884,0.818871623528257,0.));
#4477=DIRECTION('',(-0.966052203075286,0.258346939082673,0.));
#4478=DIRECTION('',(-0.906101133371455,-0.4230611493661,0.));
#4479=DIRECTION('',(-0.422175273170735,-0.90651422422553,0.));
#4480=DIRECTION('',(0.259291089302097,-0.965799218786458,0.));
#4481=DIRECTION('',(0.0876426006972731,-0.99615198365662,0.));
#4482=DIRECTION('',(0.99615198365662,0.0876426006972731,0.));
#4483=DIRECTION('',(0.,0.,1.));
#4484=DIRECTION('',(0.,0.,1.));
#4485=DIRECTION('',(0.707452279703785,-0.706761113773189,0.));
#4486=DIRECTION('',(0.706761113773189,0.707452279703785,0.));
#4487=DIRECTION('',(0.,0.,1.));
#4488=DIRECTION('',(0.996237174580601,-0.0866688639804422,0.));
#4489=DIRECTION('',(0.0866688639804422,0.996237174580601,0.));
#4490=DIRECTION('',(0.,0.,1.));
#4491=DIRECTION('',(0.818871623528257,0.573976710485884,0.));
#4492=DIRECTION('',(-0.573976710485884,0.818871623528257,0.));
#4493=DIRECTION('',(0.,0.,1.));
#4494=DIRECTION('',(0.258346939082673,0.966052203075286,0.));
#4495=DIRECTION('',(-0.966052203075286,0.258346939082673,0.));
#4496=DIRECTION('',(0.,0.,1.));
#4497=DIRECTION('',(-0.4230611493661,0.906101133371455,0.));
#4498=DIRECTION('',(-0.906101133371455,-0.4230611493661,0.));
#4499=DIRECTION('',(0.,0.,1.));
#4500=DIRECTION('',(-0.90651422422553,0.422175273170735,0.));
#4501=DIRECTION('',(-0.422175273170735,-0.90651422422553,0.));
#4502=DIRECTION('',(0.,0.,1.));
#4503=DIRECTION('',(-0.965799218786458,-0.259291089302097,0.));
#4504=DIRECTION('',(0.259291089302097,-0.965799218786458,0.));
#4505=DIRECTION('',(0.,0.,1.));
#4506=DIRECTION('',(-0.573176025214502,-0.819432269391012,0.));
#4507=DIRECTION('',(0.819432269391012,-0.573176025214502,0.));
#4508=DIRECTION('',(0.,0.,1.));
#4509=DIRECTION('',(1.,0.,0.));
#4510=DIRECTION('',(0.,0.,1.));
#4511=DIRECTION('',(1.,0.,0.));
#4512=DIRECTION('',(0.,0.,1.));
#4513=DIRECTION('',(1.,0.,0.));
#4514=DIRECTION('',(0.,0.,1.));
#4515=DIRECTION('',(1.,0.,0.));
#4516=DIRECTION('',(0.,0.,1.));
#4517=DIRECTION('',(1.,0.,0.));
#4518=DIRECTION('',(0.,0.,1.));
#4519=DIRECTION('',(1.,0.,0.));
#4520=DIRECTION('',(0.,0.,1.));
#4521=DIRECTION('',(1.,0.,0.));
#4522=DIRECTION('',(0.,0.,1.));
#4523=DIRECTION('',(1.,0.,0.));
#4524=DIRECTION('',(0.,0.,1.));
#4525=DIRECTION('',(1.,0.,0.));
#4526=DIRECTION('',(1.23637098552008E-16,1.74560232786095E-32,1.));
#4527=DIRECTION('',(1.,0.,-1.23637098552008E-16));
#4528=DIRECTION('',(-1.41187584333894E-16,1.,0.));
#4529=DIRECTION('',(-1.41187584333894E-16,1.,0.));
#4530=DIRECTION('',(-1.,-1.41187584333894E-16,0.));
#4531=DIRECTION('',(1.41187584333894E-16,-1.,0.));
#4532=DIRECTION('',(-1.41187584333894E-16,1.,0.));
#4533=DIRECTION('',(1.21734989343515E-16,1.71874690743232E-32,1.));
#4534=DIRECTION('',(1.,0.,-1.21734989343515E-16));
#4535=DIRECTION('',(-1.41187584333894E-16,1.,0.));
#4536=DIRECTION('',(-1.,-1.41187584333894E-16,0.));
#4537=DIRECTION('',(1.41187584333894E-16,-1.,0.));
#4538=DIRECTION('',(-1.,-1.41187584333894E-16,0.));
#4539=DIRECTION('',(1.41187584333894E-16,-1.,0.));
#4540=DIRECTION('',(-1.41187584333894E-16,1.,0.));
#4541=DIRECTION('',(-1.41187584333894E-16,1.,0.));
#4542=DIRECTION('',(-1.41187584333894E-16,1.,0.));
#4543=DIRECTION('',(-1.,-1.41187584333894E-16,0.));
#4544=DIRECTION('',(-1.41187584333894E-16,1.,0.));
#4545=DIRECTION('',(0.,0.,-1.));
#4546=DIRECTION('',(-1.,0.,0.));
#4547=DIRECTION('',(-1.41187584333894E-16,1.,0.));
#4548=DIRECTION('',(-1.41187584333894E-16,1.,0.));
#4549=DIRECTION('',(-1.,-1.41187584333894E-16,0.));
#4550=DIRECTION('',(-1.41187584333894E-16,1.,0.));
#4551=DIRECTION('',(-1.,-1.41187584333894E-16,2.53318264599417E-16));
#4552=DIRECTION('',(2.53318264599417E-16,0.,1.));
#4553=DIRECTION('',(-1.41187584333894E-16,1.,0.));
#4554=DIRECTION('',(-1.41187584333894E-16,1.,0.));
#4555=DIRECTION('',(-1.,-1.41187584333894E-16,0.));
#4556=DIRECTION('',(-1.41187584333894E-16,1.,0.));
#4557=DIRECTION('',(0.,0.,-1.));
#4558=DIRECTION('',(-1.,0.,0.));
#4559=DIRECTION('',(-1.41187584333894E-16,1.,0.));
#4560=DIRECTION('',(-1.41187584333894E-16,1.,0.));
#4561=DIRECTION('',(-1.,-1.41187584333894E-16,0.));
#4562=DIRECTION('',(0.,0.,1.));
#4563=DIRECTION('',(1.,0.,0.));
#4564=DIRECTION('',(1.41187584333894E-16,-1.,0.));
#4565=DIRECTION('',(-1.,-1.41187584333894E-16,0.));
#4566=DIRECTION('',(1.41187584333894E-16,-1.,0.));
#4567=DIRECTION('',(1.41187584333894E-16,-1.,0.));
#4568=DIRECTION('',(1.,1.41187584333894E-16,0.));
#4569=DIRECTION('',(1.41187584333894E-16,-1.,0.));
#4570=DIRECTION('',(-1.41187584333894E-16,1.,0.));
#4571=DIRECTION('',(-1.,-1.41187584333894E-16,0.));
#4572=DIRECTION('',(-1.,-1.41187584333894E-16,0.));
#4573=DIRECTION('',(1.41187584333894E-16,-1.,0.));
#4574=DIRECTION('',(0.,0.,-1.));
#4575=DIRECTION('',(1.,1.41187584333894E-16,-9.12144252845384E-16));
#4576=DIRECTION('',(-9.12144252845384E-16,0.,-1.));
#4577=DIRECTION('',(9.12144252845384E-16,1.28783443623284E-31,1.));
#4578=DIRECTION('',(1.41187584333894E-16,-1.,0.));
#4579=DIRECTION('',(-1.,-1.41187584333894E-16,0.));
#4580=DIRECTION('',(1.41187584333894E-16,-1.,0.));
#4581=DIRECTION('',(1.41187584333894E-16,-1.,0.));
#4582=DIRECTION('',(0.,0.,-1.));
#4583=DIRECTION('',(1.41187584333894E-16,-1.,0.));
#4584=DIRECTION('',(1.,1.41187584333894E-16,0.));
#4585=DIRECTION('',(1.41187584333894E-16,-1.,0.));
#4586=DIRECTION('',(-1.41187584333894E-16,1.,0.));
#4587=DIRECTION('',(-1.,-1.41187584333894E-16,0.));
#4588=DIRECTION('',(0.,0.,-1.));
#4589=DIRECTION('',(-1.,0.,0.));
#4590=DIRECTION('',(1.41187584333894E-16,-1.,0.));
#4591=DIRECTION('',(1.,1.41187584333894E-16,0.));
#4592=DIRECTION('',(1.,1.41187584333894E-16,0.));
#4593=DIRECTION('',(-1.41187584333894E-16,1.,0.));
#4594=DIRECTION('',(1.41187584333894E-16,-1.,0.));
#4595=DIRECTION('',(0.,0.,1.));
#4596=DIRECTION('',(0.,0.,-1.));
#4597=DIRECTION('',(-1.,0.,0.));
#4598=DIRECTION('',(1.41187584333894E-16,-1.,0.));
#4599=DIRECTION('',(1.,1.41187584333894E-16,0.));
#4600=DIRECTION('',(1.41187584333894E-16,-1.,0.));
#4601=DIRECTION('',(1.,1.41187584333894E-16,0.));
#4602=DIRECTION('',(1.41187584333894E-16,-1.,0.));
#4603=DIRECTION('',(-1.41187584333894E-16,1.,0.));
#4604=DIRECTION('',(-1.,-1.41187584333894E-16,0.));
#4605=DIRECTION('',(1.,1.41187584333894E-16,0.));
#4606=DIRECTION('',(-1.41187584333894E-16,1.,0.));
#4607=DIRECTION('',(0.,0.,1.));
#4608=DIRECTION('',(1.,1.41187584333894E-16,0.));
#4609=DIRECTION('',(-1.41187584333894E-16,1.,0.));
#4610=DIRECTION('',(1.41187584333894E-16,-1.,0.));
#4611=DIRECTION('',(0.,0.,1.));
#4612=DIRECTION('',(1.41187584333894E-16,-1.,0.));
#4613=DIRECTION('',(1.,1.41187584333894E-16,0.));
#4614=DIRECTION('',(1.41187584333894E-16,-1.,0.));
#4615=DIRECTION('',(-1.41187584333894E-16,1.,0.));
#4616=DIRECTION('',(-1.,-1.41187584333894E-16,0.));
#4617=DIRECTION('',(0.,0.,1.));
#4618=DIRECTION('',(1.,0.,0.));
#4619=DIRECTION('',(-1.,-1.41187584333894E-16,0.));
#4620=DIRECTION('',(-1.41187584333894E-16,1.,0.));
#4621=DIRECTION('',(-1.,-1.41187584333894E-16,0.));
#4622=DIRECTION('',(-1.41187584333894E-16,1.,0.));
#4623=DIRECTION('',(-1.,-1.41187584333894E-16,0.));
#4624=DIRECTION('',(-1.41187584333894E-16,1.,0.));
#4625=DIRECTION('',(-1.,-1.41187584333894E-16,0.));
#4626=DIRECTION('',(-1.41187584333894E-16,1.,0.));
#4627=DIRECTION('',(-1.,-1.41187584333894E-16,0.));
#4628=DIRECTION('',(-1.41187584333894E-16,1.,0.));
#4629=DIRECTION('',(-1.,-1.41187584333894E-16,0.));
#4630=DIRECTION('',(-1.41187584333894E-16,1.,0.));
#4631=DIRECTION('',(-1.,-1.41187584333894E-16,0.));
#4632=DIRECTION('',(-1.41187584333894E-16,1.,0.));
#4633=DIRECTION('',(-1.,-1.41187584333894E-16,0.));
#4634=DIRECTION('',(-1.41187584333894E-16,1.,0.));
#4635=DIRECTION('',(-1.,-1.41187584333894E-16,0.));
#4636=DIRECTION('',(-1.41187584333894E-16,1.,0.));
#4637=DIRECTION('',(-1.,-1.41187584333894E-16,0.));
#4638=DIRECTION('',(-1.41187584333894E-16,1.,0.));
#4639=DIRECTION('',(-1.,-1.41187584333894E-16,0.));
#4640=DIRECTION('',(-1.41187584333894E-16,1.,0.));
#4641=DIRECTION('',(-1.,-1.41187584333894E-16,0.));
#4642=DIRECTION('',(-1.41187584333894E-16,1.,0.));
#4643=DIRECTION('',(-1.,-1.41187584333894E-16,0.));
#4644=DIRECTION('',(-1.41187584333894E-16,1.,0.));
#4645=DIRECTION('',(-1.,-1.41187584333894E-16,0.));
#4646=DIRECTION('',(-1.41187584333894E-16,1.,0.));
#4647=DIRECTION('',(-1.,-1.41187584333894E-16,0.));
#4648=DIRECTION('',(-1.41187584333894E-16,1.,0.));
#4649=DIRECTION('',(-1.,-1.41187584333894E-16,0.));
#4650=DIRECTION('',(-1.41187584333894E-16,1.,0.));
#4651=DIRECTION('',(-1.,-1.41187584333894E-16,0.));
#4652=DIRECTION('',(-1.41187584333894E-16,1.,0.));
#4653=DIRECTION('',(-1.,-1.41187584333894E-16,0.));
#4654=DIRECTION('',(-1.41187584333894E-16,1.,0.));
#4655=DIRECTION('',(-1.,-1.41187584333894E-16,0.));
#4656=DIRECTION('',(1.41187584333894E-16,-1.,0.));
#4657=DIRECTION('',(1.,1.41187584333894E-16,0.));
#4658=DIRECTION('',(1.41187584333894E-16,-1.,0.));
#4659=DIRECTION('',(1.,1.41187584333894E-16,0.));
#4660=DIRECTION('',(1.41187584333894E-16,-1.,0.));
#4661=DIRECTION('',(1.,1.41187584333894E-16,0.));
#4662=DIRECTION('',(1.41187584333894E-16,-1.,0.));
#4663=DIRECTION('',(1.,1.41187584333894E-16,0.));
#4664=DIRECTION('',(1.41187584333894E-16,-1.,0.));
#4665=DIRECTION('',(1.,1.41187584333894E-16,0.));
#4666=DIRECTION('',(-1.41187584333894E-16,1.,0.));
#4667=DIRECTION('',(-1.,-1.41187584333894E-16,0.));
#4668=DIRECTION('',(-1.41187584333894E-16,1.,0.));
#4669=DIRECTION('',(-1.,-1.41187584333894E-16,0.));
#4670=DIRECTION('',(-1.41187584333894E-16,1.,0.));
#4671=DIRECTION('',(-1.,-1.41187584333894E-16,0.));
#4672=DIRECTION('',(-1.41187584333894E-16,1.,0.));
#4673=DIRECTION('',(-1.,-1.41187584333894E-16,0.));
#4674=DIRECTION('',(-1.41187584333894E-16,1.,0.));
#4675=DIRECTION('',(-1.,-1.41187584333894E-16,0.));
#4676=DIRECTION('',(-1.41187584333894E-16,1.,0.));
#4677=DIRECTION('',(-1.,-1.41187584333894E-16,0.));
#4678=DIRECTION('',(-1.41187584333894E-16,1.,0.));
#4679=DIRECTION('',(-1.,-1.41187584333894E-16,0.));
#4680=DIRECTION('',(-1.41187584333894E-16,1.,0.));
#4681=DIRECTION('',(-1.,-1.41187584333894E-16,0.));
#4682=DIRECTION('',(-1.41187584333894E-16,1.,0.));
#4683=DIRECTION('',(-1.,-1.41187584333894E-16,0.));
#4684=DIRECTION('',(-1.41187584333894E-16,1.,0.));
#4685=DIRECTION('',(-1.,-1.41187584333894E-16,0.));
#4686=DIRECTION('',(-1.41187584333894E-16,1.,0.));
#4687=DIRECTION('',(-1.,-1.41187584333894E-16,0.));
#4688=DIRECTION('',(-1.41187584333894E-16,1.,0.));
#4689=DIRECTION('',(-1.,-1.41187584333894E-16,0.));
#4690=DIRECTION('',(-1.41187584333894E-16,1.,0.));
#4691=DIRECTION('',(-1.,-1.41187584333894E-16,0.));
#4692=DIRECTION('',(-1.41187584333894E-16,1.,0.));
#4693=DIRECTION('',(-1.,-1.41187584333894E-16,0.));
#4694=DIRECTION('',(-1.41187584333894E-16,1.,0.));
#4695=DIRECTION('',(-1.,-1.41187584333894E-16,0.));
#4696=DIRECTION('',(-1.41187584333894E-16,1.,0.));
#4697=DIRECTION('',(-1.,-1.41187584333894E-16,0.));
#4698=DIRECTION('',(-1.41187584333894E-16,1.,0.));
#4699=DIRECTION('',(-1.,-1.41187584333894E-16,0.));
#4700=DIRECTION('',(-1.41187584333894E-16,1.,0.));
#4701=DIRECTION('',(-1.,-1.41187584333894E-16,0.));
#4702=DIRECTION('',(-1.41187584333894E-16,1.,0.));
#4703=DIRECTION('',(-1.,-1.41187584333894E-16,0.));
#4704=DIRECTION('',(-1.41187584333894E-16,1.,0.));
#4705=DIRECTION('',(-1.,-1.41187584333894E-16,0.));
#4706=DIRECTION('',(-1.41187584333894E-16,1.,0.));
#4707=DIRECTION('',(-1.,-1.41187584333894E-16,0.));
#4708=DIRECTION('',(-1.41187584333894E-16,1.,0.));
#4709=DIRECTION('',(-1.,-1.41187584333894E-16,0.));
#4710=DIRECTION('',(-1.41187584333894E-16,1.,0.));
#4711=DIRECTION('',(-1.,-1.41187584333894E-16,0.));
#4712=DIRECTION('',(-1.41187584333894E-16,1.,0.));
#4713=DIRECTION('',(-1.,-1.41187584333894E-16,0.));
#4714=DIRECTION('',(-1.41187584333894E-16,1.,0.));
#4715=DIRECTION('',(-1.,-1.41187584333894E-16,0.));
#4716=DIRECTION('',(-1.41187584333894E-16,1.,0.));
#4717=DIRECTION('',(-1.,-1.41187584333894E-16,0.));
#4718=DIRECTION('',(-1.41187584333894E-16,1.,0.));
#4719=DIRECTION('',(-1.,-1.41187584333894E-16,0.));
#4720=DIRECTION('',(-1.41187584333894E-16,1.,0.));
#4721=DIRECTION('',(-1.,-1.41187584333894E-16,0.));
#4722=DIRECTION('',(-1.41187584333894E-16,1.,0.));
#4723=DIRECTION('',(-1.,-1.41187584333894E-16,0.));
#4724=DIRECTION('',(-1.41187584333894E-16,1.,0.));
#4725=DIRECTION('',(-1.,-1.41187584333894E-16,0.));
#4726=DIRECTION('',(-1.41187584333894E-16,1.,0.));
#4727=DIRECTION('',(-1.,-1.41187584333894E-16,0.));
#4728=DIRECTION('',(-1.41187584333894E-16,1.,0.));
#4729=DIRECTION('',(-1.,-1.41187584333894E-16,0.));
#4730=DIRECTION('',(-1.41187584333894E-16,1.,0.));
#4731=DIRECTION('',(-1.,-1.41187584333894E-16,0.));
#4732=DIRECTION('',(-1.41187584333894E-16,1.,0.));
#4733=DIRECTION('',(-1.,-1.41187584333894E-16,0.));
#4734=DIRECTION('',(-1.41187584333894E-16,1.,0.));
#4735=DIRECTION('',(-1.,-1.41187584333894E-16,0.));
#4736=DIRECTION('',(-1.41187584333894E-16,1.,0.));
#4737=DIRECTION('',(-1.,-1.41187584333894E-16,0.));
#4738=DIRECTION('',(-1.41187584333894E-16,1.,0.));
#4739=DIRECTION('',(-1.,-1.41187584333894E-16,0.));
#4740=DIRECTION('',(-1.41187584333894E-16,1.,0.));
#4741=DIRECTION('',(-1.,-1.41187584333894E-16,0.));
#4742=DIRECTION('',(-1.41187584333894E-16,1.,0.));
#4743=DIRECTION('',(-1.,-1.41187584333894E-16,0.));
#4744=DIRECTION('',(-1.41187584333894E-16,1.,0.));
#4745=DIRECTION('',(-1.,-1.41187584333894E-16,0.));
#4746=DIRECTION('',(-1.41187584333894E-16,1.,0.));
#4747=DIRECTION('',(-1.,-1.41187584333894E-16,0.));
#4748=DIRECTION('',(-1.41187584333894E-16,1.,0.));
#4749=DIRECTION('',(-1.,-1.41187584333894E-16,0.));
#4750=DIRECTION('',(-1.41187584333894E-16,1.,0.));
#4751=DIRECTION('',(-1.,-1.41187584333894E-16,0.));
#4752=DIRECTION('',(-1.41187584333894E-16,1.,0.));
#4753=DIRECTION('',(-1.,-1.41187584333894E-16,0.));
#4754=DIRECTION('',(-1.41187584333894E-16,1.,0.));
#4755=DIRECTION('',(-1.,-1.41187584333894E-16,0.));
#4756=DIRECTION('',(-1.41187584333894E-16,1.,0.));
#4757=DIRECTION('',(-1.,-1.41187584333894E-16,0.));
#4758=DIRECTION('',(-1.41187584333894E-16,1.,0.));
#4759=DIRECTION('',(-1.,-1.41187584333894E-16,0.));
#4760=DIRECTION('',(-1.41187584333894E-16,1.,0.));
#4761=DIRECTION('',(-1.,-1.41187584333894E-16,0.));
#4762=DIRECTION('',(-1.41187584333894E-16,1.,0.));
#4763=DIRECTION('',(-1.,-1.41187584333894E-16,0.));
#4764=DIRECTION('',(-1.41187584333894E-16,1.,0.));
#4765=DIRECTION('',(-1.,-1.41187584333894E-16,0.));
#4766=DIRECTION('',(1.34613920733023E-16,-1.,0.));
#4767=DIRECTION('',(1.,1.34613920733023E-16,0.));
#4768=DIRECTION('',(1.34613920733023E-16,-1.,0.));
#4769=DIRECTION('',(1.,1.34613920733023E-16,0.));
#4770=DIRECTION('',(1.34613920733023E-16,-1.,0.));
#4771=DIRECTION('',(1.,1.34613920733023E-16,0.));
#4772=DIRECTION('',(1.34613920733023E-16,-1.,0.));
#4773=DIRECTION('',(1.,1.34613920733023E-16,0.));
#4774=DIRECTION('',(1.34613920733023E-16,-1.,0.));
#4775=DIRECTION('',(1.,1.34613920733023E-16,0.));
#4776=DIRECTION('',(1.34613920733023E-16,-1.,0.));
#4777=DIRECTION('',(1.,1.34613920733023E-16,0.));
#4778=DIRECTION('',(1.34613920733023E-16,-1.,0.));
#4779=DIRECTION('',(1.,1.34613920733023E-16,0.));
#4780=DIRECTION('',(1.34613920733023E-16,-1.,0.));
#4781=DIRECTION('',(1.,1.34613920733023E-16,0.));
#4782=DIRECTION('',(1.34613920733023E-16,-1.,0.));
#4783=DIRECTION('',(1.,1.34613920733023E-16,0.));
#4784=DIRECTION('',(1.34613920733023E-16,-1.,0.));
#4785=DIRECTION('',(1.,1.34613920733023E-16,0.));
#4786=DIRECTION('',(1.34613920733023E-16,-1.,0.));
#4787=DIRECTION('',(1.,1.34613920733023E-16,0.));
#4788=DIRECTION('',(1.34613920733023E-16,-1.,0.));
#4789=DIRECTION('',(1.,1.34613920733023E-16,0.));
#4790=DIRECTION('',(1.34613920733023E-16,-1.,0.));
#4791=DIRECTION('',(1.,1.34613920733023E-16,0.));
#4792=DIRECTION('',(1.34613920733023E-16,-1.,0.));
#4793=DIRECTION('',(1.,1.34613920733023E-16,0.));
#4794=DIRECTION('',(1.34613920733023E-16,-1.,0.));
#4795=DIRECTION('',(1.,1.34613920733023E-16,0.));
#4796=DIRECTION('',(1.34613920733023E-16,-1.,0.));
#4797=DIRECTION('',(1.,1.34613920733023E-16,0.));
#4798=DIRECTION('',(1.34613920733023E-16,-1.,0.));
#4799=DIRECTION('',(1.,1.34613920733023E-16,0.));
#4800=DIRECTION('',(1.34613920733023E-16,-1.,0.));
#4801=DIRECTION('',(1.,1.34613920733023E-16,0.));
#4802=DIRECTION('',(1.34613920733023E-16,-1.,0.));
#4803=DIRECTION('',(1.,1.34613920733023E-16,0.));
#4804=DIRECTION('',(1.34613920733023E-16,-1.,0.));
#4805=DIRECTION('',(1.,1.34613920733023E-16,0.));
#4806=DIRECTION('',(1.34613920733023E-16,-1.,0.));
#4807=DIRECTION('',(1.,1.34613920733023E-16,0.));
#4808=DIRECTION('',(1.34613920733023E-16,-1.,0.));
#4809=DIRECTION('',(1.,1.34613920733023E-16,0.));
#4810=DIRECTION('',(1.34613920733023E-16,-1.,0.));
#4811=DIRECTION('',(1.,1.34613920733023E-16,0.));
#4812=DIRECTION('',(1.34613920733023E-16,-1.,0.));
#4813=DIRECTION('',(1.,1.34613920733023E-16,0.));
#4814=DIRECTION('',(1.34613920733023E-16,-1.,0.));
#4815=DIRECTION('',(1.,1.34613920733023E-16,0.));
#4816=DIRECTION('',(1.34613920733023E-16,-1.,0.));
#4817=DIRECTION('',(1.,1.34613920733023E-16,0.));
#4818=DIRECTION('',(1.34613920733023E-16,-1.,0.));
#4819=DIRECTION('',(1.,1.34613920733023E-16,0.));
#4820=DIRECTION('',(1.34613920733023E-16,-1.,0.));
#4821=DIRECTION('',(1.,1.34613920733023E-16,0.));
#4822=DIRECTION('',(1.34613920733023E-16,-1.,0.));
#4823=DIRECTION('',(1.,1.34613920733023E-16,0.));
#4824=DIRECTION('',(1.34613920733023E-16,-1.,0.));
#4825=DIRECTION('',(1.,1.34613920733023E-16,0.));
#4826=DIRECTION('',(1.34613920733023E-16,-1.,0.));
#4827=DIRECTION('',(1.,1.34613920733023E-16,0.));
#4828=DIRECTION('',(1.34613920733023E-16,-1.,0.));
#4829=DIRECTION('',(1.,1.34613920733023E-16,0.));
#4830=DIRECTION('',(1.34613920733023E-16,-1.,0.));
#4831=DIRECTION('',(1.,1.34613920733023E-16,0.));
#4832=DIRECTION('',(1.34613920733023E-16,-1.,0.));
#4833=DIRECTION('',(1.,1.34613920733023E-16,0.));
#4834=DIRECTION('',(1.34613920733023E-16,-1.,0.));
#4835=DIRECTION('',(1.,1.34613920733023E-16,0.));
#4836=DIRECTION('',(1.34613920733023E-16,-1.,0.));
#4837=DIRECTION('',(1.,1.34613920733023E-16,0.));
#4838=DIRECTION('',(1.34613920733023E-16,-1.,0.));
#4839=DIRECTION('',(1.,1.34613920733023E-16,0.));
#4840=DIRECTION('',(1.34613920733023E-16,-1.,0.));
#4841=DIRECTION('',(1.,1.34613920733023E-16,0.));
#4842=DIRECTION('',(1.34613920733023E-16,-1.,0.));
#4843=DIRECTION('',(1.,1.34613920733023E-16,0.));
#4844=DIRECTION('',(1.34613920733023E-16,-1.,0.));
#4845=DIRECTION('',(1.,1.34613920733023E-16,0.));
#4846=DIRECTION('',(1.34613920733023E-16,-1.,0.));
#4847=DIRECTION('',(1.,1.34613920733023E-16,0.));
#4848=DIRECTION('',(1.34613920733023E-16,-1.,0.));
#4849=DIRECTION('',(1.,1.34613920733023E-16,0.));
#4850=DIRECTION('',(1.34613920733023E-16,-1.,0.));
#4851=DIRECTION('',(1.,1.34613920733023E-16,0.));
#4852=DIRECTION('',(1.34613920733023E-16,-1.,0.));
#4853=DIRECTION('',(1.,1.34613920733023E-16,0.));
#4854=DIRECTION('',(1.34613920733023E-16,-1.,0.));
#4855=DIRECTION('',(1.,1.34613920733023E-16,0.));
#4856=DIRECTION('',(1.34613920733023E-16,-1.,0.));
#4857=DIRECTION('',(1.,1.34613920733023E-16,0.));
#4858=DIRECTION('',(1.34613920733023E-16,-1.,0.));
#4859=DIRECTION('',(1.,1.34613920733023E-16,0.));
#4860=DIRECTION('',(1.34613920733023E-16,-1.,0.));
#4861=DIRECTION('',(1.,1.34613920733023E-16,0.));
#4862=CARTESIAN_POINT('',(0.,0.,0.));
#4863=CARTESIAN_POINT('',(-2.71088172782291E-5,-0.0415322788144109,0.064));
#4864=CARTESIAN_POINT('',(-0.02648170978745,-0.0415322788144109,0.000915));
#4865=CARTESIAN_POINT('',(-0.02648170978745,-0.0415322788144109,-0.0002));
#4866=CARTESIAN_POINT('',(-0.02648170978745,-0.0415322788144109,0.00203));
#4867=CARTESIAN_POINT('',(-0.0193567102892297,-0.0415322788144109,-0.0002));
#4868=CARTESIAN_POINT('',(-0.0122317107910094,-0.0415322788144109,-0.0002));
#4869=CARTESIAN_POINT('',(-0.0122317107910094,-0.0415322788144109,0.000915));
#4870=CARTESIAN_POINT('',(-0.0122317107910094,-0.0415322788144109,0.00203));
#4871=CARTESIAN_POINT('',(-0.0193567102892297,-0.0415322788144109,0.00203));
#4872=CARTESIAN_POINT('',(-2.71088172782291E-5,-0.0415322788144109,-0.026));
#4873=CARTESIAN_POINT('',(-0.049173738364374,-0.0415322788144109,-0.026));
#4874=CARTESIAN_POINT('',(0.0491195207298175,-0.0415322788144109,-0.026));
#4875=CARTESIAN_POINT('',(-0.049173738364374,-0.0415322788144109,0.064));
#4876=CARTESIAN_POINT('',(-0.049173738364374,-0.0415322788144109,0.064));
#4877=CARTESIAN_POINT('',(-2.71088172782291E-5,-0.0415322788144109,0.064));
#4878=CARTESIAN_POINT('',(0.0491195207298175,-0.0415322788144109,0.064));
#4879=CARTESIAN_POINT('',(0.0491195207298175,-0.0415322788144109,0.064));
#4880=CARTESIAN_POINT('',(-0.00585631126763185,-0.0415322788144109,0.002512));
#4881=CARTESIAN_POINT('',(-0.00685631126763185,-0.0415322788144109,0.002512));
#4882=CARTESIAN_POINT('',(-0.00585631126763185,-0.0415322788144109,0.003512));
#4883=CARTESIAN_POINT('',(-0.00685631126763185,-0.0415322788144109,0.001656));
#4884=CARTESIAN_POINT('',(-0.00685631126763185,-0.0415322788144109,0.0008));
#4885=CARTESIAN_POINT('',(-0.00585631126763185,-0.0415322788144109,0.0008));
#4886=CARTESIAN_POINT('',(-0.00585631126763185,-0.0415322788144109,-0.0002));
#4887=CARTESIAN_POINT('',(-0.00218631126763192,-0.0415322788144109,-0.0002));
#4888=CARTESIAN_POINT('',(0.00148368873236802,-0.0415322788144109,-0.000200000000000006));
#4889=CARTESIAN_POINT('',(0.00148368873236801,-0.0415322788144109,0.0008));
#4890=CARTESIAN_POINT('',(0.00248368873236801,-0.0415322788144109,0.0008));
#4891=CARTESIAN_POINT('',(0.00248368873236802,-0.0415322788144109,0.001656));
#4892=CARTESIAN_POINT('',(0.00248368873236802,-0.0415322788144109,0.002512));
#4893=CARTESIAN_POINT('',(0.00148368873236801,-0.0415322788144109,0.002512));
#4894=CARTESIAN_POINT('',(0.00148368873236801,-0.0415322788144109,0.003512));
#4895=CARTESIAN_POINT('',(-0.00218631126763192,-0.0415322788144109,0.003512));
#4896=CARTESIAN_POINT('',(0.0223871941715479,-0.0415322788144109,0.00711919008977712));
#4897=CARTESIAN_POINT('',(0.0211371941715479,-0.0415322788144109,0.00711919008977712));
#4898=CARTESIAN_POINT('',(0.0263871941715479,-0.0415322788144109,0.00711919008977712));
#4899=CARTESIAN_POINT('',(0.0251371941715479,-0.0415322788144109,0.00711919008977712));
#4900=CARTESIAN_POINT('',(0.0296665895730257,-0.0415322788144109,0.00711919008977712));
#4901=CARTESIAN_POINT('',(0.0284165895730257,-0.0415322788144109,0.00711919008977712));
#4902=CARTESIAN_POINT('',(0.0328387655317783,-0.0415322788144109,0.00711919008977711));
#4903=CARTESIAN_POINT('',(0.0315887655317783,-0.0415322788144109,0.00711919008977711));
#4904=CARTESIAN_POINT('',(0.0328387655317783,-0.0415322788144109,0.00311919008977711));
#4905=CARTESIAN_POINT('',(0.0315887655317783,-0.0415322788144109,0.00311919008977711));
#4906=CARTESIAN_POINT('',(0.0296665895730257,-0.0415322788144109,0.00311919008977711));
#4907=CARTESIAN_POINT('',(0.0284165895730257,-0.0415322788144109,0.00311919008977711));
#4908=CARTESIAN_POINT('',(0.0263871941715479,-0.0415322788144109,0.00311919008977711));
#4909=CARTESIAN_POINT('',(0.0251371941715479,-0.0415322788144109,0.00311919008977711));
#4910=CARTESIAN_POINT('',(0.0223871941715479,-0.0415322788144109,0.00311919008977711));
#4911=CARTESIAN_POINT('',(0.0211371941715479,-0.0415322788144109,0.00311919008977711));
#4912=CARTESIAN_POINT('',(0.0328387655317783,-0.0415322788144109,-0.000880809910222886));
#4913=CARTESIAN_POINT('',(0.0315887655317783,-0.0415322788144109,-0.000880809910222886));
#4914=CARTESIAN_POINT('',(0.0296665895730257,-0.0415322788144109,-0.000880809910222886));
#4915=CARTESIAN_POINT('',(0.0284165895730257,-0.0415322788144109,-0.000880809910222886));
#4916=CARTESIAN_POINT('',(0.0263871941715479,-0.0415322788144109,-0.000880809910222883));
#4917=CARTESIAN_POINT('',(0.0251371941715479,-0.0415322788144109,-0.000880809910222883));
#4918=CARTESIAN_POINT('',(0.0223871941715479,-0.0415322788144109,-0.000880809910222885));
#4919=CARTESIAN_POINT('',(0.0211371941715479,-0.0415322788144109,-0.000880809910222885));
#4920=CARTESIAN_POINT('',(0.0328387655317783,-0.0415322788144109,-0.00488080991022289));
#4921=CARTESIAN_POINT('',(0.0315887655317783,-0.0415322788144109,-0.00488080991022289));
#4922=CARTESIAN_POINT('',(0.0296665895730257,-0.0415322788144109,-0.00488080991022289));
#4923=CARTESIAN_POINT('',(0.0284165895730257,-0.0415322788144109,-0.00488080991022289));
#4924=CARTESIAN_POINT('',(0.0263871941715479,-0.0415322788144109,-0.00488080991022288));
#4925=CARTESIAN_POINT('',(0.0251371941715479,-0.0415322788144109,-0.00488080991022288));
#4926=CARTESIAN_POINT('',(0.0223871941715479,-0.0415322788144109,-0.00488080991022289));
#4927=CARTESIAN_POINT('',(0.0211371941715479,-0.0415322788144109,-0.00488080991022289));
#4928=CARTESIAN_POINT('',(-2.71088172782222E-5,-0.0415322788144109,0.034));
#4929=CARTESIAN_POINT('',(0.0181156581356893,-0.0415322788144109,0.0154370429737303));
#4930=CARTESIAN_POINT('',(-0.0181698757702434,-0.0415322788144109,0.015437042973728));
#4931=CARTESIAN_POINT('',(0.0181156581356893,-0.0415322788144109,0.0120536165235168));
#4932=CARTESIAN_POINT('',(0.0181156581356893,-0.0415322788144109,0.00825));
#4933=CARTESIAN_POINT('',(0.0184192746592056,-0.0415322788144109,0.00825));
#4934=CARTESIAN_POINT('',(0.0187228911827217,-0.0415322788144109,0.00825));
#4935=CARTESIAN_POINT('',(0.0187228911827218,-0.0415322788144109,0.01525));
#4936=CARTESIAN_POINT('',(0.0257228911827218,-0.0415322788144109,0.01525));
#4937=CARTESIAN_POINT('',(0.0257228911827218,-0.0415322788144109,0.0155536165235169));
#4938=CARTESIAN_POINT('',(0.0257228911827218,-0.0415322788144109,0.0158572330470337));
#4939=CARTESIAN_POINT('',(0.0219192746592056,-0.0415322788144109,0.0158572330470337));
#4940=CARTESIAN_POINT('',(0.0185358482089927,-0.0415322788144109,0.0158572330470337));
#4941=CARTESIAN_POINT('',(-2.71088172782222E-5,-0.0415322788144109,0.034));
#4942=CARTESIAN_POINT('',(0.0185358482089927,-0.0415322788144109,0.0521427669529664));
#4943=CARTESIAN_POINT('',(0.021919274659205,-0.0415322788144109,0.0521427669529664));
#4944=CARTESIAN_POINT('',(0.0257228911827218,-0.0415322788144109,0.0521427669529664));
#4945=CARTESIAN_POINT('',(0.0257228911827218,-0.0415322788144109,0.0524463834764832));
#4946=CARTESIAN_POINT('',(0.0257228911827218,-0.0415322788144109,0.05275));
#4947=CARTESIAN_POINT('',(0.0187228911827217,-0.0415322788144109,0.05275));
#4948=CARTESIAN_POINT('',(0.0187228911827217,-0.0415322788144109,0.05975));
#4949=CARTESIAN_POINT('',(0.018419274659205,-0.0415322788144109,0.05975));
#4950=CARTESIAN_POINT('',(0.0181156581356882,-0.0415322788144109,0.05975));
#4951=CARTESIAN_POINT('',(0.0181156581356882,-0.0415322788144109,0.0559463834764832));
#4952=CARTESIAN_POINT('',(0.0181156581356881,-0.0415322788144109,0.0525629570262709));
#4953=CARTESIAN_POINT('',(-2.71088172782222E-5,-0.0415322788144109,0.034));
#4954=CARTESIAN_POINT('',(-0.0181698757702446,-0.0415322788144109,0.0525629570262709));
#4955=CARTESIAN_POINT('',(-0.0181698757702446,-0.0415322788144109,0.0559463834764826));
#4956=CARTESIAN_POINT('',(-0.0181698757702446,-0.0415322788144109,0.05975));
#4957=CARTESIAN_POINT('',(-0.0184734922937614,-0.0415322788144109,0.05975));
#4958=CARTESIAN_POINT('',(-0.0187771088172782,-0.0415322788144109,0.05975));
#4959=CARTESIAN_POINT('',(-0.0187771088172782,-0.0415322788144109,0.05275));
#4960=CARTESIAN_POINT('',(-0.0257771088172782,-0.0415322788144109,0.05275));
#4961=CARTESIAN_POINT('',(-0.0257771088172782,-0.0415322788144109,0.0524463834764826));
#4962=CARTESIAN_POINT('',(-0.0257771088172782,-0.0415322788144109,0.0521427669529652));
#4963=CARTESIAN_POINT('',(-0.0219734922937614,-0.0415322788144109,0.0521427669529652));
#4964=CARTESIAN_POINT('',(-0.0185900658435502,-0.0415322788144109,0.0521427669529652));
#4965=CARTESIAN_POINT('',(-2.71088172782222E-5,-0.0415322788144109,0.034));
#4966=CARTESIAN_POINT('',(-0.0185900658435479,-0.0415322788144109,0.0158572330470325));
#4967=CARTESIAN_POINT('',(-0.0219734922937608,-0.0415322788144109,0.0158572330470325));
#4968=CARTESIAN_POINT('',(-0.0257771088172782,-0.0415322788144109,0.0158572330470325));
#4969=CARTESIAN_POINT('',(-0.0257771088172782,-0.0415322788144109,0.0155536165235163));
#4970=CARTESIAN_POINT('',(-0.0257771088172782,-0.0415322788144109,0.01525));
#4971=CARTESIAN_POINT('',(-0.0187771088172782,-0.0415322788144109,0.01525));
#4972=CARTESIAN_POINT('',(-0.0187771088172782,-0.0415322788144109,0.00825));
#4973=CARTESIAN_POINT('',(-0.0184734922937608,-0.0415322788144109,0.00825));
#4974=CARTESIAN_POINT('',(-0.0181698757702434,-0.0415322788144109,0.00825));
#4975=CARTESIAN_POINT('',(-0.0181698757702434,-0.0415322788144109,0.0120536165235162));
#4976=CARTESIAN_POINT('',(0.021919274659205,-0.0365322788144109,0.0521427669529664));
#4977=CARTESIAN_POINT('',(0.0185358482089927,-0.0365322788144109,0.0521427669529664));
#4978=CARTESIAN_POINT('',(0.0185358482089927,-0.0365322788144109,0.0521427669529664));
#4979=CARTESIAN_POINT('',(0.021919274659205,-0.0365322788144109,0.0521427669529664));
#4980=CARTESIAN_POINT('',(0.0257228911827218,-0.0365322788144109,0.0521427669529664));
#4981=CARTESIAN_POINT('',(0.0257228911827218,-0.0365322788144109,0.0521427669529664));
#4982=CARTESIAN_POINT('',(-0.0219734922937614,-0.0365322788144109,0.0521427669529652));
#4983=CARTESIAN_POINT('',(-0.0219734922937614,-0.0365322788144109,0.0521427669529652));
#4984=CARTESIAN_POINT('',(-0.0257771088172782,-0.0365322788144109,0.0521427669529652));
#4985=CARTESIAN_POINT('',(-0.0185900658435502,-0.0365322788144109,0.0521427669529652));
#4986=CARTESIAN_POINT('',(-0.0185900658435502,-0.0365322788144109,0.0521427669529652));
#4987=CARTESIAN_POINT('',(-0.0257771088172782,-0.0365322788144109,0.0521427669529652));
#4988=CARTESIAN_POINT('',(-0.0219734922937608,-0.0365322788144109,0.0158572330470325));
#4989=CARTESIAN_POINT('',(-0.0185900658435479,-0.0365322788144109,0.0158572330470325));
#4990=CARTESIAN_POINT('',(-0.0185900658435479,-0.0365322788144109,0.0158572330470325));
#4991=CARTESIAN_POINT('',(-0.0219734922937608,-0.0365322788144109,0.0158572330470325));
#4992=CARTESIAN_POINT('',(-0.0257771088172782,-0.0365322788144109,0.0158572330470325));
#4993=CARTESIAN_POINT('',(-0.0257771088172782,-0.0365322788144109,0.0158572330470325));
#4994=CARTESIAN_POINT('',(-0.0181698757702434,-0.0365322788144109,0.0120536165235162));
#4995=CARTESIAN_POINT('',(-0.0181698757702434,-0.0365322788144109,0.0120536165235162));
#4996=CARTESIAN_POINT('',(-0.0181698757702434,-0.0365322788144109,0.00825));
#4997=CARTESIAN_POINT('',(-0.0181698757702434,-0.0365322788144109,0.015437042973728));
#4998=CARTESIAN_POINT('',(-0.0181698757702434,-0.0365322788144109,0.015437042973728));
#4999=CARTESIAN_POINT('',(-0.0181698757702434,-0.0365322788144109,0.00825));
#5000=CARTESIAN_POINT('',(0.0181156581356893,-0.0365322788144109,0.0120536165235168));
#5001=CARTESIAN_POINT('',(0.0181156581356893,-0.0365322788144109,0.0154370429737303));
#5002=CARTESIAN_POINT('',(0.0181156581356893,-0.0365322788144109,0.0154370429737303));
#5003=CARTESIAN_POINT('',(0.0181156581356893,-0.0365322788144109,0.0120536165235168));
#5004=CARTESIAN_POINT('',(0.0181156581356893,-0.0365322788144109,0.00825));
#5005=CARTESIAN_POINT('',(0.0181156581356893,-0.0365322788144109,0.00825));
#5006=CARTESIAN_POINT('',(0.0219192746592056,-0.0365322788144109,0.0158572330470337));
#5007=CARTESIAN_POINT('',(0.0219192746592056,-0.0365322788144109,0.0158572330470337));
#5008=CARTESIAN_POINT('',(0.0257228911827218,-0.0365322788144109,0.0158572330470337));
#5009=CARTESIAN_POINT('',(0.0185358482089927,-0.0365322788144109,0.0158572330470337));
#5010=CARTESIAN_POINT('',(0.0185358482089927,-0.0365322788144109,0.0158572330470337));
#5011=CARTESIAN_POINT('',(0.0257228911827218,-0.0365322788144109,0.0158572330470337));
#5012=CARTESIAN_POINT('',(0.0223871941715479,-0.0665322788144109,-0.00488080991022289));
#5013=CARTESIAN_POINT('',(0.0223871941715479,-0.0431322788144108,-0.00488080991022289));
#5014=CARTESIAN_POINT('',(0.0211371941715479,-0.0431322788144108,-0.00488080991022289));
#5015=CARTESIAN_POINT('',(0.0263871941715479,-0.0665322788144109,-0.00488080991022288));
#5016=CARTESIAN_POINT('',(0.0263871941715479,-0.0431322788144108,-0.00488080991022288));
#5017=CARTESIAN_POINT('',(0.0251371941715479,-0.0431322788144108,-0.00488080991022288));
#5018=CARTESIAN_POINT('',(0.0296665895730257,-0.0665322788144109,-0.00488080991022289));
#5019=CARTESIAN_POINT('',(0.0296665895730257,-0.0431322788144108,-0.00488080991022289));
#5020=CARTESIAN_POINT('',(0.0284165895730257,-0.0431322788144108,-0.00488080991022289));
#5021=CARTESIAN_POINT('',(0.0328387655317783,-0.0665322788144109,-0.00488080991022289));
#5022=CARTESIAN_POINT('',(0.0328387655317783,-0.0431322788144108,-0.00488080991022289));
#5023=CARTESIAN_POINT('',(0.0315887655317783,-0.0431322788144108,-0.00488080991022289));
#5024=CARTESIAN_POINT('',(0.0223871941715479,-0.0665322788144109,-0.000880809910222885));
#5025=CARTESIAN_POINT('',(0.0223871941715479,-0.0431322788144108,-0.000880809910222885));
#5026=CARTESIAN_POINT('',(0.0211371941715479,-0.0431322788144108,-0.000880809910222885));
#5027=CARTESIAN_POINT('',(0.0263871941715479,-0.0665322788144109,-0.000880809910222883));
#5028=CARTESIAN_POINT('',(0.0263871941715479,-0.0431322788144108,-0.000880809910222883));
#5029=CARTESIAN_POINT('',(0.0251371941715479,-0.0431322788144108,-0.000880809910222883));
#5030=CARTESIAN_POINT('',(0.0296665895730257,-0.0665322788144109,-0.000880809910222886));
#5031=CARTESIAN_POINT('',(0.0296665895730257,-0.0431322788144108,-0.000880809910222886));
#5032=CARTESIAN_POINT('',(0.0284165895730257,-0.0431322788144108,-0.000880809910222886));
#5033=CARTESIAN_POINT('',(0.0328387655317783,-0.0665322788144109,-0.000880809910222886));
#5034=CARTESIAN_POINT('',(0.0328387655317783,-0.0431322788144108,-0.000880809910222886));
#5035=CARTESIAN_POINT('',(0.0315887655317783,-0.0431322788144108,-0.000880809910222886));
#5036=CARTESIAN_POINT('',(0.0223871941715479,-0.0665322788144109,0.00311919008977711));
#5037=CARTESIAN_POINT('',(0.0223871941715479,-0.0431322788144108,0.00311919008977711));
#5038=CARTESIAN_POINT('',(0.0211371941715479,-0.0431322788144108,0.00311919008977711));
#5039=CARTESIAN_POINT('',(0.0263871941715479,-0.0665322788144109,0.00311919008977711));
#5040=CARTESIAN_POINT('',(0.0263871941715479,-0.0431322788144108,0.00311919008977711));
#5041=CARTESIAN_POINT('',(0.0251371941715479,-0.0431322788144108,0.00311919008977711));
#5042=CARTESIAN_POINT('',(0.0296665895730257,-0.0665322788144109,0.00311919008977711));
#5043=CARTESIAN_POINT('',(0.0296665895730257,-0.0431322788144108,0.00311919008977711));
#5044=CARTESIAN_POINT('',(0.0284165895730257,-0.0431322788144108,0.00311919008977711));
#5045=CARTESIAN_POINT('',(0.0328387655317783,-0.0665322788144109,0.00311919008977711));
#5046=CARTESIAN_POINT('',(0.0328387655317783,-0.0431322788144108,0.00311919008977711));
#5047=CARTESIAN_POINT('',(0.0315887655317783,-0.0431322788144108,0.00311919008977711));
#5048=CARTESIAN_POINT('',(-2.71088172782291E-5,-0.0431322788144109,0.064));
#5049=CARTESIAN_POINT('',(0.00501417346284869,-0.0431322788144109,0.029057207463286));
#5050=CARTESIAN_POINT('',(0.00626417346284869,-0.0431322788144109,0.029057207463286));
#5051=CARTESIAN_POINT('',(-0.00575838429779721,-0.0431322788144109,0.0497316191564373));
#5052=CARTESIAN_POINT('',(-0.00450838429779721,-0.0431322788144109,0.0497316191564373));
#5053=CARTESIAN_POINT('',(-0.000390806830472188,-0.0431322788144109,0.0507391482361554));
#5054=CARTESIAN_POINT('',(0.000859193169527812,-0.0431322788144109,0.0507391482361554));
#5055=CARTESIAN_POINT('',(5.85469173142172E-18,-0.0431322788144109,0.0466183113157749));
#5056=CARTESIAN_POINT('',(0.00125000000000001,-0.0431322788144109,0.0466183113157749));
#5057=CARTESIAN_POINT('',(-0.0154061399895017,-0.0431322788144109,0.0273805770553194));
#5058=CARTESIAN_POINT('',(-0.0141561399895017,-0.0431322788144109,0.0273805770553194));
#5059=CARTESIAN_POINT('',(0.00463098767969369,-0.0431322788144109,0.0388220101255318));
#5060=CARTESIAN_POINT('',(0.00588098767969369,-0.0431322788144109,0.0388220101255318));
#5061=CARTESIAN_POINT('',(5.85469173142172E-18,-0.0431322788144109,0.0208959765732288));
#5062=CARTESIAN_POINT('',(0.00125000000000001,-0.0431322788144109,0.0208959765732288));
#5063=CARTESIAN_POINT('',(0.00877598209255415,-0.0431322788144109,0.0409009200854481));
#5064=CARTESIAN_POINT('',(0.0100259820925541,-0.0431322788144109,0.0409009200854481));
#5065=CARTESIAN_POINT('',(-0.00454929005354643,-0.0431322788144109,0.0441479422152042));
#5066=CARTESIAN_POINT('',(-0.00329929005354643,-0.0431322788144109,0.0441479422152042));
#5067=CARTESIAN_POINT('',(-0.0086817005649209,-0.0431322788144109,0.0412554815411568));
#5068=CARTESIAN_POINT('',(-0.0074317005649209,-0.0431322788144109,0.0412554815411568));
#5069=CARTESIAN_POINT('',(-0.011420538648963,-0.0431322788144109,0.0366445258259774));
#5070=CARTESIAN_POINT('',(-0.010170538648963,-0.0431322788144109,0.0366445258259774));
#5071=CARTESIAN_POINT('',(-0.0167112973491549,-0.0431322788144109,0.0363155134911696));
#5072=CARTESIAN_POINT('',(-0.0153602948911552,-0.0431322788144109,0.0363155134911696));
#5073=CARTESIAN_POINT('',(-0.00923640187829733,-0.0431322788144109,0.0265212263911962));
#5074=CARTESIAN_POINT('',(-0.00798640187829733,-0.0431322788144109,0.0265212263911962));
#5075=CARTESIAN_POINT('',(-0.0118018956854939,-0.0431322788144109,0.0313401967287064));
#5076=CARTESIAN_POINT('',(-0.0105518956854939,-0.0431322788144109,0.0313401967287064));
#5077=CARTESIAN_POINT('',(-0.00676970127422081,-0.0431322788144109,0.0336854567087739));
#5078=CARTESIAN_POINT('',(-0.00551970127422081,-0.0431322788144109,0.0336854567087739));
#5079=CARTESIAN_POINT('',(-0.0166136285856724,-0.0431322788144109,0.0317155477922584));
#5080=CARTESIAN_POINT('',(-0.0153636285856724,-0.0431322788144109,0.0317155477922584));
#5081=CARTESIAN_POINT('',(-0.0130877325816434,-0.0431322788144109,0.0235237665736924));
#5082=CARTESIAN_POINT('',(-0.0118377325816434,-0.0431322788144109,0.0235237665736924));
#5083=CARTESIAN_POINT('',(-0.00982587870633704,-0.0431322788144109,0.0204237166876181));
#5084=CARTESIAN_POINT('',(-0.00857587870633704,-0.0431322788144109,0.0204237166876181));
#5085=CARTESIAN_POINT('',(-0.00585620145261047,-0.0431322788144109,0.0183043624224596));
#5086=CARTESIAN_POINT('',(-0.00460620145261047,-0.0431322788144109,0.0183043624224596));
#5087=CARTESIAN_POINT('',(-0.00146545419836551,-0.0431322788144109,0.0173187973310828));
#5088=CARTESIAN_POINT('',(-0.000215454198365512,-0.0431322788144109,0.0173187973310828));
#5089=CARTESIAN_POINT('',(0.00302919329014386,-0.0431322788144109,0.0175382146367731));
#5090=CARTESIAN_POINT('',(0.00427919329014387,-0.0431322788144109,0.0175382146367731));
#5091=CARTESIAN_POINT('',(0.00730306591531412,-0.0431322788144109,0.0189467645236498));
#5092=CARTESIAN_POINT('',(0.00855306591531412,-0.0431322788144109,0.0189467645236498));
#5093=CARTESIAN_POINT('',(0.0110474364598786,-0.0431322788144109,0.0214426990630555));
#5094=CARTESIAN_POINT('',(0.0122974364598786,-0.0431322788144109,0.0214426990630555));
#5095=CARTESIAN_POINT('',(0.0139918267884265,-0.0431322788144109,0.0248457220710813));
#5096=CARTESIAN_POINT('',(0.0152418267884265,-0.0431322788144109,0.0248457220710813));
#5097=CARTESIAN_POINT('',(0.00846271466766499,-0.0431322788144109,0.048431017189072));
#5098=CARTESIAN_POINT('',(0.00971271466766499,-0.0431322788144109,0.048431017189072));
#5099=CARTESIAN_POINT('',(0.0146675047837666,-0.0431322788144109,0.0420249418086845));
#5100=CARTESIAN_POINT('',(0.0159175047837666,-0.0431322788144109,0.0420249418086845));
#5101=CARTESIAN_POINT('',(0.0119994859290885,-0.0431322788144109,0.0456487071696154));
#5102=CARTESIAN_POINT('',(0.0132494859290885,-0.0431322788144109,0.0456487071696154));
#5103=CARTESIAN_POINT('',(-0.0130222657312426,-0.0431322788144109,0.0445573318929656));
#5104=CARTESIAN_POINT('',(-0.0117722657312426,-0.0431322788144109,0.0445573318929656));
#5105=CARTESIAN_POINT('',(0.00431267300502367,-0.0431322788144109,0.050170889080431));
#5106=CARTESIAN_POINT('',(0.00556267300502367,-0.0431322788144109,0.050170889080431));
#5107=CARTESIAN_POINT('',(0.0162740443750847,-0.0431322788144109,0.0378214872125782));
#5108=CARTESIAN_POINT('',(0.0175240443750848,-0.0431322788144109,0.0378214872125782));
#5109=CARTESIAN_POINT('',(0.016703054801477,-0.0431322788144109,0.0333419838858637));
#5110=CARTESIAN_POINT('',(0.017953054801477,-0.0431322788144109,0.0333419838858637));
#5111=CARTESIAN_POINT('',(0.0159235460904443,-0.0431322788144109,0.0289100129733436));
#5112=CARTESIAN_POINT('',(0.0171735460904443,-0.0431322788144109,0.0289100129733436));
#5113=CARTESIAN_POINT('',(-0.00974117746679478,-0.0431322788144109,0.0476370169094734));
#5114=CARTESIAN_POINT('',(-0.00849117746679478,-0.0431322788144109,0.0476370169094734));
#5115=CARTESIAN_POINT('',(0.00513285082190043,-0.0431322788144109,0.044194594497547));
#5116=CARTESIAN_POINT('',(0.00638285082190043,-0.0431322788144109,0.044194594497547));
#5117=CARTESIAN_POINT('',(5.85469173142172E-18,-0.0431322788144109,0.042118311315775));
#5118=CARTESIAN_POINT('',(0.00125000000000001,-0.0431322788144109,0.042118311315775));
#5119=CARTESIAN_POINT('',(5.85469173142172E-18,-0.0431322788144109,0.0247722007334233));
#5120=CARTESIAN_POINT('',(0.00125000000000001,-0.0431322788144109,0.0247722007334233));
#5121=CARTESIAN_POINT('',(-0.0051108100451529,-0.0431322788144109,0.0230890102684498));
#5122=CARTESIAN_POINT('',(-0.0038608100451529,-0.0431322788144109,0.0230890102684498));
#5123=CARTESIAN_POINT('',(0.00607579410953536,-0.0431322788144109,0.0225398822050157));
#5124=CARTESIAN_POINT('',(0.00732579410953536,-0.0431322788144109,0.0225398822050157));
#5125=CARTESIAN_POINT('',(5.85469173142172E-18,-0.0431322788144109,0.0376183113157749));
#5126=CARTESIAN_POINT('',(0.00125000000000001,-0.0431322788144109,0.0376183113157749));
#5127=CARTESIAN_POINT('',(0.0114815171766165,-0.0431322788144109,0.0367574315789808));
#5128=CARTESIAN_POINT('',(0.0127315171766165,-0.0431322788144109,0.0367574315789808));
#5129=CARTESIAN_POINT('',(0.00991384964507858,-0.0431322788144109,0.0262800528159159));
#5130=CARTESIAN_POINT('',(0.0111638496450786,-0.0431322788144109,0.0262800528159159));
#5131=CARTESIAN_POINT('',(0.012019743464983,-0.0431322788144109,0.0313795154349321));
#5132=CARTESIAN_POINT('',(0.013269743464983,-0.0431322788144109,0.0313795154349321));
#5133=CARTESIAN_POINT('',(0.00684152083674151,-0.0431322788144109,0.0335709808659998));
#5134=CARTESIAN_POINT('',(0.00809152083674151,-0.0431322788144109,0.0335709808659998));
#5135=CARTESIAN_POINT('',(-0.00463455727769763,-0.0431322788144109,0.0385809083821725));
#5136=CARTESIAN_POINT('',(-0.00338455727769763,-0.0431322788144109,0.0385809083821725));
#5137=CARTESIAN_POINT('',(5.85469173142172E-18,-0.0431322788144109,0.0331183113157749));
#5138=CARTESIAN_POINT('',(0.00125000000000001,-0.0431322788144109,0.0331183113157749));
#5139=CARTESIAN_POINT('',(5.85469173142172E-18,-0.0431322788144109,0.0286183113157749));
#5140=CARTESIAN_POINT('',(0.00125000000000001,-0.0431322788144109,0.0286183113157749));
#5141=CARTESIAN_POINT('',(-0.00504914941024116,-0.0431322788144109,0.0288522785897933));
#5142=CARTESIAN_POINT('',(-0.00379914941024116,-0.0431322788144109,0.0288522785897933));
#5143=CARTESIAN_POINT('',(-0.0153646365878846,-0.0431322788144109,0.0407150280567295));
#5144=CARTESIAN_POINT('',(-0.0141146365878846,-0.0431322788144109,0.0407150280567295));
#5145=CARTESIAN_POINT('',(0.0328387655317783,-0.0431322788144108,0.00711919008977711));
#5146=CARTESIAN_POINT('',(0.0315887655317783,-0.0431322788144108,0.00711919008977711));
#5147=CARTESIAN_POINT('',(0.0296665895730257,-0.0431322788144108,0.00711919008977712));
#5148=CARTESIAN_POINT('',(0.0284165895730257,-0.0431322788144108,0.00711919008977712));
#5149=CARTESIAN_POINT('',(0.0263871941715479,-0.0431322788144108,0.00711919008977712));
#5150=CARTESIAN_POINT('',(0.0251371941715479,-0.0431322788144108,0.00711919008977712));
#5151=CARTESIAN_POINT('',(0.0223871941715479,-0.0431322788144108,0.00711919008977712));
#5152=CARTESIAN_POINT('',(0.0211371941715479,-0.0431322788144108,0.00711919008977712));
#5153=CARTESIAN_POINT('',(0.0208440332121383,-0.0431322788144108,0.013130756223026));
#5154=CARTESIAN_POINT('',(0.0194440332121383,-0.0431322788144108,0.013130756223026));
#5155=CARTESIAN_POINT('',(-0.0208985077606099,-0.0431322788144109,0.0131287725930492));
#5156=CARTESIAN_POINT('',(-0.0222985077606099,-0.0431322788144109,0.0131287725930492));
#5157=CARTESIAN_POINT('',(-0.0208984334595092,-0.0431322788144109,0.0548714368018674));
#5158=CARTESIAN_POINT('',(-0.0222984334595091,-0.0431322788144109,0.0548714368018674));
#5159=CARTESIAN_POINT('',(0.0208441480438532,-0.0431322788144108,0.0548713120623965));
#5160=CARTESIAN_POINT('',(0.0194441480438532,-0.0431322788144108,0.0548713120623965));
#5161=CARTESIAN_POINT('',(-0.00585631126763185,-0.0431322788144109,0.0008));
#5162=CARTESIAN_POINT('',(-0.00585631126763185,-0.0431322788144109,-0.0002));
#5163=CARTESIAN_POINT('',(-0.00685631126763185,-0.0431322788144109,0.0008));
#5164=CARTESIAN_POINT('',(-0.00685631126763185,-0.0431322788144109,0.064));
#5165=CARTESIAN_POINT('',(-0.00685631126763185,-0.0431322788144109,0.002512));
#5166=CARTESIAN_POINT('',(-0.00585631126763185,-0.0431322788144109,0.002512));
#5167=CARTESIAN_POINT('',(-0.00585631126763185,-0.0431322788144109,0.003512));
#5168=CARTESIAN_POINT('',(-2.71088172782291E-5,-0.0431322788144109,0.003512));
#5169=CARTESIAN_POINT('',(0.00148368873236801,-0.0431322788144109,0.003512));
#5170=CARTESIAN_POINT('',(0.00148368873236801,-0.0431322788144109,0.002512));
#5171=CARTESIAN_POINT('',(0.00248368873236802,-0.0431322788144109,0.002512));
#5172=CARTESIAN_POINT('',(0.00248368873236803,-0.0431322788144109,0.064));
#5173=CARTESIAN_POINT('',(0.00248368873236801,-0.0431322788144109,0.0008));
#5174=CARTESIAN_POINT('',(0.00148368873236801,-0.0431322788144109,0.0008));
#5175=CARTESIAN_POINT('',(0.00148368873236801,-0.0431322788144109,-0.0002));
#5176=CARTESIAN_POINT('',(-2.71088172782291E-5,-0.0431322788144109,-0.000200000000000006));
#5177=CARTESIAN_POINT('',(0.0515195207298175,-0.0431322788144108,0.064));
#5178=CARTESIAN_POINT('',(0.0515195207298175,-0.0431322788144108,0.06));
#5179=CARTESIAN_POINT('',(0.0515195207298175,-0.0431322788144108,-0.026));
#5180=CARTESIAN_POINT('',(-0.051573738364374,-0.0431322788144109,0.06));
#5181=CARTESIAN_POINT('',(-0.051573738364374,-0.0431322788144108,0.06));
#5182=CARTESIAN_POINT('',(-0.051573738364374,-0.0431322788144108,0.064));
#5183=CARTESIAN_POINT('',(-0.051573738364374,-0.0431322788144108,-0.026));
#5184=CARTESIAN_POINT('',(-2.71088172782291E-5,-0.0431322788144109,-0.026));
#5185=CARTESIAN_POINT('',(-2.7108817278237E-5,-0.0431322788144109,-0.000200000000000006));
#5186=CARTESIAN_POINT('',(-0.02648170978745,-0.0431322788144109,-0.0002));
#5187=CARTESIAN_POINT('',(-0.0122317107910094,-0.0431322788144109,-0.000200000000000006));
#5188=CARTESIAN_POINT('',(-0.02648170978745,-0.0431322788144109,0.064));
#5189=CARTESIAN_POINT('',(-0.02648170978745,-0.0431322788144109,0.00203));
#5190=CARTESIAN_POINT('',(-2.71088172782366E-5,-0.0431322788144109,0.00203));
#5191=CARTESIAN_POINT('',(-0.0122317107910094,-0.0431322788144109,0.00203));
#5192=CARTESIAN_POINT('',(-0.0122317107910094,-0.0431322788144109,0.064));
#5193=CARTESIAN_POINT('',(0.0491195207298175,0.0487799802797807,0.064));
#5194=CARTESIAN_POINT('',(0.0554631430605535,0.0623725685441616,-0.021));
#5195=CARTESIAN_POINT('',(0.0554631430605535,0.0623725685441616,-0.026));
#5196=CARTESIAN_POINT('',(0.0554631430605535,0.0623725685441616,-0.006));
#5197=CARTESIAN_POINT('',(0.0491195207298175,0.0487799802797807,-0.006));
#5198=CARTESIAN_POINT('',(0.0627121089941985,0.0551236026105166,-0.006));
#5199=CARTESIAN_POINT('',(0.0627121089941985,0.0551236026105166,-0.021));
#5200=CARTESIAN_POINT('',(0.0627121089941985,0.0551236026105166,-0.026));
#5201=CARTESIAN_POINT('',(0.0491195207298175,0.0487799802797807,-0.026));
#5202=CARTESIAN_POINT('',(0.0641195207298175,0.0487799802797806,-0.026));
#5203=CARTESIAN_POINT('',(0.0641195207298175,0.0487799802797806,0.064));
#5204=CARTESIAN_POINT('',(0.0641195207298175,0.0487799802797806,0.064));
#5205=CARTESIAN_POINT('',(0.0491195207298175,0.0487799802797807,0.064));
#5206=CARTESIAN_POINT('',(0.0491195207298175,0.0637799802797806,0.064));
#5207=CARTESIAN_POINT('',(0.0491195207298175,0.0637799802797806,0.064));
#5208=CARTESIAN_POINT('',(0.0491195207298175,0.0637799802797806,-0.026));
#5209=CARTESIAN_POINT('',(0.0491195207298175,0.0487799802797807,-0.026));
#5210=CARTESIAN_POINT('',(0.0491195207298175,-0.0265322788144109,0.064));
#5211=CARTESIAN_POINT('',(0.0627121089941985,-0.0328759011451469,-0.021));
#5212=CARTESIAN_POINT('',(0.0627121089941985,-0.0328759011451469,-0.026));
#5213=CARTESIAN_POINT('',(0.0627121089941985,-0.0328759011451469,-0.006));
#5214=CARTESIAN_POINT('',(0.0491195207298175,-0.0265322788144109,-0.006));
#5215=CARTESIAN_POINT('',(0.0554631430605535,-0.0401248670787919,-0.006));
#5216=CARTESIAN_POINT('',(0.0554631430605535,-0.0401248670787919,-0.021));
#5217=CARTESIAN_POINT('',(0.0554631430605535,-0.0401248670787918,-0.026));
#5218=CARTESIAN_POINT('',(0.0491195207298175,-0.0265322788144109,-0.026));
#5219=CARTESIAN_POINT('',(0.0491195207298175,-0.0265322788144109,0.064));
#5220=CARTESIAN_POINT('',(0.0641195207298175,-0.0265322788144109,0.064));
#5221=CARTESIAN_POINT('',(0.0641195207298175,-0.0265322788144109,0.064));
#5222=CARTESIAN_POINT('',(0.0641195207298175,-0.0265322788144109,-0.026));
#5223=CARTESIAN_POINT('',(0.0491195207298175,-0.0265322788144109,-0.026));
#5224=CARTESIAN_POINT('',(-0.049173738364374,-0.0265322788144109,0.064));
#5225=CARTESIAN_POINT('',(-0.05551736069511,-0.0401248670787918,-0.021));
#5226=CARTESIAN_POINT('',(-0.0555173606951099,-0.0401248670787918,-0.026));
#5227=CARTESIAN_POINT('',(-0.05551736069511,-0.0401248670787918,-0.006));
#5228=CARTESIAN_POINT('',(-0.049173738364374,-0.0265322788144109,-0.006));
#5229=CARTESIAN_POINT('',(-0.062766326628755,-0.0328759011451469,-0.006));
#5230=CARTESIAN_POINT('',(-0.062766326628755,-0.0328759011451469,-0.021));
#5231=CARTESIAN_POINT('',(-0.062766326628755,-0.0328759011451469,-0.026));
#5232=CARTESIAN_POINT('',(-0.049173738364374,-0.0265322788144109,-0.026));
#5233=CARTESIAN_POINT('',(-0.064173738364374,-0.0265322788144109,-0.026));
#5234=CARTESIAN_POINT('',(-0.064173738364374,-0.0265322788144109,0.064));
#5235=CARTESIAN_POINT('',(-0.064173738364374,-0.0265322788144109,0.064));
#5236=CARTESIAN_POINT('',(-0.049173738364374,-0.0265322788144109,0.064));
#5237=CARTESIAN_POINT('',(-0.049173738364374,-0.0265322788144109,-0.026));
#5238=CARTESIAN_POINT('',(-0.049173738364374,0.0487799802797806,0.064));
#5239=CARTESIAN_POINT('',(-0.062766326628755,0.0551236026105166,-0.021));
#5240=CARTESIAN_POINT('',(-0.062766326628755,0.0551236026105166,-0.026));
#5241=CARTESIAN_POINT('',(-0.062766326628755,0.0551236026105166,-0.006));
#5242=CARTESIAN_POINT('',(-0.049173738364374,0.0487799802797806,-0.006));
#5243=CARTESIAN_POINT('',(-0.05551736069511,0.0623725685441616,-0.006));
#5244=CARTESIAN_POINT('',(-0.05551736069511,0.0623725685441616,-0.021));
#5245=CARTESIAN_POINT('',(-0.05551736069511,0.0623725685441616,-0.026));
#5246=CARTESIAN_POINT('',(-0.049173738364374,0.0487799802797806,-0.026));
#5247=CARTESIAN_POINT('',(-0.049173738364374,0.0637799802797806,-0.026));
#5248=CARTESIAN_POINT('',(-0.049173738364374,0.0637799802797806,0.064));
#5249=CARTESIAN_POINT('',(-0.049173738364374,0.0637799802797806,0.064));
#5250=CARTESIAN_POINT('',(-0.049173738364374,0.0487799802797806,0.064));
#5251=CARTESIAN_POINT('',(-0.064173738364374,0.0487799802797806,0.064));
#5252=CARTESIAN_POINT('',(-0.064173738364374,0.0487799802797806,0.064));
#5253=CARTESIAN_POINT('',(-0.064173738364374,0.0487799802797806,-0.026));
#5254=CARTESIAN_POINT('',(-0.049173738364374,0.0487799802797806,-0.026));
#5255=CARTESIAN_POINT('',(0.0665195207298175,0.0115238507326849,0.064));
#5256=CARTESIAN_POINT('',(0.0665195207298175,0.0511799802797806,0.064));
#5257=CARTESIAN_POINT('',(0.0665195207298175,0.0511799802797806,0.06));
#5258=CARTESIAN_POINT('',(0.0665195207298175,0.0511799802797806,-0.026));
#5259=CARTESIAN_POINT('',(0.0665195207298175,0.0115238507326849,0.06));
#5260=CARTESIAN_POINT('',(0.0665195207298175,-0.0281322788144109,0.06));
#5261=CARTESIAN_POINT('',(0.0665195207298175,-0.0281322788144109,0.064));
#5262=CARTESIAN_POINT('',(0.0665195207298175,-0.0281322788144109,-0.026));
#5263=CARTESIAN_POINT('',(0.0665195207298175,0.0115238507326849,-0.026));
#5264=CARTESIAN_POINT('',(0.0515195207298175,0.0511799802797806,0.064));
#5265=CARTESIAN_POINT('',(0.0515195207298175,0.0661799802797807,0.064));
#5266=CARTESIAN_POINT('',(0.0515195207298175,0.0661799802797807,0.06));
#5267=CARTESIAN_POINT('',(0.0515195207298175,0.0661799802797807,-0.026));
#5268=CARTESIAN_POINT('',(0.0515195207298175,0.0511799802797806,0.06));
#5269=CARTESIAN_POINT('',(0.0515195207298175,0.0511799802797806,-0.026));
#5270=CARTESIAN_POINT('',(-2.7108817278236E-5,0.0661799802797806,0.064));
#5271=CARTESIAN_POINT('',(-0.051573738364374,0.0661799802797806,0.064));
#5272=CARTESIAN_POINT('',(-0.051573738364374,0.0661799802797806,0.06));
#5273=CARTESIAN_POINT('',(-0.051573738364374,0.0661799802797806,-0.026));
#5274=CARTESIAN_POINT('',(-2.7108817278236E-5,0.0661799802797806,0.06));
#5275=CARTESIAN_POINT('',(-2.7108817278236E-5,0.0661799802797806,-0.026));
#5276=CARTESIAN_POINT('',(-0.051573738364374,0.0511799802797806,0.064));
#5277=CARTESIAN_POINT('',(-0.066573738364374,0.0511799802797806,0.064));
#5278=CARTESIAN_POINT('',(-0.066573738364374,0.0511799802797806,0.06));
#5279=CARTESIAN_POINT('',(-0.066573738364374,0.0511799802797806,-0.026));
#5280=CARTESIAN_POINT('',(-0.051573738364374,0.0511799802797806,0.06));
#5281=CARTESIAN_POINT('',(-0.051573738364374,0.0511799802797806,-0.026));
#5282=CARTESIAN_POINT('',(-0.066573738364374,0.0115238507326849,0.064));
#5283=CARTESIAN_POINT('',(-0.066573738364374,-0.0281322788144109,0.064));
#5284=CARTESIAN_POINT('',(-0.066573738364374,-0.0281322788144109,0.06));
#5285=CARTESIAN_POINT('',(-0.066573738364374,-0.0281322788144109,-0.026));
#5286=CARTESIAN_POINT('',(-0.066573738364374,0.0511799802797806,0.06));
#5287=CARTESIAN_POINT('',(-0.066573738364374,0.0115238507326849,-0.026));
#5288=CARTESIAN_POINT('',(-0.051573738364374,-0.0281322788144109,0.064));
#5289=CARTESIAN_POINT('',(-0.051573738364374,-0.0281322788144109,0.06));
#5290=CARTESIAN_POINT('',(-0.051573738364374,-0.0281322788144109,-0.026));
#5291=CARTESIAN_POINT('',(0.0641195207298175,0.0111238507326849,0.064));
#5292=CARTESIAN_POINT('',(0.0641195207298175,0.0111238507326849,-0.026));
#5293=CARTESIAN_POINT('',(0.0641195207298175,0.0111238507326849,0.064));
#5294=CARTESIAN_POINT('',(-0.064173738364374,0.0111238507326849,0.064));
#5295=CARTESIAN_POINT('',(-0.064173738364374,0.0111238507326849,-0.026));
#5296=CARTESIAN_POINT('',(-0.064173738364374,0.0111238507326849,0.064));
#5297=CARTESIAN_POINT('',(-2.7108817278243E-5,0.0637799802797806,0.064));
#5298=CARTESIAN_POINT('',(-2.7108817278243E-5,0.0637799802797806,-0.026));
#5299=CARTESIAN_POINT('',(-2.7108817278243E-5,0.0637799802797806,0.064));
#5300=CARTESIAN_POINT('',(0.0515195207298175,-0.0281322788144109,0.064));
#5301=CARTESIAN_POINT('',(0.0515195207298175,-0.0281322788144109,0.06));
#5302=CARTESIAN_POINT('',(0.0515195207298175,-0.0281322788144109,-0.026));
#5303=CARTESIAN_POINT('',(-2.71088172782291E-5,0.0115238507326849,-0.026));
#5304=CARTESIAN_POINT('',(0.0562612992198016,0.0559217587697648,-0.026));
#5305=CARTESIAN_POINT('',(-0.0563155168543581,0.0559217587697648,-0.026));
#5306=CARTESIAN_POINT('',(-0.0563155168543581,-0.033674057304395,-0.026));
#5307=CARTESIAN_POINT('',(0.0562612992198017,-0.033674057304395,-0.026));
#5308=CARTESIAN_POINT('',(0.0562612992198016,0.0559217587697648,-0.026));
#5309=CARTESIAN_POINT('',(0.0576612992198016,0.0559217587697648,-0.026));
#5310=CARTESIAN_POINT('',(-0.0563155168543581,0.0559217587697648,-0.026));
#5311=CARTESIAN_POINT('',(-0.0549155168543581,0.0559217587697648,-0.026));
#5312=CARTESIAN_POINT('',(-0.0563155168543581,-0.033674057304395,-0.026));
#5313=CARTESIAN_POINT('',(-0.0549155168543581,-0.033674057304395,-0.026));
#5314=CARTESIAN_POINT('',(0.0562612992198017,-0.033674057304395,-0.026));
#5315=CARTESIAN_POINT('',(0.0576612992198017,-0.033674057304395,-0.026));
#5316=CARTESIAN_POINT('',(-2.71088172782291E-5,0.0111238507326849,-0.016));
#5317=CARTESIAN_POINT('',(-0.0563155168543581,0.0559217587697648,-0.016));
#5318=CARTESIAN_POINT('',(-0.0540634475525098,0.0498243672078202,-0.016));
#5319=CARTESIAN_POINT('',(-0.0502181252924136,0.0536696894679165,-0.016));
#5320=CARTESIAN_POINT('',(-0.049173738364374,0.0487799802797806,-0.016));
#5321=CARTESIAN_POINT('',(-0.0563155168543581,0.0559217587697648,-0.016));
#5322=CARTESIAN_POINT('',(-0.0577870982910582,0.0557567619936372,-0.0139500002789169));
#5323=CARTESIAN_POINT('',(-0.0574636283686927,0.0549228224472951,-0.0144994829031523));
#5324=CARTESIAN_POINT('',(-0.0565039379734992,0.0543791337117777,-0.0150894303258652));
#5325=CARTESIAN_POINT('',(-0.0552622274290936,0.0547341601676174,-0.0153730634349988));
#5326=CARTESIAN_POINT('',(-0.0547527745842848,0.0559426111404677,-0.0151537631895794));
#5327=CARTESIAN_POINT('',(-0.0552198884803051,0.0569823541998219,-0.0145791666800553));
#5328=CARTESIAN_POINT('',(-0.0560127284161786,0.05736753107651,-0.014030663890327));
#5329=CARTESIAN_POINT('',(-0.0567485454941746,0.0572941770502576,-0.0136924322442358));
#5330=CARTESIAN_POINT('',(-0.0572758023329196,0.0570006982905208,-0.0135675807437032));
#5331=CARTESIAN_POINT('',(-0.0576362751983109,0.0564991047808115,-0.013643357526371));
#5332=CARTESIAN_POINT('',(-0.0577870982910582,0.0557567619936372,-0.0139500002789169));
#5333=CARTESIAN_POINT('',(-0.0574636283686927,0.0549228224472951,-0.0144994829031523));
#5334=CARTESIAN_POINT('',(-0.0565039379734992,0.0543791337117777,-0.0150894303258652));
#5335=CARTESIAN_POINT('',(-0.0573683739539669,0.0549989955673106,-0.0144879109487574));
#5336=CARTESIAN_POINT('',(-0.0563155168543581,0.0559217587697648,-0.016));
#5337=CARTESIAN_POINT('',(-0.05551736069511,0.0623725685441616,-0.006));
#5338=CARTESIAN_POINT('',(-0.05551736069511,0.0623725685441616,-0.0074098060063284));
#5339=CARTESIAN_POINT('',(-0.0543540555420499,0.0622716901674282,-0.0100253773169527));
#5340=CARTESIAN_POINT('',(-0.0521906216794868,0.0611473731502375,-0.0125873562629935));
#5341=CARTESIAN_POINT('',(-0.0507463940494493,0.059425192099774,-0.0142589851801184));
#5342=CARTESIAN_POINT('',(-0.0499709624872619,0.0577267067266295,-0.0152519012134872));
#5343=CARTESIAN_POINT('',(-0.0497091372710252,0.0557208016629595,-0.0158821191872696));
#5344=CARTESIAN_POINT('',(-0.0499742457193962,0.0543299840909223,-0.016));
#5345=CARTESIAN_POINT('',(-0.0502181252924136,0.0536696894679165,-0.016));
#5346=CARTESIAN_POINT('',(-0.0540634475525098,0.0498243672078202,-0.016));
#5347=CARTESIAN_POINT('',(-0.0547227803698416,0.0495808428773702,-0.016));
#5348=CARTESIAN_POINT('',(-0.0561021498320036,0.0493157181507025,-0.0158844442390127));
#5349=CARTESIAN_POINT('',(-0.0587945033109254,0.0496640396537476,-0.0150417847628074));
#5350=CARTESIAN_POINT('',(-0.0613287240935869,0.0513735808453016,-0.0130947019160977));
#5351=CARTESIAN_POINT('',(-0.0624409168656161,0.0535257857897563,-0.0105286950487853));
#5352=CARTESIAN_POINT('',(-0.0627372565572203,0.0548319538029525,-0.00808461072472251));
#5353=CARTESIAN_POINT('',(-0.0627663266287551,0.0551236026105166,-0.00670514512204768));
#5354=CARTESIAN_POINT('',(-0.0627663266287551,0.0551236026105166,-0.00600000000000007));
#5355=CARTESIAN_POINT('',(-2.71088172782291E-5,0.0111238507326849,-0.016));
#5356=CARTESIAN_POINT('',(-0.0563155168543581,-0.033674057304395,-0.016));
#5357=CARTESIAN_POINT('',(-0.0502181252924136,-0.0314219880025467,-0.016));
#5358=CARTESIAN_POINT('',(-0.0540634475525098,-0.0275766657424504,-0.016));
#5359=CARTESIAN_POINT('',(-0.049173738364374,-0.0265322788144109,-0.016));
#5360=CARTESIAN_POINT('',(-0.0563155168543581,-0.033674057304395,-0.016));
#5361=CARTESIAN_POINT('',(-0.0564900851662369,-0.0321247570184646,-0.015097095796847));
#5362=CARTESIAN_POINT('',(-0.0574681678758185,-0.032680127523043,-0.0144954700497269));
#5363=CARTESIAN_POINT('',(-0.0577842671912118,-0.0334987691713479,-0.0139563197556125));
#5364=CARTESIAN_POINT('',(-0.0576409211225856,-0.0342397937816299,-0.0136471050685684));
#5365=CARTESIAN_POINT('',(-0.0572882884237606,-0.0347414261123333,-0.0135670705311791));
#5366=CARTESIAN_POINT('',(-0.0567624150301086,-0.0350425564355568,-0.0136871951041095));
#5367=CARTESIAN_POINT('',(-0.0560233015644503,-0.0351228271946288,-0.0140241004312373));
#5368=CARTESIAN_POINT('',(-0.0552264261907035,-0.0347400942661307,-0.0145739092661934));
#5369=CARTESIAN_POINT('',(-0.0547553851908887,-0.0337125902108314,-0.0151468204881604));
#5370=CARTESIAN_POINT('',(-0.0552452693534412,-0.0325015440605784,-0.0153735146290457));
#5371=CARTESIAN_POINT('',(-0.0564900851662369,-0.0321247570184646,-0.015097095796847));
#5372=CARTESIAN_POINT('',(-0.0574681678758185,-0.032680127523043,-0.0144954700497269));
#5373=CARTESIAN_POINT('',(-0.0577842671912118,-0.0334987691713479,-0.0139563197556125));
#5374=CARTESIAN_POINT('',(-0.0573683739539669,-0.0327512941019409,-0.0144879109487573));
#5375=CARTESIAN_POINT('',(-0.0563155168543581,-0.033674057304395,-0.016));
#5376=CARTESIAN_POINT('',(-0.062766326628755,-0.0328759011451469,-0.006));
#5377=CARTESIAN_POINT('',(-0.062766326628755,-0.0328759011451469,-0.00740980600632841));
#5378=CARTESIAN_POINT('',(-0.0626654482520215,-0.0317125959920869,-0.0100253773169528));
#5379=CARTESIAN_POINT('',(-0.0615411312348308,-0.0295491621295237,-0.0125873562629936));
#5380=CARTESIAN_POINT('',(-0.0598189501843674,-0.0281049344994862,-0.0142589851801185));
#5381=CARTESIAN_POINT('',(-0.0581204648112229,-0.0273295029372987,-0.0152519012134872));
#5382=CARTESIAN_POINT('',(-0.0561145597475528,-0.0270676777210621,-0.0158821191872696));
#5383=CARTESIAN_POINT('',(-0.0547237421755156,-0.0273327861694331,-0.016));
#5384=CARTESIAN_POINT('',(-0.0540634475525098,-0.0275766657424504,-0.016));
#5385=CARTESIAN_POINT('',(-0.0502181252924136,-0.0314219880025467,-0.016));
#5386=CARTESIAN_POINT('',(-0.0499746009619636,-0.0320813208198785,-0.016));
#5387=CARTESIAN_POINT('',(-0.0497094762352957,-0.0334606902820405,-0.0158844442390127));
#5388=CARTESIAN_POINT('',(-0.050057797738341,-0.0361530437609624,-0.0150417847628074));
#5389=CARTESIAN_POINT('',(-0.0517673389298949,-0.0386872645436238,-0.0130947019160976));
#5390=CARTESIAN_POINT('',(-0.0539195438743496,-0.039799457315653,-0.0105286950487853));
#5391=CARTESIAN_POINT('',(-0.0552257118875458,-0.0400957970072572,-0.00808461072472245));
#5392=CARTESIAN_POINT('',(-0.05551736069511,-0.0401248670787919,-0.00670514512204768));
#5393=CARTESIAN_POINT('',(-0.05551736069511,-0.0401248670787919,-0.00600000000000007));
#5394=CARTESIAN_POINT('',(-2.71088172782291E-5,0.0111238507326849,-0.016));
#5395=CARTESIAN_POINT('',(0.0562612992198017,-0.033674057304395,-0.016));
#5396=CARTESIAN_POINT('',(0.0540092299179534,-0.0275766657424504,-0.016));
#5397=CARTESIAN_POINT('',(0.0501639076578571,-0.0314219880025467,-0.016));
#5398=CARTESIAN_POINT('',(0.0491195207298175,-0.0265322788144109,-0.016));
#5399=CARTESIAN_POINT('',(0.0562612992198017,-0.033674057304395,-0.016));
#5400=CARTESIAN_POINT('',(0.055439335180819,-0.0323174023274787,-0.0153547348941633));
#5401=CARTESIAN_POINT('',(0.054707263759045,-0.033437179939095,-0.0152351468207559));
#5402=CARTESIAN_POINT('',(0.0550190173051595,-0.0345657140656949,-0.0147108294839386));
#5403=CARTESIAN_POINT('',(0.0557513954804941,-0.0350561013957933,-0.0141610104649658));
#5404=CARTESIAN_POINT('',(0.0564630348686955,-0.0350957902425175,-0.0137870836996503));
#5405=CARTESIAN_POINT('',(0.0570136952711641,-0.0349050103216885,-0.0135977669842306));
#5406=CARTESIAN_POINT('',(0.0574612365866755,-0.0344769953339576,-0.0135871933854644));
#5407=CARTESIAN_POINT('',(0.0577469578182832,-0.0337409029794069,-0.0138253907073695));
#5408=CARTESIAN_POINT('',(0.0575441212054387,-0.0328571735198017,-0.0143586555916575));
#5409=CARTESIAN_POINT('',(0.0566913110727307,-0.0321894557426951,-0.0149829402262144));
#5410=CARTESIAN_POINT('',(0.055439335180819,-0.0323174023274787,-0.0153547348941633));
#5411=CARTESIAN_POINT('',(0.054707263759045,-0.033437179939095,-0.0152351468207559));
#5412=CARTESIAN_POINT('',(0.0550190173051595,-0.0345657140656949,-0.0147108294839386));
#5413=CARTESIAN_POINT('',(0.0548812345870264,-0.0334386393582589,-0.0151676919435209));
#5414=CARTESIAN_POINT('',(0.0562612992198017,-0.033674057304395,-0.016));
#5415=CARTESIAN_POINT('',(0.0554631430605535,-0.0401248670787919,-0.006));
#5416=CARTESIAN_POINT('',(0.0554631430605535,-0.0401248670787919,-0.00740980600632841));
#5417=CARTESIAN_POINT('',(0.0542998379074936,-0.0400239887020584,-0.0100253773169528));
#5418=CARTESIAN_POINT('',(0.0521364040449304,-0.0388996716848676,-0.0125873562629936));
#5419=CARTESIAN_POINT('',(0.0506921764148929,-0.0371774906344042,-0.0142589851801185));
#5420=CARTESIAN_POINT('',(0.0499167448527055,-0.0354790052612598,-0.0152519012134872));
#5421=CARTESIAN_POINT('',(0.0496549196364688,-0.0334731001975898,-0.0158821191872696));
#5422=CARTESIAN_POINT('',(0.0499200280848397,-0.0320822826255525,-0.016));
#5423=CARTESIAN_POINT('',(0.0501639076578571,-0.0314219880025467,-0.016));
#5424=CARTESIAN_POINT('',(0.0540092299179534,-0.0275766657424504,-0.016));
#5425=CARTESIAN_POINT('',(0.0546685627352852,-0.0273331414120004,-0.016));
#5426=CARTESIAN_POINT('',(0.0560479321974472,-0.0270680166853327,-0.0158844442390127));
#5427=CARTESIAN_POINT('',(0.0587402856763691,-0.0274163381883779,-0.0150417847628074));
#5428=CARTESIAN_POINT('',(0.0612745064590305,-0.0291258793799318,-0.0130947019160976));
#5429=CARTESIAN_POINT('',(0.0623866992310597,-0.0312780843243865,-0.0105286950487852));
#5430=CARTESIAN_POINT('',(0.0626830389226639,-0.0325842523375826,-0.00808461072472241));
#5431=CARTESIAN_POINT('',(0.0627121089941986,-0.0328759011451468,-0.00670514512204768));
#5432=CARTESIAN_POINT('',(0.0627121089941986,-0.0328759011451469,-0.00600000000000008));
#5433=CARTESIAN_POINT('',(-2.71088172782291E-5,0.0111238507326849,-0.016));
#5434=CARTESIAN_POINT('',(0.0562612992198016,0.0559217587697648,-0.016));
#5435=CARTESIAN_POINT('',(0.0501639076578571,0.0536696894679165,-0.016));
#5436=CARTESIAN_POINT('',(0.0540092299179533,0.0498243672078202,-0.016));
#5437=CARTESIAN_POINT('',(0.0491195207298175,0.0487799802797807,-0.016));
#5438=CARTESIAN_POINT('',(0.0562612992198016,0.0559217587697648,-0.016));
#5439=CARTESIAN_POINT('',(0.0550178391865179,0.0568121009564782,-0.0147117874500891));
#5440=CARTESIAN_POINT('',(0.0547093409007869,0.0556838043835508,-0.0152348020943742));
#5441=CARTESIAN_POINT('',(0.055432204732493,0.0545707264510909,-0.0153551558335399));
#5442=CARTESIAN_POINT('',(0.0566876882867151,0.0544343890813253,-0.0149853670742713));
#5443=CARTESIAN_POINT('',(0.0575431577154676,0.0551042864974146,-0.0143593273972953));
#5444=CARTESIAN_POINT('',(0.0577461798420413,0.0559820311410526,-0.013829110448532));
#5445=CARTESIAN_POINT('',(0.0574664522567288,0.0567166832312314,-0.0135887108876531));
#5446=CARTESIAN_POINT('',(0.0570209096896431,0.0571486715061433,-0.0135960550461832));
#5447=CARTESIAN_POINT('',(0.0564681201422293,0.0573433534100572,-0.0137845737275312));
#5448=CARTESIAN_POINT('',(0.0557502787352313,0.0573043974081567,-0.0141613649477763));
#5449=CARTESIAN_POINT('',(0.0550178391865179,0.0568121009564782,-0.0147117874500891));
#5450=CARTESIAN_POINT('',(0.0547093409007869,0.0556838043835508,-0.0152348020943742));
#5451=CARTESIAN_POINT('',(0.055432204732493,0.0545707264510909,-0.0153551558335399));
#5452=CARTESIAN_POINT('',(0.0548812345870264,0.0556863408236287,-0.0151676919435209));
#5453=CARTESIAN_POINT('',(0.0562612992198016,0.0559217587697648,-0.016));
#5454=CARTESIAN_POINT('',(0.0627121089941985,0.0551236026105166,-0.006));
#5455=CARTESIAN_POINT('',(0.0627121089941985,0.0551236026105166,-0.00740980600632841));
#5456=CARTESIAN_POINT('',(0.0626112306174651,0.0539602974574567,-0.0100253773169529));
#5457=CARTESIAN_POINT('',(0.0614869136002743,0.0517968635948935,-0.0125873562629936));
#5458=CARTESIAN_POINT('',(0.0597647325498109,0.050352635964856,-0.0142589851801185));
#5459=CARTESIAN_POINT('',(0.0580662471766663,0.0495772044026686,-0.0152519012134872));
#5460=CARTESIAN_POINT('',(0.0560603421129963,0.0493153791864319,-0.0158821191872696));
#5461=CARTESIAN_POINT('',(0.0546695245409592,0.0495804876348028,-0.016));
#5462=CARTESIAN_POINT('',(0.0540092299179534,0.0498243672078202,-0.016));
#5463=CARTESIAN_POINT('',(0.0501639076578571,0.0536696894679165,-0.016));
#5464=CARTESIAN_POINT('',(0.0499203833274071,0.0543290222852483,-0.016));
#5465=CARTESIAN_POINT('',(0.0496552586007392,0.0557083917474103,-0.0158844442390127));
#5466=CARTESIAN_POINT('',(0.0500035801037845,0.0584007452263322,-0.0150417847628074));
#5467=CARTESIAN_POINT('',(0.0517131212953385,0.0609349660089936,-0.0130947019160976));
#5468=CARTESIAN_POINT('',(0.0538653262397932,0.0620471587810228,-0.0105286950487853));
#5469=CARTESIAN_POINT('',(0.0551714942529894,0.062343498472627,-0.00808461072472252));
#5470=CARTESIAN_POINT('',(0.0554631430605535,0.0623725685441617,-0.00670514512204767));
#5471=CARTESIAN_POINT('',(0.0554631430605535,0.0623725685441617,-0.00600000000000007));
#5472=CARTESIAN_POINT('',(0.0491195207298175,-0.0265322788144109,-0.006));
#5473=CARTESIAN_POINT('',(-0.049173738364374,-0.0265322788144109,-0.006));
#5474=CARTESIAN_POINT('',(0.0491195207298175,0.0487799802797807,-0.006));
#5475=CARTESIAN_POINT('',(-0.049173738364374,0.0487799802797806,-0.006));
#5476=CARTESIAN_POINT('',(-2.71088172782152E-5,0.0115238507326849,0.064));
#5477=CARTESIAN_POINT('',(0.0515195207298175,0.0511799802797806,0.064));
#5478=CARTESIAN_POINT('',(0.0585195207298175,0.0511799802797806,0.064));
#5479=CARTESIAN_POINT('',(0.0515195207298175,0.0581799802797806,0.064));
#5480=CARTESIAN_POINT('',(-2.71088172782403E-5,0.0581799802797806,0.064));
#5481=CARTESIAN_POINT('',(-0.051573738364374,0.0581799802797806,0.064));
#5482=CARTESIAN_POINT('',(-0.051573738364374,0.0511799802797806,0.064));
#5483=CARTESIAN_POINT('',(-0.058573738364374,0.0511799802797806,0.064));
#5484=CARTESIAN_POINT('',(-0.058573738364374,0.0115238507326849,0.064));
#5485=CARTESIAN_POINT('',(-0.058573738364374,-0.0281322788144109,0.064));
#5486=CARTESIAN_POINT('',(-0.051573738364374,-0.0281322788144109,0.064));
#5487=CARTESIAN_POINT('',(-0.051573738364374,-0.0351322788144109,0.064));
#5488=CARTESIAN_POINT('',(-2.7108817278209E-5,-0.0351322788144109,0.064));
#5489=CARTESIAN_POINT('',(0.0515195207298175,-0.0351322788144108,0.064));
#5490=CARTESIAN_POINT('',(0.0515195207298175,-0.0281322788144109,0.064));
#5491=CARTESIAN_POINT('',(0.0585195207298176,-0.0281322788144109,0.064));
#5492=CARTESIAN_POINT('',(0.0585195207298175,0.0115238507326849,0.064));
#5493=CARTESIAN_POINT('',(-2.71088172782152E-5,0.0115238507326849,0.068));
#5494=CARTESIAN_POINT('',(-0.00184049461464274,0.037480029584766,0.068));
#5495=CARTESIAN_POINT('',(-0.00044049461464274,0.037480029584766,0.068));
#5496=CARTESIAN_POINT('',(0.0161592400620101,0.0311686382639692,0.068));
#5497=CARTESIAN_POINT('',(0.0175592400620101,0.0311686382639692,0.068));
#5498=CARTESIAN_POINT('',(0.0255204104513921,0.0165160337539269,0.068));
#5499=CARTESIAN_POINT('',(0.0269204104513921,0.0165160337539269,0.068));
#5500=CARTESIAN_POINT('',(0.0225836042494278,-0.00133810024461597,0.068));
#5501=CARTESIAN_POINT('',(0.0239836042494278,-0.00133810024461597,0.068));
#5502=CARTESIAN_POINT('',(0.0122946045535357,-0.0113641915280694,0.068));
#5503=CARTESIAN_POINT('',(0.0136946045535357,-0.0113641915280694,0.068));
#5504=CARTESIAN_POINT('',(-0.0081686620660747,-0.0131382010911262,0.068));
#5505=CARTESIAN_POINT('',(-0.0067686620660747,-0.0131382010911262,0.068));
#5506=CARTESIAN_POINT('',(-0.0211022126549231,-0.00364344634281324,0.068));
#5507=CARTESIAN_POINT('',(-0.0197022126549231,-0.00364344634281324,0.068));
#5508=CARTESIAN_POINT('',(-0.0259651508126651,0.0128909670221722,0.068));
#5509=CARTESIAN_POINT('',(-0.0245651508126651,0.0128909670221722,0.068));
#5510=CARTESIAN_POINT('',(-0.0199099221176234,0.0282663485972953,0.068));
#5511=CARTESIAN_POINT('',(-0.0185099221176235,0.0282663485972953,0.068));
#5512=CARTESIAN_POINT('',(0.00174214181931638,-0.00858557684257746,0.068));
#5513=CARTESIAN_POINT('',(-0.00542528572073612,-0.00921617538599812,0.068));
#5514=CARTESIAN_POINT('',(0.00888428413668811,-0.00795720292221766,0.068));
#5515=CARTESIAN_POINT('',(-0.0115417292542004,-0.00493784888615766,0.068));
#5516=CARTESIAN_POINT('',(-0.0171963040940934,-0.000982590041620675,0.068));
#5517=CARTESIAN_POINT('',(-0.0191738890690027,0.00638345569867815,0.068));
#5518=CARTESIAN_POINT('',(-0.0209209806661927,0.0128909670221722,0.068));
#5519=CARTESIAN_POINT('',(-0.0177202310987648,0.019763764164613,0.068));
#5520=CARTESIAN_POINT('',(-0.0148564978737795,0.0259129042678199,0.068));
#5521=CARTESIAN_POINT('',(-0.00819712870220156,0.0290221823296386,0.068));
#5522=CARTESIAN_POINT('',(-0.00184049461464274,0.0319901125353719,0.068));
#5523=CARTESIAN_POINT('',(0.0049597607613063,0.0301715512239186,0.068));
#5524=CARTESIAN_POINT('',(0.0120366965295045,0.0282789985357941,0.068));
#5525=CARTESIAN_POINT('',(0.0159374260535312,0.0227139700948661,0.068));
#5526=CARTESIAN_POINT('',(0.0202817835945156,0.0165160337539269,0.068));
#5527=CARTESIAN_POINT('',(0.0196981947304846,0.00980782397342077,0.068));
#5528=CARTESIAN_POINT('',(0.0190367987087362,0.00220524014199746,0.068));
#5529=CARTESIAN_POINT('',(0.014173465081779,-0.00266284950569509,0.068));
#5530=CARTESIAN_POINT('',(-2.71088172782403E-5,0.0581799802797806,0.068));
#5531=CARTESIAN_POINT('',(0.0515195207298175,0.0581799802797807,0.068));
#5532=CARTESIAN_POINT('',(-0.051573738364374,0.0581799802797806,0.068));
#5533=CARTESIAN_POINT('',(-0.051573738364374,0.0511799802797806,0.068));
#5534=CARTESIAN_POINT('',(-0.058573738364374,0.0511799802797806,0.068));
#5535=CARTESIAN_POINT('',(-0.058573738364374,-0.0281322788144109,0.068));
#5536=CARTESIAN_POINT('',(-0.058573738364374,-0.0281322788144109,0.068));
#5537=CARTESIAN_POINT('',(-0.051573738364374,-0.0281322788144109,0.068));
#5538=CARTESIAN_POINT('',(-0.051573738364374,-0.0351322788144109,0.068));
#5539=CARTESIAN_POINT('',(0.0515195207298176,-0.0351322788144108,0.068));
#5540=CARTESIAN_POINT('',(0.0515195207298175,-0.0351322788144108,0.068));
#5541=CARTESIAN_POINT('',(0.0515195207298175,-0.0281322788144109,0.068));
#5542=CARTESIAN_POINT('',(0.0585195207298176,-0.0281322788144109,0.068));
#5543=CARTESIAN_POINT('',(0.0585195207298175,0.0115238507326849,0.068));
#5544=CARTESIAN_POINT('',(0.0585195207298175,0.0511799802797806,0.068));
#5545=CARTESIAN_POINT('',(0.0515195207298175,0.0511799802797806,0.068));
#5546=CARTESIAN_POINT('',(0.0515195207298175,-0.0281322788144109,0.06));
#5547=CARTESIAN_POINT('',(0.0515195207298175,-0.0351322788144108,0.06));
#5548=CARTESIAN_POINT('',(0.0585195207298175,-0.0281322788144109,0.06));
#5549=CARTESIAN_POINT('',(0.0585195207298175,0.0115238507326849,0.06));
#5550=CARTESIAN_POINT('',(0.0585195207298175,0.0511799802797806,0.06));
#5551=CARTESIAN_POINT('',(-2.7108817278209E-5,-0.0351322788144109,0.06));
#5552=CARTESIAN_POINT('',(-0.051573738364374,-0.0351322788144109,0.06));
#5553=CARTESIAN_POINT('',(0.0515195207298175,0.0511799802797806,0.06));
#5554=CARTESIAN_POINT('',(0.0515195207298175,0.0581799802797806,0.06));
#5555=CARTESIAN_POINT('',(-0.051573738364374,-0.0281322788144109,0.06));
#5556=CARTESIAN_POINT('',(-0.058573738364374,-0.0281322788144109,0.06));
#5557=CARTESIAN_POINT('',(-2.71088172782317E-5,0.0581799802797806,0.06));
#5558=CARTESIAN_POINT('',(-0.051573738364374,0.0581799802797806,0.06));
#5559=CARTESIAN_POINT('',(-0.058573738364374,0.0115238507326849,0.06));
#5560=CARTESIAN_POINT('',(-0.058573738364374,0.0511799802797806,0.06));
#5561=CARTESIAN_POINT('',(-0.051573738364374,0.0511799802797806,0.06));
#5562=CARTESIAN_POINT('',(0.0515195207298175,-0.0281322788144109,0.062));
#5563=CARTESIAN_POINT('',(0.0515195207298175,-0.0351322788144108,0.062));
#5564=CARTESIAN_POINT('',(0.0515195207298175,-0.0351322788144108,0.062));
#5565=CARTESIAN_POINT('',(0.0515195207298175,-0.0281322788144109,0.062));
#5566=CARTESIAN_POINT('',(0.0585195207298176,-0.0281322788144109,0.062));
#5567=CARTESIAN_POINT('',(0.0585195207298176,-0.0281322788144109,0.062));
#5568=CARTESIAN_POINT('',(0.0585195207298175,0.0115238507326849,0.062));
#5569=CARTESIAN_POINT('',(0.0585195207298175,0.0115238507326849,0.062));
#5570=CARTESIAN_POINT('',(0.0585195207298175,0.0511799802797806,0.062));
#5571=CARTESIAN_POINT('',(0.0585195207298175,0.0511799802797806,0.062));
#5572=CARTESIAN_POINT('',(0.0515195207298175,0.0511799802797806,0.062));
#5573=CARTESIAN_POINT('',(0.0515195207298175,0.0511799802797806,0.062));
#5574=CARTESIAN_POINT('',(0.0515195207298175,0.0581799802797807,0.062));
#5575=CARTESIAN_POINT('',(0.0515195207298175,0.0581799802797807,0.062));
#5576=CARTESIAN_POINT('',(-0.051573738364374,-0.0281322788144109,0.062));
#5577=CARTESIAN_POINT('',(-0.058573738364374,-0.0281322788144109,0.062));
#5578=CARTESIAN_POINT('',(-0.058573738364374,-0.0281322788144109,0.062));
#5579=CARTESIAN_POINT('',(-0.051573738364374,-0.0281322788144109,0.062));
#5580=CARTESIAN_POINT('',(-0.051573738364374,-0.0351322788144109,0.062));
#5581=CARTESIAN_POINT('',(-0.051573738364374,-0.0351322788144109,0.062));
#5582=CARTESIAN_POINT('',(0.0515195207298176,-0.0351322788144108,0.062));
#5583=CARTESIAN_POINT('',(0.0515195207298176,-0.0351322788144108,0.062));
#5584=CARTESIAN_POINT('',(-2.71088172782403E-5,0.0581799802797806,0.062));
#5585=CARTESIAN_POINT('',(-2.71088172782403E-5,0.0581799802797806,0.062));
#5586=CARTESIAN_POINT('',(-0.051573738364374,0.0581799802797806,0.062));
#5587=CARTESIAN_POINT('',(-0.051573738364374,0.0581799802797806,0.062));
#5588=CARTESIAN_POINT('',(-0.051573738364374,0.0511799802797806,0.062));
#5589=CARTESIAN_POINT('',(-0.051573738364374,0.0511799802797806,0.062));
#5590=CARTESIAN_POINT('',(-0.058573738364374,0.0511799802797806,0.062));
#5591=CARTESIAN_POINT('',(-0.058573738364374,0.0511799802797806,0.062));
#5592=CARTESIAN_POINT('',(-0.058573738364374,-0.0281322788144109,0.062));
#5593=CARTESIAN_POINT('',(-0.058573738364374,-0.0281322788144109,0.062));
#5594=CARTESIAN_POINT('',(-2.71088172782152E-5,0.0115238507326849,0.062));
#5595=CARTESIAN_POINT('',(-0.00184049461464274,0.037480029584766,0.062));
#5596=CARTESIAN_POINT('',(-0.00044049461464274,0.037480029584766,0.062));
#5597=CARTESIAN_POINT('',(0.0161592400620101,0.0311686382639692,0.062));
#5598=CARTESIAN_POINT('',(0.0175592400620101,0.0311686382639692,0.062));
#5599=CARTESIAN_POINT('',(0.0255204104513921,0.0165160337539269,0.062));
#5600=CARTESIAN_POINT('',(0.0269204104513921,0.0165160337539269,0.062));
#5601=CARTESIAN_POINT('',(0.0225836042494278,-0.00133810024461597,0.062));
#5602=CARTESIAN_POINT('',(0.0239836042494278,-0.00133810024461597,0.062));
#5603=CARTESIAN_POINT('',(0.0122946045535357,-0.0113641915280694,0.062));
#5604=CARTESIAN_POINT('',(0.0136946045535357,-0.0113641915280694,0.062));
#5605=CARTESIAN_POINT('',(-0.0081686620660747,-0.0131382010911262,0.062));
#5606=CARTESIAN_POINT('',(-0.0067686620660747,-0.0131382010911262,0.062));
#5607=CARTESIAN_POINT('',(-0.0211022126549231,-0.00364344634281324,0.062));
#5608=CARTESIAN_POINT('',(-0.0197022126549231,-0.00364344634281324,0.062));
#5609=CARTESIAN_POINT('',(-0.0259651508126651,0.0128909670221722,0.062));
#5610=CARTESIAN_POINT('',(-0.0245651508126651,0.0128909670221722,0.062));
#5611=CARTESIAN_POINT('',(-0.0199099221176234,0.0282663485972953,0.062));
#5612=CARTESIAN_POINT('',(-0.0185099221176235,0.0282663485972953,0.062));
#5613=CARTESIAN_POINT('',(-0.0113107949074148,-0.0050993827138094,0.062));
#5614=CARTESIAN_POINT('',(-0.0171963040940934,-0.000982590041620675,0.062));
#5615=CARTESIAN_POINT('',(-0.00542528572073612,-0.00921617538599813,0.062));
#5616=CARTESIAN_POINT('',(0.00172949920797599,-0.00858668915410789,0.062));
#5617=CARTESIAN_POINT('',(0.00888428413668811,-0.00795720292221766,0.062));
#5618=CARTESIAN_POINT('',(0.0139605414227121,-0.00287598139011009,0.062));
#5619=CARTESIAN_POINT('',(0.0190367987087362,0.00220524014199746,0.062));
#5620=CARTESIAN_POINT('',(0.0196592911516259,0.0093606369479622,0.062));
#5621=CARTESIAN_POINT('',(0.0202817835945156,0.0165160337539269,0.062));
#5622=CARTESIAN_POINT('',(0.0161592400620101,0.0223975161448605,0.062));
#5623=CARTESIAN_POINT('',(0.0120366965295045,0.0282789985357941,0.062));
#5624=CARTESIAN_POINT('',(0.0050981009574309,0.0301345555355831,0.062));
#5625=CARTESIAN_POINT('',(-0.00184049461464274,0.0319901125353719,0.062));
#5626=CARTESIAN_POINT('',(-0.00834849624421112,0.0289515084015959,0.062));
#5627=CARTESIAN_POINT('',(-0.0148564978737795,0.0259129042678199,0.062));
#5628=CARTESIAN_POINT('',(-0.0178887392699861,0.019401935644996,0.062));
#5629=CARTESIAN_POINT('',(-0.0209209806661927,0.0128909670221722,0.062));
#5630=CARTESIAN_POINT('',(-0.019058642380143,0.00595418849027577,0.062));
#5631=CARTESIAN_POINT('',(0.00172949920797599,-0.00858668915410789,0.062));
#5632=CARTESIAN_POINT('',(0.00888428413668811,-0.00795720292221766,0.062));
#5633=CARTESIAN_POINT('',(-0.00542528572073612,-0.00921617538599812,0.062));
#5634=CARTESIAN_POINT('',(0.0139605414227121,-0.00287598139011009,0.062));
#5635=CARTESIAN_POINT('',(0.0190367987087362,0.00220524014199746,0.062));
#5636=CARTESIAN_POINT('',(0.0196592911516259,0.0093606369479622,0.062));
#5637=CARTESIAN_POINT('',(0.0202817835945156,0.0165160337539269,0.062));
#5638=CARTESIAN_POINT('',(0.0161592400620101,0.0223975161448605,0.062));
#5639=CARTESIAN_POINT('',(0.0120366965295045,0.0282789985357941,0.062));
#5640=CARTESIAN_POINT('',(0.0050981009574309,0.0301345555355831,0.062));
#5641=CARTESIAN_POINT('',(-0.00184049461464274,0.0319901125353719,0.062));
#5642=CARTESIAN_POINT('',(-0.00834849624421112,0.0289515084015959,0.062));
#5643=CARTESIAN_POINT('',(-0.0148564978737795,0.0259129042678199,0.062));
#5644=CARTESIAN_POINT('',(-0.0178887392699861,0.019401935644996,0.062));
#5645=CARTESIAN_POINT('',(-0.0209209806661927,0.0128909670221722,0.062));
#5646=CARTESIAN_POINT('',(-0.019058642380143,0.00595418849027577,0.062));
#5647=CARTESIAN_POINT('',(-0.0171963040940934,-0.000982590041620675,0.062));
#5648=CARTESIAN_POINT('',(-0.0113107949074148,-0.0050993827138094,0.062));
#5649=CARTESIAN_POINT('',(-0.0199099221176234,0.0282663485972953,0.057));
#5650=CARTESIAN_POINT('',(-0.0259651508126651,0.0128909670221722,0.057));
#5651=CARTESIAN_POINT('',(-0.0211022126549231,-0.00364344634281324,0.057));
#5652=CARTESIAN_POINT('',(-0.0081686620660747,-0.0131382010911262,0.057));
#5653=CARTESIAN_POINT('',(0.0122946045535357,-0.0113641915280694,0.057));
#5654=CARTESIAN_POINT('',(0.0225836042494278,-0.00133810024461597,0.057));
#5655=CARTESIAN_POINT('',(0.0255204104513921,0.0165160337539269,0.057));
#5656=CARTESIAN_POINT('',(0.0161592400620101,0.0311686382639692,0.057));
#5657=CARTESIAN_POINT('',(-0.00184049461464274,0.037480029584766,0.057));
#5658=CARTESIAN_POINT('',(-0.0193567102892297,-0.0665322788144109,-0.0002));
#5659=CARTESIAN_POINT('',(-0.0122317107910094,-0.0665322788144109,-0.0002));
#5660=CARTESIAN_POINT('',(-0.02648170978745,-0.0665322788144109,-0.0002));
#5661=CARTESIAN_POINT('',(-0.02648170978745,-0.0665322788144109,0.000915));
#5662=CARTESIAN_POINT('',(-0.02648170978745,-0.0665322788144109,0.00203));
#5663=CARTESIAN_POINT('',(-0.0193567102892297,-0.0665322788144109,0.00203));
#5664=CARTESIAN_POINT('',(-0.0122317107910094,-0.0665322788144109,0.00203));
#5665=CARTESIAN_POINT('',(-0.0122317107910094,-0.0665322788144109,0.000915));
#5666=CARTESIAN_POINT('',(-0.00685631126763185,-0.0665322788144109,0.001656));
#5667=CARTESIAN_POINT('',(-0.00685631126763185,-0.0665322788144109,0.0008));
#5668=CARTESIAN_POINT('',(-0.00685631126763185,-0.0665322788144109,0.002512));
#5669=CARTESIAN_POINT('',(-0.00585631126763185,-0.0665322788144109,0.002512));
#5670=CARTESIAN_POINT('',(-0.00585631126763185,-0.0665322788144109,0.003512));
#5671=CARTESIAN_POINT('',(-0.00218631126763192,-0.0665322788144109,0.003512));
#5672=CARTESIAN_POINT('',(0.00148368873236802,-0.0665322788144109,0.003512));
#5673=CARTESIAN_POINT('',(0.00148368873236802,-0.0665322788144109,0.002512));
#5674=CARTESIAN_POINT('',(0.00248368873236802,-0.0665322788144109,0.002512));
#5675=CARTESIAN_POINT('',(0.00248368873236802,-0.0665322788144109,0.001656));
#5676=CARTESIAN_POINT('',(0.00248368873236802,-0.0665322788144109,0.0008));
#5677=CARTESIAN_POINT('',(0.00148368873236802,-0.0665322788144109,0.0008));
#5678=CARTESIAN_POINT('',(0.00148368873236802,-0.0665322788144109,-0.0002));
#5679=CARTESIAN_POINT('',(-0.00218631126763192,-0.0665322788144109,-0.0002));
#5680=CARTESIAN_POINT('',(-0.00585631126763185,-0.0665322788144109,-0.0002));
#5681=CARTESIAN_POINT('',(-0.00585631126763185,-0.0665322788144109,0.0008));
#5682=CARTESIAN_POINT('',(0.018419274659205,-0.0365322788144109,0.05975));
#5683=CARTESIAN_POINT('',(0.0187228911827217,-0.0365322788144109,0.05975));
#5684=CARTESIAN_POINT('',(0.0187228911827217,-0.0365322788144109,0.05975));
#5685=CARTESIAN_POINT('',(0.018419274659205,-0.0365322788144109,0.05975));
#5686=CARTESIAN_POINT('',(0.0181156581356882,-0.0365322788144109,0.05975));
#5687=CARTESIAN_POINT('',(0.0181156581356882,-0.0365322788144109,0.05975));
#5688=CARTESIAN_POINT('',(0.0187228911827217,-0.0365322788144109,0.05275));
#5689=CARTESIAN_POINT('',(0.0257228911827218,-0.0365322788144109,0.05275));
#5690=CARTESIAN_POINT('',(0.0257228911827218,-0.0365322788144109,0.05275));
#5691=CARTESIAN_POINT('',(0.0187228911827217,-0.0365322788144109,0.05275));
#5692=CARTESIAN_POINT('',(0.0257228911827218,-0.0365322788144109,0.0524463834764832));
#5693=CARTESIAN_POINT('',(0.0257228911827218,-0.0365322788144109,0.0524463834764832));
#5694=CARTESIAN_POINT('',(0.0181156581356882,-0.0365322788144109,0.0559463834764832));
#5695=CARTESIAN_POINT('',(0.0181156581356882,-0.0365322788144109,0.0559463834764832));
#5696=CARTESIAN_POINT('',(0.0181156581356881,-0.0365322788144109,0.0525629570262709));
#5697=CARTESIAN_POINT('',(0.0181156581356881,-0.0365322788144109,0.0525629570262709));
#5698=CARTESIAN_POINT('',(-0.0257771088172782,-0.0365322788144109,0.0524463834764826));
#5699=CARTESIAN_POINT('',(-0.0257771088172782,-0.0365322788144109,0.05275));
#5700=CARTESIAN_POINT('',(-0.0257771088172782,-0.0365322788144109,0.05275));
#5701=CARTESIAN_POINT('',(-0.0257771088172782,-0.0365322788144109,0.0524463834764826));
#5702=CARTESIAN_POINT('',(-0.0187771088172782,-0.0365322788144109,0.05275));
#5703=CARTESIAN_POINT('',(-0.0187771088172782,-0.0365322788144109,0.05975));
#5704=CARTESIAN_POINT('',(-0.0187771088172782,-0.0365322788144109,0.05975));
#5705=CARTESIAN_POINT('',(-0.0187771088172782,-0.0365322788144109,0.05275));
#5706=CARTESIAN_POINT('',(-0.0184734922937614,-0.0365322788144109,0.05975));
#5707=CARTESIAN_POINT('',(-0.0181698757702446,-0.0365322788144109,0.05975));
#5708=CARTESIAN_POINT('',(-0.0181698757702446,-0.0365322788144109,0.05975));
#5709=CARTESIAN_POINT('',(-0.0184734922937614,-0.0365322788144109,0.05975));
#5710=CARTESIAN_POINT('',(-0.0181698757702446,-0.0365322788144109,0.0559463834764826));
#5711=CARTESIAN_POINT('',(-0.0181698757702446,-0.0365322788144109,0.0525629570262709));
#5712=CARTESIAN_POINT('',(-0.0181698757702446,-0.0365322788144109,0.0525629570262709));
#5713=CARTESIAN_POINT('',(-0.0181698757702446,-0.0365322788144109,0.0559463834764826));
#5714=CARTESIAN_POINT('',(-0.0184734922937608,-0.0365322788144109,0.00825));
#5715=CARTESIAN_POINT('',(-0.0187771088172782,-0.0365322788144109,0.00825));
#5716=CARTESIAN_POINT('',(-0.0187771088172782,-0.0365322788144109,0.00825));
#5717=CARTESIAN_POINT('',(-0.0184734922937608,-0.0365322788144109,0.00825));
#5718=CARTESIAN_POINT('',(-0.0187771088172782,-0.0365322788144109,0.01525));
#5719=CARTESIAN_POINT('',(-0.0257771088172782,-0.0365322788144109,0.01525));
#5720=CARTESIAN_POINT('',(-0.0257771088172782,-0.0365322788144109,0.01525));
#5721=CARTESIAN_POINT('',(-0.0187771088172782,-0.0365322788144109,0.01525));
#5722=CARTESIAN_POINT('',(-0.0257771088172782,-0.0365322788144109,0.0155536165235163));
#5723=CARTESIAN_POINT('',(-0.0257771088172782,-0.0365322788144109,0.0155536165235163));
#5724=CARTESIAN_POINT('',(0.0257228911827218,-0.0365322788144109,0.0155536165235169));
#5725=CARTESIAN_POINT('',(0.0257228911827218,-0.0365322788144109,0.01525));
#5726=CARTESIAN_POINT('',(0.0257228911827218,-0.0365322788144109,0.01525));
#5727=CARTESIAN_POINT('',(0.0257228911827218,-0.0365322788144109,0.0155536165235169));
#5728=CARTESIAN_POINT('',(0.0187228911827218,-0.0365322788144109,0.01525));
#5729=CARTESIAN_POINT('',(0.0187228911827217,-0.0365322788144109,0.00825));
#5730=CARTESIAN_POINT('',(0.0187228911827217,-0.0365322788144109,0.00825));
#5731=CARTESIAN_POINT('',(0.0187228911827218,-0.0365322788144109,0.01525));
#5732=CARTESIAN_POINT('',(0.0184192746592056,-0.0365322788144109,0.00825));
#5733=CARTESIAN_POINT('',(0.0184192746592056,-0.0365322788144109,0.00825));
#5734=CARTESIAN_POINT('',(-2.71088172782309E-5,-0.0365322788144109,0.019));
#5735=CARTESIAN_POINT('',(-2.71088172782229E-5,-0.0365322788144109,0.034));
#5736=CARTESIAN_POINT('',(-2.71088172782229E-5,-0.0365322788144109,0.034));
#5737=CARTESIAN_POINT('',(-2.71088172782229E-5,-0.0365322788144109,0.034));
#5738=CARTESIAN_POINT('',(-2.71088172782229E-5,-0.0365322788144109,0.034));
#5739=CARTESIAN_POINT('',(0.0208440332121383,-0.0365322788144109,0.013130756223026));
#5740=CARTESIAN_POINT('',(0.0194440332121383,-0.0365322788144109,0.013130756223026));
#5741=CARTESIAN_POINT('',(-2.71088172782229E-5,-0.0365322788144109,0.034));
#5742=CARTESIAN_POINT('',(-0.0250271088172782,-0.0365322788144109,0.034));
#5743=CARTESIAN_POINT('',(-0.0208985077606099,-0.0365322788144109,0.0131287725930492));
#5744=CARTESIAN_POINT('',(-0.0222985077606099,-0.0365322788144109,0.0131287725930492));
#5745=CARTESIAN_POINT('',(-0.0208984334595092,-0.0365322788144109,0.0548714368018674));
#5746=CARTESIAN_POINT('',(-0.0222984334595091,-0.0365322788144109,0.0548714368018674));
#5747=CARTESIAN_POINT('',(0.0208441480438532,-0.0365322788144109,0.0548713120623965));
#5748=CARTESIAN_POINT('',(0.0194441480438532,-0.0365322788144109,0.0548713120623965));
#5749=CARTESIAN_POINT('',(0.0208440332121383,-0.0615322788144109,0.013130756223026));
#5750=CARTESIAN_POINT('',(-0.0208985077606099,-0.0615322788144109,0.0131287725930492));
#5751=CARTESIAN_POINT('',(-0.0208984334595092,-0.0615322788144109,0.0548714368018674));
#5752=CARTESIAN_POINT('',(0.0208441480438532,-0.0615322788144109,0.0548713120623965));
#5753=CARTESIAN_POINT('',(0.0223871941715479,-0.0665322788144109,0.00711919008977712));
#5754=CARTESIAN_POINT('',(0.0263871941715479,-0.0665322788144109,0.00711919008977712));
#5755=CARTESIAN_POINT('',(0.0296665895730257,-0.0665322788144109,0.00711919008977712));
#5756=CARTESIAN_POINT('',(0.0328387655317783,-0.0665322788144109,0.00711919008977711));
#5757=CARTESIAN_POINT('',(-2.71088172782229E-5,-0.0365322788144109,0.034));
#5758=CARTESIAN_POINT('',(-2.71088172782229E-5,-0.0365322788144109,0.034));
#5759=CARTESIAN_POINT('',(-2.71088172782229E-5,-0.0365322788144109,0.034));
#5760=CARTESIAN_POINT('',(-2.71088172782229E-5,-0.0365322788144109,0.034));
#5761=CARTESIAN_POINT('',(-2.71088172782229E-5,-0.0365322788144109,0.034));
#5762=CARTESIAN_POINT('',(-2.71088172782222E-5,-0.0415322788144109,0.034));
#5763=CARTESIAN_POINT('',(-0.0250271088172782,-0.0415322788144109,0.034));
#5764=CARTESIAN_POINT('',(-2.71088172782291E-5,-0.0415322788144109,0.064));
#5765=CARTESIAN_POINT('',(0.00501417346284869,-0.0415322788144109,0.029057207463286));
#5766=CARTESIAN_POINT('',(0.00376417346284869,-0.0415322788144109,0.029057207463286));
#5767=CARTESIAN_POINT('',(-0.00575838429779721,-0.0415322788144109,0.0497316191564373));
#5768=CARTESIAN_POINT('',(-0.00700838429779721,-0.0415322788144109,0.0497316191564373));
#5769=CARTESIAN_POINT('',(-0.000390806830472188,-0.0415322788144109,0.0507391482361554));
#5770=CARTESIAN_POINT('',(-0.00164080683047219,-0.0415322788144109,0.0507391482361554));
#5771=CARTESIAN_POINT('',(5.63930945824889E-18,-0.0415322788144109,0.0466183113157749));
#5772=CARTESIAN_POINT('',(-0.00124999999999999,-0.0415322788144109,0.0466183113157749));
#5773=CARTESIAN_POINT('',(-0.0154061399895017,-0.0415322788144109,0.0273805770553194));
#5774=CARTESIAN_POINT('',(-0.0166561399895017,-0.0415322788144109,0.0273805770553194));
#5775=CARTESIAN_POINT('',(0.00463098767969369,-0.0415322788144109,0.0388220101255318));
#5776=CARTESIAN_POINT('',(0.00338098767969369,-0.0415322788144109,0.0388220101255318));
#5777=CARTESIAN_POINT('',(5.63930945824889E-18,-0.0415322788144109,0.0208959765732288));
#5778=CARTESIAN_POINT('',(-0.00124999999999999,-0.0415322788144109,0.0208959765732288));
#5779=CARTESIAN_POINT('',(0.00877598209255415,-0.0415322788144109,0.0409009200854481));
#5780=CARTESIAN_POINT('',(0.00752598209255415,-0.0415322788144109,0.0409009200854481));
#5781=CARTESIAN_POINT('',(-0.00454929005354643,-0.0415322788144109,0.0441479422152042));
#5782=CARTESIAN_POINT('',(-0.00579929005354643,-0.0415322788144109,0.0441479422152042));
#5783=CARTESIAN_POINT('',(-0.0086817005649209,-0.0415322788144109,0.0412554815411568));
#5784=CARTESIAN_POINT('',(-0.0099317005649209,-0.0415322788144109,0.0412554815411568));
#5785=CARTESIAN_POINT('',(-0.011420538648963,-0.0415322788144109,0.0366445258259774));
#5786=CARTESIAN_POINT('',(-0.012670538648963,-0.0415322788144109,0.0366445258259774));
#5787=CARTESIAN_POINT('',(-0.0167112973491549,-0.0415322788144109,0.0363155134911696));
#5788=CARTESIAN_POINT('',(-0.0180622998071546,-0.0415322788144109,0.0363155134911696));
#5789=CARTESIAN_POINT('',(-0.00923640187829733,-0.0415322788144109,0.0265212263911962));
#5790=CARTESIAN_POINT('',(-0.0104864018782973,-0.0415322788144109,0.0265212263911962));
#5791=CARTESIAN_POINT('',(-0.0118018956854939,-0.0415322788144109,0.0313401967287064));
#5792=CARTESIAN_POINT('',(-0.0130518956854939,-0.0415322788144109,0.0313401967287064));
#5793=CARTESIAN_POINT('',(-0.00676970127422081,-0.0415322788144109,0.0336854567087739));
#5794=CARTESIAN_POINT('',(-0.00801970127422081,-0.0415322788144109,0.0336854567087739));
#5795=CARTESIAN_POINT('',(-0.0166136285856724,-0.0415322788144109,0.0317155477922584));
#5796=CARTESIAN_POINT('',(-0.0178636285856724,-0.0415322788144109,0.0317155477922584));
#5797=CARTESIAN_POINT('',(-0.0130877325816434,-0.0415322788144109,0.0235237665736924));
#5798=CARTESIAN_POINT('',(-0.0143377325816434,-0.0415322788144109,0.0235237665736924));
#5799=CARTESIAN_POINT('',(-0.00982587870633704,-0.0415322788144109,0.0204237166876181));
#5800=CARTESIAN_POINT('',(-0.011075878706337,-0.0415322788144109,0.0204237166876181));
#5801=CARTESIAN_POINT('',(-0.00585620145261047,-0.0415322788144109,0.0183043624224596));
#5802=CARTESIAN_POINT('',(-0.00710620145261047,-0.0415322788144109,0.0183043624224596));
#5803=CARTESIAN_POINT('',(-0.00146545419836551,-0.0415322788144109,0.0173187973310828));
#5804=CARTESIAN_POINT('',(-0.00271545419836551,-0.0415322788144109,0.0173187973310828));
#5805=CARTESIAN_POINT('',(0.00302919329014386,-0.0415322788144109,0.0175382146367731));
#5806=CARTESIAN_POINT('',(0.00177919329014386,-0.0415322788144109,0.0175382146367731));
#5807=CARTESIAN_POINT('',(0.00730306591531412,-0.0415322788144109,0.0189467645236498));
#5808=CARTESIAN_POINT('',(0.00605306591531412,-0.0415322788144109,0.0189467645236498));
#5809=CARTESIAN_POINT('',(0.0110474364598786,-0.0415322788144109,0.0214426990630555));
#5810=CARTESIAN_POINT('',(0.00979743645987856,-0.0415322788144109,0.0214426990630555));
#5811=CARTESIAN_POINT('',(0.0139918267884265,-0.0415322788144109,0.0248457220710813));
#5812=CARTESIAN_POINT('',(0.0127418267884265,-0.0415322788144109,0.0248457220710813));
#5813=CARTESIAN_POINT('',(0.00846271466766499,-0.0415322788144109,0.048431017189072));
#5814=CARTESIAN_POINT('',(0.00721271466766499,-0.0415322788144109,0.048431017189072));
#5815=CARTESIAN_POINT('',(0.0146675047837666,-0.0415322788144109,0.0420249418086845));
#5816=CARTESIAN_POINT('',(0.0134175047837666,-0.0415322788144109,0.0420249418086845));
#5817=CARTESIAN_POINT('',(0.0119994859290885,-0.0415322788144109,0.0456487071696154));
#5818=CARTESIAN_POINT('',(0.0107494859290885,-0.0415322788144109,0.0456487071696154));
#5819=CARTESIAN_POINT('',(-0.0130222657312426,-0.0415322788144109,0.0445573318929656));
#5820=CARTESIAN_POINT('',(-0.0142722657312426,-0.0415322788144109,0.0445573318929656));
#5821=CARTESIAN_POINT('',(0.00431267300502367,-0.0415322788144109,0.050170889080431));
#5822=CARTESIAN_POINT('',(0.00306267300502367,-0.0415322788144109,0.050170889080431));
#5823=CARTESIAN_POINT('',(0.0162740443750847,-0.0415322788144109,0.0378214872125782));
#5824=CARTESIAN_POINT('',(0.0150240443750848,-0.0415322788144109,0.0378214872125782));
#5825=CARTESIAN_POINT('',(0.016703054801477,-0.0415322788144109,0.0333419838858637));
#5826=CARTESIAN_POINT('',(0.015453054801477,-0.0415322788144109,0.0333419838858637));
#5827=CARTESIAN_POINT('',(0.0159235460904443,-0.0415322788144109,0.0289100129733436));
#5828=CARTESIAN_POINT('',(0.0146735460904443,-0.0415322788144109,0.0289100129733436));
#5829=CARTESIAN_POINT('',(-0.00974117746679478,-0.0415322788144109,0.0476370169094734));
#5830=CARTESIAN_POINT('',(-0.0109911774667948,-0.0415322788144109,0.0476370169094734));
#5831=CARTESIAN_POINT('',(0.00513285082190043,-0.0415322788144109,0.044194594497547));
#5832=CARTESIAN_POINT('',(0.00388285082190043,-0.0415322788144109,0.044194594497547));
#5833=CARTESIAN_POINT('',(5.63930945824889E-18,-0.0415322788144109,0.042118311315775));
#5834=CARTESIAN_POINT('',(-0.00124999999999999,-0.0415322788144109,0.042118311315775));
#5835=CARTESIAN_POINT('',(5.63930945824889E-18,-0.0415322788144109,0.0247722007334233));
#5836=CARTESIAN_POINT('',(-0.00124999999999999,-0.0415322788144109,0.0247722007334233));
#5837=CARTESIAN_POINT('',(-0.0051108100451529,-0.0415322788144109,0.0230890102684498));
#5838=CARTESIAN_POINT('',(-0.0063608100451529,-0.0415322788144109,0.0230890102684498));
#5839=CARTESIAN_POINT('',(0.00607579410953536,-0.0415322788144109,0.0225398822050157));
#5840=CARTESIAN_POINT('',(0.00482579410953536,-0.0415322788144109,0.0225398822050157));
#5841=CARTESIAN_POINT('',(5.63930945824889E-18,-0.0415322788144109,0.0376183113157749));
#5842=CARTESIAN_POINT('',(-0.00124999999999999,-0.0415322788144109,0.0376183113157749));
#5843=CARTESIAN_POINT('',(0.0114815171766165,-0.0415322788144109,0.0367574315789808));
#5844=CARTESIAN_POINT('',(0.0102315171766165,-0.0415322788144109,0.0367574315789808));
#5845=CARTESIAN_POINT('',(0.00991384964507858,-0.0415322788144109,0.0262800528159159));
#5846=CARTESIAN_POINT('',(0.00866384964507858,-0.0415322788144109,0.0262800528159159));
#5847=CARTESIAN_POINT('',(0.012019743464983,-0.0415322788144109,0.0313795154349321));
#5848=CARTESIAN_POINT('',(0.010769743464983,-0.0415322788144109,0.0313795154349321));
#5849=CARTESIAN_POINT('',(0.00684152083674151,-0.0415322788144109,0.0335709808659998));
#5850=CARTESIAN_POINT('',(0.00559152083674151,-0.0415322788144109,0.0335709808659998));
#5851=CARTESIAN_POINT('',(-0.00463455727769763,-0.0415322788144109,0.0385809083821725));
#5852=CARTESIAN_POINT('',(-0.00588455727769763,-0.0415322788144109,0.0385809083821725));
#5853=CARTESIAN_POINT('',(5.63930945824889E-18,-0.0415322788144109,0.0331183113157749));
#5854=CARTESIAN_POINT('',(-0.00124999999999999,-0.0415322788144109,0.0331183113157749));
#5855=CARTESIAN_POINT('',(5.63930945824889E-18,-0.0415322788144109,0.0286183113157749));
#5856=CARTESIAN_POINT('',(-0.00124999999999999,-0.0415322788144109,0.0286183113157749));
#5857=CARTESIAN_POINT('',(-0.00504914941024116,-0.0415322788144109,0.0288522785897933));
#5858=CARTESIAN_POINT('',(-0.00629914941024116,-0.0415322788144109,0.0288522785897933));
#5859=CARTESIAN_POINT('',(-0.0153646365878846,-0.0415322788144109,0.0407150280567295));
#5860=CARTESIAN_POINT('',(-0.0166146365878846,-0.0415322788144109,0.0407150280567295));
#5861=CARTESIAN_POINT('',(-0.0153646365878846,-0.0371322788144109,0.0407150280567295));
#5862=CARTESIAN_POINT('',(-0.00504914941024116,-0.0371322788144109,0.0288522785897933));
#5863=CARTESIAN_POINT('',(5.04700820702359E-18,-0.0371322788144109,0.0286183113157749));
#5864=CARTESIAN_POINT('',(5.04700820702359E-18,-0.0371322788144109,0.0331183113157749));
#5865=CARTESIAN_POINT('',(-0.00463455727769764,-0.0371322788144109,0.0385809083821725));
#5866=CARTESIAN_POINT('',(0.00684152083674151,-0.0371322788144109,0.0335709808659998));
#5867=CARTESIAN_POINT('',(0.012019743464983,-0.0371322788144109,0.0313795154349321));
#5868=CARTESIAN_POINT('',(0.00991384964507858,-0.0371322788144109,0.0262800528159159));
#5869=CARTESIAN_POINT('',(0.0114815171766165,-0.0371322788144109,0.0367574315789808));
#5870=CARTESIAN_POINT('',(5.04700820702359E-18,-0.0371322788144109,0.0376183113157749));
#5871=CARTESIAN_POINT('',(0.00607579410953536,-0.0371322788144109,0.0225398822050157));
#5872=CARTESIAN_POINT('',(-0.0051108100451529,-0.0371322788144109,0.0230890102684498));
#5873=CARTESIAN_POINT('',(5.04700820702359E-18,-0.0371322788144109,0.0247722007334233));
#5874=CARTESIAN_POINT('',(5.04700820702359E-18,-0.0371322788144109,0.042118311315775));
#5875=CARTESIAN_POINT('',(0.00513285082190043,-0.0371322788144109,0.044194594497547));
#5876=CARTESIAN_POINT('',(-0.00974117746679478,-0.0371322788144109,0.0476370169094734));
#5877=CARTESIAN_POINT('',(0.0159235460904443,-0.0371322788144109,0.0289100129733436));
#5878=CARTESIAN_POINT('',(0.016703054801477,-0.0371322788144109,0.0333419838858637));
#5879=CARTESIAN_POINT('',(0.0162740443750847,-0.0371322788144109,0.0378214872125782));
#5880=CARTESIAN_POINT('',(0.00431267300502367,-0.0371322788144109,0.050170889080431));
#5881=CARTESIAN_POINT('',(-0.0130222657312426,-0.0371322788144109,0.0445573318929656));
#5882=CARTESIAN_POINT('',(0.0119994859290885,-0.0371322788144109,0.0456487071696154));
#5883=CARTESIAN_POINT('',(0.0146675047837666,-0.0371322788144109,0.0420249418086845));
#5884=CARTESIAN_POINT('',(0.00846271466766499,-0.0371322788144109,0.048431017189072));
#5885=CARTESIAN_POINT('',(0.0139918267884265,-0.0371322788144109,0.0248457220710813));
#5886=CARTESIAN_POINT('',(0.0110474364598786,-0.0371322788144109,0.0214426990630555));
#5887=CARTESIAN_POINT('',(0.00730306591531412,-0.0371322788144109,0.0189467645236498));
#5888=CARTESIAN_POINT('',(0.00302919329014386,-0.0371322788144109,0.0175382146367731));
#5889=CARTESIAN_POINT('',(-0.00146545419836551,-0.0371322788144109,0.0173187973310828));
#5890=CARTESIAN_POINT('',(-0.00585620145261047,-0.0371322788144109,0.0183043624224596));
#5891=CARTESIAN_POINT('',(-0.00982587870633704,-0.0371322788144109,0.0204237166876181));
#5892=CARTESIAN_POINT('',(-0.0130877325816434,-0.0371322788144109,0.0235237665736924));
#5893=CARTESIAN_POINT('',(-0.0166136285856724,-0.0371322788144109,0.0317155477922584));
#5894=CARTESIAN_POINT('',(-0.00676970127422081,-0.0371322788144109,0.0336854567087739));
#5895=CARTESIAN_POINT('',(-0.0118018956854939,-0.0371322788144109,0.0313401967287064));
#5896=CARTESIAN_POINT('',(-0.00923640187829733,-0.0371322788144109,0.0265212263911962));
#5897=CARTESIAN_POINT('',(-0.0167112973491549,-0.0371322788144109,0.0363155134911696));
#5898=CARTESIAN_POINT('',(-0.011420538648963,-0.0371322788144109,0.0366445258259774));
#5899=CARTESIAN_POINT('',(-0.0086817005649209,-0.0371322788144109,0.0412554815411568));
#5900=CARTESIAN_POINT('',(-0.00454929005354643,-0.0371322788144109,0.0441479422152042));
#5901=CARTESIAN_POINT('',(0.00877598209255415,-0.0371322788144109,0.0409009200854481));
#5902=CARTESIAN_POINT('',(5.04700820702359E-18,-0.0371322788144109,0.0208959765732288));
#5903=CARTESIAN_POINT('',(0.00463098767969369,-0.0371322788144109,0.0388220101255318));
#5904=CARTESIAN_POINT('',(-0.0154061399895017,-0.0371322788144109,0.0273805770553194));
#5905=CARTESIAN_POINT('',(5.04700820702359E-18,-0.0371322788144109,0.0466183113157749));
#5906=CARTESIAN_POINT('',(-0.000390806830472189,-0.0371322788144109,0.0507391482361554));
#5907=CARTESIAN_POINT('',(-0.00575838429779721,-0.0371322788144109,0.0497316191564373));
#5908=CARTESIAN_POINT('',(0.00501417346284869,-0.0371322788144109,0.029057207463286));
#5909=MECHANICAL_DESIGN_GEOMETRIC_PRESENTATION_REPRESENTATION('',(#3426),
#5910);
#5910=(
GEOMETRIC_REPRESENTATION_CONTEXT(3)
GLOBAL_UNCERTAINTY_ASSIGNED_CONTEXT((#5911))
GLOBAL_UNIT_ASSIGNED_CONTEXT((#5914,#5913,#5912))
REPRESENTATION_CONTEXT('Part 1088','TOP_LEVEL_ASSEMBLY_PART')
);
#5911=UNCERTAINTY_MEASURE_WITH_UNIT(LENGTH_MEASURE(2.E-5),#5914,
'DISTANCE_ACCURACY_VALUE','Maximum Tolerance applied to model');
#5912=(
NAMED_UNIT(*)
SI_UNIT($,.STERADIAN.)
SOLID_ANGLE_UNIT()
);
#5913=(
NAMED_UNIT(*)
PLANE_ANGLE_UNIT()
SI_UNIT($,.RADIAN.)
);
#5914=(
LENGTH_UNIT()
NAMED_UNIT(*)
SI_UNIT($,.METRE.)
);
#5915=PRODUCT_DEFINITION_SHAPE('','',#5916);
#5916=PRODUCT_DEFINITION('','',#5918,#5917);
#5917=PRODUCT_DEFINITION_CONTEXT('',#5924,'design');
#5918=PRODUCT_DEFINITION_FORMATION_WITH_SPECIFIED_SOURCE('','',#5920,
 .NOT_KNOWN.);
#5919=PRODUCT_RELATED_PRODUCT_CATEGORY('','',(#5920));
#5920=PRODUCT('Part 1088','Part 1088','Part 1088',(#5922));
#5921=PRODUCT_CATEGORY('','');
#5922=PRODUCT_CONTEXT('',#5924,'mechanical');
#5923=APPLICATION_PROTOCOL_DEFINITION('international standard',
'ap242_managed_model_based_3d_engineering',2020,#5924);
#5924=APPLICATION_CONTEXT('managed model based 3d engineering');
ENDSEC;
END-ISO-10303-21;
