ISO-10303-21;
HEADER;
/* Generated by software containing ST-Developer
 * from STEP Tools, Inc. (www.steptools.com) 
 */
/* OPTION: using custom renumber hook */

FILE_DESCRIPTION(
/* description */ ('STEP AP242 Edition 2',
'CAx-IF Rec.Pracs.---Representation and Presentation of Product Manufa
cturing Information (PMI)---4.0---2014-10-13',
'CAx-IF Rec.Pracs.---3D Tessellated Geometry---0.4---2014-09-14','2;1',
'CAx-IF Rec.Pracs.---User Defined Attributes---1.5---2016-08-15'),
/* implementation_level */ '2;1');

FILE_NAME(
/* name */ 'Part Studio 1 - Part 1087',
/* time_stamp */ '2026-04-11T19:22:25Z',
/* author */ (''),
/* organization */ (''),
/* preprocessor_version */ 'ST-DEVELOPER v20',
/* originating_system */ 'ONSHAPE BY PTC INC, 1.213',
/* authorisation */ '  ');

FILE_SCHEMA (('AP242_MANAGED_MODEL_BASED_3D_ENGINEERING_MIM_LF { 1 0 10303 442 3 1 4 }'));
ENDSEC;

DATA;
#10=SHAPE_REPRESENTATION_RELATIONSHIP('','',#1837,#11);
#11=ADVANCED_BREP_SHAPE_REPRESENTATION('',(#1835),#3189);
#12=TOROIDAL_SURFACE('',#2016,0.0159666295470958,0.001);
#13=TOROIDAL_SURFACE('',#2023,0.0159666295470958,0.001);
#14=TOROIDAL_SURFACE('',#2025,0.0159666295470958,0.001);
#15=TOROIDAL_SURFACE('',#2031,0.0159666295470958,0.001);
#16=TOROIDAL_SURFACE('',#2032,0.0159666295470958,0.001);
#17=TOROIDAL_SURFACE('',#2039,0.0159666295470958,0.001);
#18=TOROIDAL_SURFACE('',#2041,0.0159666295470958,0.001);
#19=TOROIDAL_SURFACE('',#2047,0.0159666295470958,0.001);
#20=SPHERICAL_SURFACE('',#1876,0.03);
#21=SPHERICAL_SURFACE('',#1881,0.03);
#22=SPHERICAL_SURFACE('',#1884,0.03);
#23=SPHERICAL_SURFACE('',#1888,0.03);
#24=PLANE('',#1849);
#25=PLANE('',#1890);
#26=PLANE('',#1910);
#27=PLANE('',#1911);
#28=PLANE('',#1917);
#29=PLANE('',#1918);
#30=PLANE('',#1924);
#31=PLANE('',#1925);
#32=PLANE('',#1931);
#33=PLANE('',#1932);
#34=PLANE('',#1936);
#35=PLANE('',#1937);
#36=PLANE('',#1938);
#37=PLANE('',#1939);
#38=PLANE('',#1941);
#39=PLANE('',#1942);
#40=PLANE('',#1943);
#41=PLANE('',#1944);
#42=PLANE('',#1949);
#43=PLANE('',#1952);
#44=PLANE('',#1955);
#45=PLANE('',#1958);
#46=PLANE('',#1965);
#47=PLANE('',#1966);
#48=PLANE('',#1969);
#49=PLANE('',#1972);
#50=PLANE('',#1975);
#51=PLANE('',#1982);
#52=PLANE('',#1985);
#53=PLANE('',#1988);
#54=PLANE('',#1991);
#55=PLANE('',#1994);
#56=PLANE('',#1998);
#57=PLANE('',#2002);
#58=PLANE('',#2006);
#59=PLANE('',#2010);
#60=PLANE('',#2011);
#61=PLANE('',#2050);
#62=PLANE('',#2051);
#63=PLANE('',#2052);
#64=PLANE('',#2053);
#65=PLANE('',#2054);
#66=PLANE('',#2055);
#67=PLANE('',#2056);
#68=PLANE('',#2057);
#69=LINE('',#2635,#189);
#70=LINE('',#2639,#190);
#71=LINE('',#2643,#191);
#72=LINE('',#2647,#192);
#73=LINE('',#2664,#193);
#74=LINE('',#2668,#194);
#75=LINE('',#2672,#195);
#76=LINE('',#2676,#196);
#77=LINE('',#2682,#197);
#78=LINE('',#2687,#198);
#79=LINE('',#2691,#199);
#80=LINE('',#2695,#200);
#81=LINE('',#2698,#201);
#82=LINE('',#2701,#202);
#83=LINE('',#2703,#203);
#84=LINE('',#2705,#204);
#85=LINE('',#2706,#205);
#86=LINE('',#2709,#206);
#87=LINE('',#2711,#207);
#88=LINE('',#2713,#208);
#89=LINE('',#2741,#209);
#90=LINE('',#2745,#210);
#91=LINE('',#2749,#211);
#92=LINE('',#2753,#212);
#93=LINE('',#2757,#213);
#94=LINE('',#2761,#214);
#95=LINE('',#2765,#215);
#96=LINE('',#2769,#216);
#97=LINE('',#2770,#217);
#98=LINE('',#2773,#218);
#99=LINE('',#2775,#219);
#100=LINE('',#2777,#220);
#101=LINE('',#2778,#221);
#102=LINE('',#2781,#222);
#103=LINE('',#2783,#223);
#104=LINE('',#2785,#224);
#105=LINE('',#2803,#225);
#106=LINE('',#2806,#226);
#107=LINE('',#2840,#227);
#108=LINE('',#2841,#228);
#109=LINE('',#2869,#229);
#110=LINE('',#2872,#230);
#111=LINE('',#2874,#231);
#112=LINE('',#2876,#232);
#113=LINE('',#2885,#233);
#114=LINE('',#2888,#234);
#115=LINE('',#2890,#235);
#116=LINE('',#2892,#236);
#117=LINE('',#2941,#237);
#118=LINE('',#2942,#238);
#119=LINE('',#2944,#239);
#120=LINE('',#2946,#240);
#121=LINE('',#2950,#241);
#122=LINE('',#2951,#242);
#123=LINE('',#2953,#243);
#124=LINE('',#2955,#244);
#125=LINE('',#2964,#245);
#126=LINE('',#2966,#246);
#127=LINE('',#2968,#247);
#128=LINE('',#2970,#248);
#129=LINE('',#2974,#249);
#130=LINE('',#2976,#250);
#131=LINE('',#2978,#251);
#132=LINE('',#2982,#252);
#133=LINE('',#2984,#253);
#134=LINE('',#2986,#254);
#135=LINE('',#2990,#255);
#136=LINE('',#2992,#256);
#137=LINE('',#3003,#257);
#138=LINE('',#3005,#258);
#139=LINE('',#3007,#259);
#140=LINE('',#3009,#260);
#141=LINE('',#3013,#261);
#142=LINE('',#3015,#262);
#143=LINE('',#3017,#263);
#144=LINE('',#3021,#264);
#145=LINE('',#3023,#265);
#146=LINE('',#3025,#266);
#147=LINE('',#3029,#267);
#148=LINE('',#3031,#268);
#149=LINE('',#3042,#269);
#150=LINE('',#3046,#270);
#151=LINE('',#3048,#271);
#152=LINE('',#3050,#272);
#153=LINE('',#3054,#273);
#154=LINE('',#3056,#274);
#155=LINE('',#3058,#275);
#156=LINE('',#3062,#276);
#157=LINE('',#3064,#277);
#158=LINE('',#3066,#278);
#159=LINE('',#3070,#279);
#160=LINE('',#3072,#280);
#161=LINE('',#3075,#281);
#162=LINE('',#3077,#282);
#163=LINE('',#3079,#283);
#164=LINE('',#3083,#284);
#165=LINE('',#3087,#285);
#166=LINE('',#3089,#286);
#167=LINE('',#3091,#287);
#168=LINE('',#3095,#288);
#169=LINE('',#3099,#289);
#170=LINE('',#3101,#290);
#171=LINE('',#3103,#291);
#172=LINE('',#3107,#292);
#173=LINE('',#3111,#293);
#174=LINE('',#3113,#294);
#175=LINE('',#3115,#295);
#176=LINE('',#3120,#296);
#177=LINE('',#3122,#297);
#178=LINE('',#3127,#298);
#179=LINE('',#3131,#299);
#180=LINE('',#3135,#300);
#181=LINE('',#3173,#301);
#182=LINE('',#3174,#302);
#183=LINE('',#3176,#303);
#184=LINE('',#3178,#304);
#185=LINE('',#3181,#305);
#186=LINE('',#3182,#306);
#187=LINE('',#3184,#307);
#188=LINE('',#3186,#308);
#189=VECTOR('',#2064,1.);
#190=VECTOR('',#2067,1.);
#191=VECTOR('',#2070,1.);
#192=VECTOR('',#2073,1.);
#193=VECTOR('',#2078,1.);
#194=VECTOR('',#2081,1.);
#195=VECTOR('',#2084,1.);
#196=VECTOR('',#2087,1.);
#197=VECTOR('',#2094,1.);
#198=VECTOR('',#2097,1.);
#199=VECTOR('',#2100,1.);
#200=VECTOR('',#2103,1.);
#201=VECTOR('',#2106,1.);
#202=VECTOR('',#2107,1.);
#203=VECTOR('',#2108,1.);
#204=VECTOR('',#2109,1.);
#205=VECTOR('',#2110,1.);
#206=VECTOR('',#2111,1.);
#207=VECTOR('',#2112,1.);
#208=VECTOR('',#2113,1.);
#209=VECTOR('',#2140,1.);
#210=VECTOR('',#2143,1.);
#211=VECTOR('',#2146,1.);
#212=VECTOR('',#2149,1.);
#213=VECTOR('',#2152,1.);
#214=VECTOR('',#2155,1.);
#215=VECTOR('',#2158,1.);
#216=VECTOR('',#2161,1.);
#217=VECTOR('',#2162,1.);
#218=VECTOR('',#2163,1.);
#219=VECTOR('',#2164,1.);
#220=VECTOR('',#2165,1.);
#221=VECTOR('',#2166,1.);
#222=VECTOR('',#2167,1.);
#223=VECTOR('',#2168,1.);
#224=VECTOR('',#2169,1.);
#225=VECTOR('',#2178,1.);
#226=VECTOR('',#2181,1.);
#227=VECTOR('',#2196,1.);
#228=VECTOR('',#2197,1.);
#229=VECTOR('',#2216,1.);
#230=VECTOR('',#2217,1.);
#231=VECTOR('',#2218,1.);
#232=VECTOR('',#2219,1.);
#233=VECTOR('',#2228,1.);
#234=VECTOR('',#2229,1.);
#235=VECTOR('',#2230,1.);
#236=VECTOR('',#2231,1.);
#237=VECTOR('',#2304,1.);
#238=VECTOR('',#2305,1.);
#239=VECTOR('',#2308,1.);
#240=VECTOR('',#2311,1.);
#241=VECTOR('',#2318,1.);
#242=VECTOR('',#2319,1.);
#243=VECTOR('',#2322,1.);
#244=VECTOR('',#2325,1.);
#245=VECTOR('',#2338,1.);
#246=VECTOR('',#2339,1.);
#247=VECTOR('',#2340,1.);
#248=VECTOR('',#2343,1.);
#249=VECTOR('',#2348,1.);
#250=VECTOR('',#2349,1.);
#251=VECTOR('',#2352,1.);
#252=VECTOR('',#2357,1.);
#253=VECTOR('',#2358,1.);
#254=VECTOR('',#2361,1.);
#255=VECTOR('',#2366,1.);
#256=VECTOR('',#2367,1.);
#257=VECTOR('',#2384,1.);
#258=VECTOR('',#2385,1.);
#259=VECTOR('',#2386,1.);
#260=VECTOR('',#2389,1.);
#261=VECTOR('',#2394,1.);
#262=VECTOR('',#2395,1.);
#263=VECTOR('',#2398,1.);
#264=VECTOR('',#2403,1.);
#265=VECTOR('',#2404,1.);
#266=VECTOR('',#2407,1.);
#267=VECTOR('',#2412,1.);
#268=VECTOR('',#2413,1.);
#269=VECTOR('',#2430,1.);
#270=VECTOR('',#2433,1.);
#271=VECTOR('',#2436,1.);
#272=VECTOR('',#2437,1.);
#273=VECTOR('',#2442,1.);
#274=VECTOR('',#2445,1.);
#275=VECTOR('',#2446,1.);
#276=VECTOR('',#2451,1.);
#277=VECTOR('',#2454,1.);
#278=VECTOR('',#2455,1.);
#279=VECTOR('',#2460,1.);
#280=VECTOR('',#2463,1.);
#281=VECTOR('',#2464,1.);
#282=VECTOR('',#2465,1.);
#283=VECTOR('',#2466,1.);
#284=VECTOR('',#2471,1.);
#285=VECTOR('',#2476,1.);
#286=VECTOR('',#2477,1.);
#287=VECTOR('',#2478,1.);
#288=VECTOR('',#2483,1.);
#289=VECTOR('',#2488,1.);
#290=VECTOR('',#2489,1.);
#291=VECTOR('',#2490,1.);
#292=VECTOR('',#2495,1.);
#293=VECTOR('',#2500,1.);
#294=VECTOR('',#2501,1.);
#295=VECTOR('',#2502,1.);
#296=VECTOR('',#2511,1.);
#297=VECTOR('',#2514,1.);
#298=VECTOR('',#2517,1.);
#299=VECTOR('',#2520,1.);
#300=VECTOR('',#2523,1.);
#301=VECTOR('',#2596,1.);
#302=VECTOR('',#2597,1.);
#303=VECTOR('',#2600,1.);
#304=VECTOR('',#2603,1.);
#305=VECTOR('',#2608,1.);
#306=VECTOR('',#2609,1.);
#307=VECTOR('',#2612,1.);
#308=VECTOR('',#2615,1.);
#309=CIRCLE('',#1840,0.03);
#310=CIRCLE('',#1841,0.03);
#311=CIRCLE('',#1842,0.03);
#312=CIRCLE('',#1843,0.03);
#313=CIRCLE('',#1845,0.03);
#314=CIRCLE('',#1846,0.03);
#315=CIRCLE('',#1847,0.03);
#316=CIRCLE('',#1848,0.03);
#317=CIRCLE('',#1850,0.0014);
#318=CIRCLE('',#1851,0.0014);
#319=CIRCLE('',#1852,0.0159666295470958);
#320=CIRCLE('',#1853,0.0159666295470958);
#321=CIRCLE('',#1854,0.0159666295470958);
#322=CIRCLE('',#1855,0.0159666295470958);
#323=CIRCLE('',#1856,0.0014);
#324=CIRCLE('',#1857,0.0014);
#325=CIRCLE('',#1858,0.0014);
#326=CIRCLE('',#1859,0.0014);
#327=CIRCLE('',#1860,0.0029);
#328=CIRCLE('',#1861,0.0029);
#329=CIRCLE('',#1862,0.0029);
#330=CIRCLE('',#1863,0.0029);
#331=CIRCLE('',#1864,0.001);
#332=CIRCLE('',#1865,0.001);
#333=CIRCLE('',#1866,0.001);
#334=CIRCLE('',#1867,0.001);
#335=CIRCLE('',#1868,0.016);
#336=CIRCLE('',#1869,0.004);
#337=CIRCLE('',#1870,0.016);
#338=CIRCLE('',#1871,0.004);
#339=CIRCLE('',#1872,0.016);
#340=CIRCLE('',#1873,0.004);
#341=CIRCLE('',#1874,0.016);
#342=CIRCLE('',#1875,0.004);
#343=CIRCLE('',#1877,0.0139666295470958);
#344=CIRCLE('',#1878,0.03);
#345=CIRCLE('',#1880,0.03);
#346=CIRCLE('',#1882,0.03);
#347=CIRCLE('',#1883,0.0139666295470958);
#348=CIRCLE('',#1885,0.0139666295470958);
#349=CIRCLE('',#1887,0.03);
#350=CIRCLE('',#1889,0.0139666295470958);
#351=CIRCLE('',#1891,0.002);
#352=CIRCLE('',#1892,0.002);
#353=CIRCLE('',#1893,0.002);
#354=CIRCLE('',#1894,0.002);
#355=CIRCLE('',#1895,0.0135);
#356=CIRCLE('',#1896,0.0135);
#357=CIRCLE('',#1897,0.001);
#358=CIRCLE('',#1898,0.001);
#359=CIRCLE('',#1899,0.001);
#360=CIRCLE('',#1900,0.001);
#361=CIRCLE('',#1906,0.0014);
#362=CIRCLE('',#1907,0.0014);
#363=CIRCLE('',#1909,0.0029);
#364=CIRCLE('',#1913,0.0014);
#365=CIRCLE('',#1914,0.0014);
#366=CIRCLE('',#1916,0.0029);
#367=CIRCLE('',#1920,0.0014);
#368=CIRCLE('',#1921,0.0014);
#369=CIRCLE('',#1923,0.0029);
#370=CIRCLE('',#1927,0.0014);
#371=CIRCLE('',#1928,0.0014);
#372=CIRCLE('',#1930,0.0029);
#373=CIRCLE('',#1946,0.0135);
#374=CIRCLE('',#1948,0.0135);
#375=CIRCLE('',#1951,0.016);
#376=CIRCLE('',#1954,0.004);
#377=CIRCLE('',#1957,0.016);
#378=CIRCLE('',#1960,0.002);
#379=CIRCLE('',#1962,0.002);
#380=CIRCLE('',#1964,0.004);
#381=CIRCLE('',#1968,0.016);
#382=CIRCLE('',#1971,0.004);
#383=CIRCLE('',#1974,0.016);
#384=CIRCLE('',#1977,0.002);
#385=CIRCLE('',#1979,0.002);
#386=CIRCLE('',#1981,0.004);
#387=CIRCLE('',#1984,0.0139666295470958);
#388=CIRCLE('',#1987,0.0139666295470958);
#389=CIRCLE('',#1990,0.0139666295470958);
#390=CIRCLE('',#1993,0.0139666295470958);
#391=CIRCLE('',#1996,0.0169666295470958);
#392=CIRCLE('',#1997,0.0169666295470958);
#393=CIRCLE('',#2000,0.0169666295470958);
#394=CIRCLE('',#2001,0.0169666295470958);
#395=CIRCLE('',#2004,0.0169666295470958);
#396=CIRCLE('',#2005,0.0169666295470958);
#397=CIRCLE('',#2008,0.0169666295470958);
#398=CIRCLE('',#2009,0.0169666295470958);
#399=CIRCLE('',#2012,0.0159666295470958);
#400=CIRCLE('',#2013,0.0159666295470958);
#401=CIRCLE('',#2014,0.0159666295470958);
#402=CIRCLE('',#2015,0.0159666295470958);
#403=CIRCLE('',#2017,0.001);
#404=CIRCLE('',#2018,0.001);
#405=CIRCLE('',#2020,0.001);
#406=CIRCLE('',#2022,0.001);
#407=CIRCLE('',#2024,0.001);
#408=CIRCLE('',#2026,0.001);
#409=CIRCLE('',#2028,0.001);
#410=CIRCLE('',#2030,0.001);
#411=CIRCLE('',#2033,0.001);
#412=CIRCLE('',#2034,0.001);
#413=CIRCLE('',#2036,0.001);
#414=CIRCLE('',#2038,0.001);
#415=CIRCLE('',#2040,0.001);
#416=CIRCLE('',#2042,0.001);
#417=CIRCLE('',#2044,0.001);
#418=CIRCLE('',#2046,0.001);
#419=ORIENTED_EDGE('',*,*,#891,.F.);
#420=ORIENTED_EDGE('',*,*,#892,.F.);
#421=ORIENTED_EDGE('',*,*,#893,.T.);
#422=ORIENTED_EDGE('',*,*,#894,.T.);
#423=ORIENTED_EDGE('',*,*,#895,.F.);
#424=ORIENTED_EDGE('',*,*,#896,.T.);
#425=ORIENTED_EDGE('',*,*,#897,.T.);
#426=ORIENTED_EDGE('',*,*,#898,.F.);
#427=ORIENTED_EDGE('',*,*,#899,.F.);
#428=ORIENTED_EDGE('',*,*,#900,.F.);
#429=ORIENTED_EDGE('',*,*,#901,.T.);
#430=ORIENTED_EDGE('',*,*,#902,.T.);
#431=ORIENTED_EDGE('',*,*,#903,.F.);
#432=ORIENTED_EDGE('',*,*,#904,.F.);
#433=ORIENTED_EDGE('',*,*,#905,.T.);
#434=ORIENTED_EDGE('',*,*,#906,.T.);
#435=ORIENTED_EDGE('',*,*,#907,.F.);
#436=ORIENTED_EDGE('',*,*,#908,.F.);
#437=ORIENTED_EDGE('',*,*,#909,.F.);
#438=ORIENTED_EDGE('',*,*,#910,.F.);
#439=ORIENTED_EDGE('',*,*,#911,.T.);
#440=ORIENTED_EDGE('',*,*,#912,.T.);
#441=ORIENTED_EDGE('',*,*,#913,.T.);
#442=ORIENTED_EDGE('',*,*,#914,.T.);
#443=ORIENTED_EDGE('',*,*,#915,.T.);
#444=ORIENTED_EDGE('',*,*,#916,.T.);
#445=ORIENTED_EDGE('',*,*,#917,.T.);
#446=ORIENTED_EDGE('',*,*,#918,.T.);
#447=ORIENTED_EDGE('',*,*,#919,.F.);
#448=ORIENTED_EDGE('',*,*,#920,.T.);
#449=ORIENTED_EDGE('',*,*,#921,.T.);
#450=ORIENTED_EDGE('',*,*,#922,.T.);
#451=ORIENTED_EDGE('',*,*,#923,.F.);
#452=ORIENTED_EDGE('',*,*,#924,.T.);
#453=ORIENTED_EDGE('',*,*,#925,.T.);
#454=ORIENTED_EDGE('',*,*,#926,.T.);
#455=ORIENTED_EDGE('',*,*,#927,.F.);
#456=ORIENTED_EDGE('',*,*,#928,.F.);
#457=ORIENTED_EDGE('',*,*,#929,.F.);
#458=ORIENTED_EDGE('',*,*,#930,.F.);
#459=ORIENTED_EDGE('',*,*,#931,.F.);
#460=ORIENTED_EDGE('',*,*,#932,.F.);
#461=ORIENTED_EDGE('',*,*,#933,.F.);
#462=ORIENTED_EDGE('',*,*,#934,.F.);
#463=ORIENTED_EDGE('',*,*,#935,.F.);
#464=ORIENTED_EDGE('',*,*,#936,.F.);
#465=ORIENTED_EDGE('',*,*,#937,.F.);
#466=ORIENTED_EDGE('',*,*,#938,.F.);
#467=ORIENTED_EDGE('',*,*,#939,.F.);
#468=ORIENTED_EDGE('',*,*,#940,.F.);
#469=ORIENTED_EDGE('',*,*,#941,.F.);
#470=ORIENTED_EDGE('',*,*,#942,.F.);
#471=ORIENTED_EDGE('',*,*,#943,.F.);
#472=ORIENTED_EDGE('',*,*,#944,.F.);
#473=ORIENTED_EDGE('',*,*,#945,.F.);
#474=ORIENTED_EDGE('',*,*,#946,.F.);
#475=ORIENTED_EDGE('',*,*,#947,.F.);
#476=ORIENTED_EDGE('',*,*,#948,.F.);
#477=ORIENTED_EDGE('',*,*,#949,.F.);
#478=ORIENTED_EDGE('',*,*,#950,.F.);
#479=ORIENTED_EDGE('',*,*,#951,.F.);
#480=ORIENTED_EDGE('',*,*,#952,.F.);
#481=ORIENTED_EDGE('',*,*,#953,.F.);
#482=ORIENTED_EDGE('',*,*,#954,.F.);
#483=ORIENTED_EDGE('',*,*,#955,.F.);
#484=ORIENTED_EDGE('',*,*,#956,.T.);
#485=ORIENTED_EDGE('',*,*,#957,.T.);
#486=ORIENTED_EDGE('',*,*,#958,.F.);
#487=ORIENTED_EDGE('',*,*,#959,.F.);
#488=ORIENTED_EDGE('',*,*,#960,.T.);
#489=ORIENTED_EDGE('',*,*,#961,.T.);
#490=ORIENTED_EDGE('',*,*,#962,.F.);
#491=ORIENTED_EDGE('',*,*,#963,.F.);
#492=ORIENTED_EDGE('',*,*,#894,.F.);
#493=ORIENTED_EDGE('',*,*,#964,.T.);
#494=ORIENTED_EDGE('',*,*,#965,.F.);
#495=ORIENTED_EDGE('',*,*,#965,.T.);
#496=ORIENTED_EDGE('',*,*,#966,.T.);
#497=ORIENTED_EDGE('',*,*,#967,.F.);
#498=ORIENTED_EDGE('',*,*,#968,.F.);
#499=ORIENTED_EDGE('',*,*,#969,.F.);
#500=ORIENTED_EDGE('',*,*,#970,.F.);
#501=ORIENTED_EDGE('',*,*,#971,.T.);
#502=ORIENTED_EDGE('',*,*,#892,.T.);
#503=ORIENTED_EDGE('',*,*,#972,.F.);
#504=ORIENTED_EDGE('',*,*,#967,.T.);
#505=ORIENTED_EDGE('',*,*,#973,.T.);
#506=ORIENTED_EDGE('',*,*,#901,.F.);
#507=ORIENTED_EDGE('',*,*,#974,.F.);
#508=ORIENTED_EDGE('',*,*,#975,.T.);
#509=ORIENTED_EDGE('',*,*,#970,.T.);
#510=ORIENTED_EDGE('',*,*,#976,.F.);
#511=ORIENTED_EDGE('',*,*,#977,.F.);
#512=ORIENTED_EDGE('',*,*,#903,.T.);
#513=ORIENTED_EDGE('',*,*,#978,.T.);
#514=ORIENTED_EDGE('',*,*,#974,.T.);
#515=ORIENTED_EDGE('',*,*,#979,.F.);
#516=ORIENTED_EDGE('',*,*,#980,.F.);
#517=ORIENTED_EDGE('',*,*,#981,.F.);
#518=ORIENTED_EDGE('',*,*,#982,.F.);
#519=ORIENTED_EDGE('',*,*,#983,.T.);
#520=ORIENTED_EDGE('',*,*,#984,.T.);
#521=ORIENTED_EDGE('',*,*,#985,.F.);
#522=ORIENTED_EDGE('',*,*,#986,.T.);
#523=ORIENTED_EDGE('',*,*,#987,.F.);
#524=ORIENTED_EDGE('',*,*,#988,.F.);
#525=ORIENTED_EDGE('',*,*,#989,.T.);
#526=ORIENTED_EDGE('',*,*,#990,.T.);
#527=ORIENTED_EDGE('',*,*,#991,.T.);
#528=ORIENTED_EDGE('',*,*,#904,.T.);
#529=ORIENTED_EDGE('',*,*,#976,.T.);
#530=ORIENTED_EDGE('',*,*,#895,.T.);
#531=ORIENTED_EDGE('',*,*,#968,.T.);
#532=ORIENTED_EDGE('',*,*,#992,.T.);
#533=ORIENTED_EDGE('',*,*,#993,.F.);
#534=ORIENTED_EDGE('',*,*,#994,.T.);
#535=ORIENTED_EDGE('',*,*,#995,.F.);
#536=ORIENTED_EDGE('',*,*,#996,.F.);
#537=ORIENTED_EDGE('',*,*,#977,.T.);
#538=ORIENTED_EDGE('',*,*,#930,.T.);
#539=ORIENTED_EDGE('',*,*,#972,.T.);
#540=ORIENTED_EDGE('',*,*,#929,.T.);
#541=ORIENTED_EDGE('',*,*,#969,.T.);
#542=ORIENTED_EDGE('',*,*,#927,.T.);
#543=ORIENTED_EDGE('',*,*,#963,.T.);
#544=ORIENTED_EDGE('',*,*,#928,.T.);
#545=ORIENTED_EDGE('',*,*,#997,.T.);
#546=ORIENTED_EDGE('',*,*,#998,.T.);
#547=ORIENTED_EDGE('',*,*,#999,.F.);
#548=ORIENTED_EDGE('',*,*,#931,.T.);
#549=ORIENTED_EDGE('',*,*,#997,.F.);
#550=ORIENTED_EDGE('',*,*,#999,.T.);
#551=ORIENTED_EDGE('',*,*,#998,.F.);
#552=ORIENTED_EDGE('',*,*,#1000,.T.);
#553=ORIENTED_EDGE('',*,*,#1001,.T.);
#554=ORIENTED_EDGE('',*,*,#1002,.F.);
#555=ORIENTED_EDGE('',*,*,#932,.T.);
#556=ORIENTED_EDGE('',*,*,#1000,.F.);
#557=ORIENTED_EDGE('',*,*,#1002,.T.);
#558=ORIENTED_EDGE('',*,*,#1001,.F.);
#559=ORIENTED_EDGE('',*,*,#1003,.T.);
#560=ORIENTED_EDGE('',*,*,#1004,.T.);
#561=ORIENTED_EDGE('',*,*,#1005,.F.);
#562=ORIENTED_EDGE('',*,*,#933,.T.);
#563=ORIENTED_EDGE('',*,*,#1003,.F.);
#564=ORIENTED_EDGE('',*,*,#1005,.T.);
#565=ORIENTED_EDGE('',*,*,#1004,.F.);
#566=ORIENTED_EDGE('',*,*,#1006,.T.);
#567=ORIENTED_EDGE('',*,*,#1007,.T.);
#568=ORIENTED_EDGE('',*,*,#1008,.F.);
#569=ORIENTED_EDGE('',*,*,#934,.T.);
#570=ORIENTED_EDGE('',*,*,#1006,.F.);
#571=ORIENTED_EDGE('',*,*,#1008,.T.);
#572=ORIENTED_EDGE('',*,*,#1007,.F.);
#573=ORIENTED_EDGE('',*,*,#935,.T.);
#574=ORIENTED_EDGE('',*,*,#991,.F.);
#575=ORIENTED_EDGE('',*,*,#936,.T.);
#576=ORIENTED_EDGE('',*,*,#990,.F.);
#577=ORIENTED_EDGE('',*,*,#937,.T.);
#578=ORIENTED_EDGE('',*,*,#989,.F.);
#579=ORIENTED_EDGE('',*,*,#985,.T.);
#580=ORIENTED_EDGE('',*,*,#1009,.T.);
#581=ORIENTED_EDGE('',*,*,#924,.F.);
#582=ORIENTED_EDGE('',*,*,#1010,.F.);
#583=ORIENTED_EDGE('',*,*,#1010,.T.);
#584=ORIENTED_EDGE('',*,*,#923,.T.);
#585=ORIENTED_EDGE('',*,*,#1011,.F.);
#586=ORIENTED_EDGE('',*,*,#986,.F.);
#587=ORIENTED_EDGE('',*,*,#987,.T.);
#588=ORIENTED_EDGE('',*,*,#1011,.T.);
#589=ORIENTED_EDGE('',*,*,#926,.F.);
#590=ORIENTED_EDGE('',*,*,#1012,.F.);
#591=ORIENTED_EDGE('',*,*,#988,.T.);
#592=ORIENTED_EDGE('',*,*,#1012,.T.);
#593=ORIENTED_EDGE('',*,*,#925,.F.);
#594=ORIENTED_EDGE('',*,*,#1009,.F.);
#595=ORIENTED_EDGE('',*,*,#938,.T.);
#596=ORIENTED_EDGE('',*,*,#992,.F.);
#597=ORIENTED_EDGE('',*,*,#993,.T.);
#598=ORIENTED_EDGE('',*,*,#1013,.T.);
#599=ORIENTED_EDGE('',*,*,#920,.F.);
#600=ORIENTED_EDGE('',*,*,#1014,.F.);
#601=ORIENTED_EDGE('',*,*,#1014,.T.);
#602=ORIENTED_EDGE('',*,*,#919,.T.);
#603=ORIENTED_EDGE('',*,*,#1015,.F.);
#604=ORIENTED_EDGE('',*,*,#994,.F.);
#605=ORIENTED_EDGE('',*,*,#995,.T.);
#606=ORIENTED_EDGE('',*,*,#1015,.T.);
#607=ORIENTED_EDGE('',*,*,#922,.F.);
#608=ORIENTED_EDGE('',*,*,#1016,.F.);
#609=ORIENTED_EDGE('',*,*,#996,.T.);
#610=ORIENTED_EDGE('',*,*,#1016,.T.);
#611=ORIENTED_EDGE('',*,*,#921,.F.);
#612=ORIENTED_EDGE('',*,*,#1013,.F.);
#613=ORIENTED_EDGE('',*,*,#984,.F.);
#614=ORIENTED_EDGE('',*,*,#1017,.T.);
#615=ORIENTED_EDGE('',*,*,#983,.F.);
#616=ORIENTED_EDGE('',*,*,#1018,.T.);
#617=ORIENTED_EDGE('',*,*,#940,.T.);
#618=ORIENTED_EDGE('',*,*,#1019,.F.);
#619=ORIENTED_EDGE('',*,*,#1020,.F.);
#620=ORIENTED_EDGE('',*,*,#1021,.T.);
#621=ORIENTED_EDGE('',*,*,#939,.T.);
#622=ORIENTED_EDGE('',*,*,#1022,.F.);
#623=ORIENTED_EDGE('',*,*,#1023,.F.);
#624=ORIENTED_EDGE('',*,*,#1019,.T.);
#625=ORIENTED_EDGE('',*,*,#946,.T.);
#626=ORIENTED_EDGE('',*,*,#1024,.F.);
#627=ORIENTED_EDGE('',*,*,#1025,.F.);
#628=ORIENTED_EDGE('',*,*,#1022,.T.);
#629=ORIENTED_EDGE('',*,*,#945,.T.);
#630=ORIENTED_EDGE('',*,*,#1026,.F.);
#631=ORIENTED_EDGE('',*,*,#1027,.F.);
#632=ORIENTED_EDGE('',*,*,#1024,.T.);
#633=ORIENTED_EDGE('',*,*,#944,.T.);
#634=ORIENTED_EDGE('',*,*,#1028,.F.);
#635=ORIENTED_EDGE('',*,*,#1029,.F.);
#636=ORIENTED_EDGE('',*,*,#1026,.T.);
#637=ORIENTED_EDGE('',*,*,#943,.T.);
#638=ORIENTED_EDGE('',*,*,#1030,.F.);
#639=ORIENTED_EDGE('',*,*,#1031,.F.);
#640=ORIENTED_EDGE('',*,*,#1028,.T.);
#641=ORIENTED_EDGE('',*,*,#942,.T.);
#642=ORIENTED_EDGE('',*,*,#1032,.F.);
#643=ORIENTED_EDGE('',*,*,#1033,.F.);
#644=ORIENTED_EDGE('',*,*,#1030,.T.);
#645=ORIENTED_EDGE('',*,*,#1034,.T.);
#646=ORIENTED_EDGE('',*,*,#982,.T.);
#647=ORIENTED_EDGE('',*,*,#1035,.T.);
#648=ORIENTED_EDGE('',*,*,#979,.T.);
#649=ORIENTED_EDGE('',*,*,#941,.T.);
#650=ORIENTED_EDGE('',*,*,#1021,.F.);
#651=ORIENTED_EDGE('',*,*,#1036,.F.);
#652=ORIENTED_EDGE('',*,*,#1032,.T.);
#653=ORIENTED_EDGE('',*,*,#1018,.F.);
#654=ORIENTED_EDGE('',*,*,#1035,.F.);
#655=ORIENTED_EDGE('',*,*,#1034,.F.);
#656=ORIENTED_EDGE('',*,*,#1020,.T.);
#657=ORIENTED_EDGE('',*,*,#1023,.T.);
#658=ORIENTED_EDGE('',*,*,#1025,.T.);
#659=ORIENTED_EDGE('',*,*,#1027,.T.);
#660=ORIENTED_EDGE('',*,*,#1029,.T.);
#661=ORIENTED_EDGE('',*,*,#1031,.T.);
#662=ORIENTED_EDGE('',*,*,#1033,.T.);
#663=ORIENTED_EDGE('',*,*,#1036,.T.);
#664=ORIENTED_EDGE('',*,*,#948,.T.);
#665=ORIENTED_EDGE('',*,*,#1037,.F.);
#666=ORIENTED_EDGE('',*,*,#1038,.F.);
#667=ORIENTED_EDGE('',*,*,#1039,.T.);
#668=ORIENTED_EDGE('',*,*,#947,.T.);
#669=ORIENTED_EDGE('',*,*,#1040,.F.);
#670=ORIENTED_EDGE('',*,*,#1041,.F.);
#671=ORIENTED_EDGE('',*,*,#1037,.T.);
#672=ORIENTED_EDGE('',*,*,#954,.T.);
#673=ORIENTED_EDGE('',*,*,#1042,.F.);
#674=ORIENTED_EDGE('',*,*,#1043,.F.);
#675=ORIENTED_EDGE('',*,*,#1040,.T.);
#676=ORIENTED_EDGE('',*,*,#953,.T.);
#677=ORIENTED_EDGE('',*,*,#1044,.F.);
#678=ORIENTED_EDGE('',*,*,#1045,.F.);
#679=ORIENTED_EDGE('',*,*,#1042,.T.);
#680=ORIENTED_EDGE('',*,*,#952,.T.);
#681=ORIENTED_EDGE('',*,*,#1046,.F.);
#682=ORIENTED_EDGE('',*,*,#1047,.F.);
#683=ORIENTED_EDGE('',*,*,#1044,.T.);
#684=ORIENTED_EDGE('',*,*,#951,.T.);
#685=ORIENTED_EDGE('',*,*,#1048,.F.);
#686=ORIENTED_EDGE('',*,*,#1049,.F.);
#687=ORIENTED_EDGE('',*,*,#1046,.T.);
#688=ORIENTED_EDGE('',*,*,#950,.T.);
#689=ORIENTED_EDGE('',*,*,#1050,.F.);
#690=ORIENTED_EDGE('',*,*,#1051,.F.);
#691=ORIENTED_EDGE('',*,*,#1048,.T.);
#692=ORIENTED_EDGE('',*,*,#1052,.T.);
#693=ORIENTED_EDGE('',*,*,#980,.T.);
#694=ORIENTED_EDGE('',*,*,#1053,.T.);
#695=ORIENTED_EDGE('',*,*,#981,.T.);
#696=ORIENTED_EDGE('',*,*,#949,.T.);
#697=ORIENTED_EDGE('',*,*,#1039,.F.);
#698=ORIENTED_EDGE('',*,*,#1054,.F.);
#699=ORIENTED_EDGE('',*,*,#1050,.T.);
#700=ORIENTED_EDGE('',*,*,#1017,.F.);
#701=ORIENTED_EDGE('',*,*,#1053,.F.);
#702=ORIENTED_EDGE('',*,*,#1052,.F.);
#703=ORIENTED_EDGE('',*,*,#1038,.T.);
#704=ORIENTED_EDGE('',*,*,#1041,.T.);
#705=ORIENTED_EDGE('',*,*,#1043,.T.);
#706=ORIENTED_EDGE('',*,*,#1045,.T.);
#707=ORIENTED_EDGE('',*,*,#1047,.T.);
#708=ORIENTED_EDGE('',*,*,#1049,.T.);
#709=ORIENTED_EDGE('',*,*,#1051,.T.);
#710=ORIENTED_EDGE('',*,*,#1054,.T.);
#711=ORIENTED_EDGE('',*,*,#978,.F.);
#712=ORIENTED_EDGE('',*,*,#1055,.F.);
#713=ORIENTED_EDGE('',*,*,#1056,.F.);
#714=ORIENTED_EDGE('',*,*,#1057,.T.);
#715=ORIENTED_EDGE('',*,*,#975,.F.);
#716=ORIENTED_EDGE('',*,*,#1057,.F.);
#717=ORIENTED_EDGE('',*,*,#1058,.F.);
#718=ORIENTED_EDGE('',*,*,#1059,.T.);
#719=ORIENTED_EDGE('',*,*,#971,.F.);
#720=ORIENTED_EDGE('',*,*,#1059,.F.);
#721=ORIENTED_EDGE('',*,*,#1060,.F.);
#722=ORIENTED_EDGE('',*,*,#1061,.T.);
#723=ORIENTED_EDGE('',*,*,#893,.F.);
#724=ORIENTED_EDGE('',*,*,#1061,.F.);
#725=ORIENTED_EDGE('',*,*,#1062,.F.);
#726=ORIENTED_EDGE('',*,*,#1063,.T.);
#727=ORIENTED_EDGE('',*,*,#964,.F.);
#728=ORIENTED_EDGE('',*,*,#1063,.F.);
#729=ORIENTED_EDGE('',*,*,#1064,.F.);
#730=ORIENTED_EDGE('',*,*,#1065,.T.);
#731=ORIENTED_EDGE('',*,*,#966,.F.);
#732=ORIENTED_EDGE('',*,*,#1065,.F.);
#733=ORIENTED_EDGE('',*,*,#1066,.F.);
#734=ORIENTED_EDGE('',*,*,#1067,.T.);
#735=ORIENTED_EDGE('',*,*,#973,.F.);
#736=ORIENTED_EDGE('',*,*,#1067,.F.);
#737=ORIENTED_EDGE('',*,*,#1068,.F.);
#738=ORIENTED_EDGE('',*,*,#1069,.T.);
#739=ORIENTED_EDGE('',*,*,#1070,.F.);
#740=ORIENTED_EDGE('',*,*,#1071,.T.);
#741=ORIENTED_EDGE('',*,*,#1072,.T.);
#742=ORIENTED_EDGE('',*,*,#1073,.T.);
#743=ORIENTED_EDGE('',*,*,#1072,.F.);
#744=ORIENTED_EDGE('',*,*,#1074,.T.);
#745=ORIENTED_EDGE('',*,*,#1075,.T.);
#746=ORIENTED_EDGE('',*,*,#1076,.T.);
#747=ORIENTED_EDGE('',*,*,#1075,.F.);
#748=ORIENTED_EDGE('',*,*,#1077,.T.);
#749=ORIENTED_EDGE('',*,*,#1078,.T.);
#750=ORIENTED_EDGE('',*,*,#1079,.T.);
#751=ORIENTED_EDGE('',*,*,#1078,.F.);
#752=ORIENTED_EDGE('',*,*,#1080,.T.);
#753=ORIENTED_EDGE('',*,*,#1081,.T.);
#754=ORIENTED_EDGE('',*,*,#1082,.T.);
#755=ORIENTED_EDGE('',*,*,#1081,.F.);
#756=ORIENTED_EDGE('',*,*,#1083,.T.);
#757=ORIENTED_EDGE('',*,*,#1084,.T.);
#758=ORIENTED_EDGE('',*,*,#1085,.T.);
#759=ORIENTED_EDGE('',*,*,#1084,.F.);
#760=ORIENTED_EDGE('',*,*,#1086,.T.);
#761=ORIENTED_EDGE('',*,*,#1087,.T.);
#762=ORIENTED_EDGE('',*,*,#1088,.T.);
#763=ORIENTED_EDGE('',*,*,#1087,.F.);
#764=ORIENTED_EDGE('',*,*,#1089,.T.);
#765=ORIENTED_EDGE('',*,*,#1090,.T.);
#766=ORIENTED_EDGE('',*,*,#1091,.T.);
#767=ORIENTED_EDGE('',*,*,#1090,.F.);
#768=ORIENTED_EDGE('',*,*,#1092,.T.);
#769=ORIENTED_EDGE('',*,*,#1070,.T.);
#770=ORIENTED_EDGE('',*,*,#1093,.T.);
#771=ORIENTED_EDGE('',*,*,#902,.F.);
#772=ORIENTED_EDGE('',*,*,#1069,.F.);
#773=ORIENTED_EDGE('',*,*,#1094,.F.);
#774=ORIENTED_EDGE('',*,*,#1055,.T.);
#775=ORIENTED_EDGE('',*,*,#1095,.T.);
#776=ORIENTED_EDGE('',*,*,#1096,.T.);
#777=ORIENTED_EDGE('',*,*,#1097,.T.);
#778=ORIENTED_EDGE('',*,*,#1098,.T.);
#779=ORIENTED_EDGE('',*,*,#1099,.T.);
#780=ORIENTED_EDGE('',*,*,#1100,.T.);
#781=ORIENTED_EDGE('',*,*,#1101,.T.);
#782=ORIENTED_EDGE('',*,*,#1102,.T.);
#783=ORIENTED_EDGE('',*,*,#1056,.T.);
#784=ORIENTED_EDGE('',*,*,#1094,.T.);
#785=ORIENTED_EDGE('',*,*,#1068,.T.);
#786=ORIENTED_EDGE('',*,*,#1066,.T.);
#787=ORIENTED_EDGE('',*,*,#1064,.T.);
#788=ORIENTED_EDGE('',*,*,#1062,.T.);
#789=ORIENTED_EDGE('',*,*,#1060,.T.);
#790=ORIENTED_EDGE('',*,*,#1058,.T.);
#791=ORIENTED_EDGE('',*,*,#1103,.F.);
#792=ORIENTED_EDGE('',*,*,#1100,.F.);
#793=ORIENTED_EDGE('',*,*,#1104,.F.);
#794=ORIENTED_EDGE('',*,*,#1080,.F.);
#795=ORIENTED_EDGE('',*,*,#1104,.T.);
#796=ORIENTED_EDGE('',*,*,#1099,.F.);
#797=ORIENTED_EDGE('',*,*,#1105,.F.);
#798=ORIENTED_EDGE('',*,*,#1083,.F.);
#799=ORIENTED_EDGE('',*,*,#1103,.T.);
#800=ORIENTED_EDGE('',*,*,#1077,.F.);
#801=ORIENTED_EDGE('',*,*,#1106,.F.);
#802=ORIENTED_EDGE('',*,*,#1101,.F.);
#803=ORIENTED_EDGE('',*,*,#1105,.T.);
#804=ORIENTED_EDGE('',*,*,#1098,.F.);
#805=ORIENTED_EDGE('',*,*,#1107,.F.);
#806=ORIENTED_EDGE('',*,*,#1086,.F.);
#807=ORIENTED_EDGE('',*,*,#1106,.T.);
#808=ORIENTED_EDGE('',*,*,#1074,.F.);
#809=ORIENTED_EDGE('',*,*,#1108,.F.);
#810=ORIENTED_EDGE('',*,*,#1102,.F.);
#811=ORIENTED_EDGE('',*,*,#1107,.T.);
#812=ORIENTED_EDGE('',*,*,#1097,.F.);
#813=ORIENTED_EDGE('',*,*,#1109,.F.);
#814=ORIENTED_EDGE('',*,*,#1089,.F.);
#815=ORIENTED_EDGE('',*,*,#1108,.T.);
#816=ORIENTED_EDGE('',*,*,#1071,.F.);
#817=ORIENTED_EDGE('',*,*,#1110,.F.);
#818=ORIENTED_EDGE('',*,*,#1095,.F.);
#819=ORIENTED_EDGE('',*,*,#1109,.T.);
#820=ORIENTED_EDGE('',*,*,#1096,.F.);
#821=ORIENTED_EDGE('',*,*,#1110,.T.);
#822=ORIENTED_EDGE('',*,*,#1092,.F.);
#823=ORIENTED_EDGE('',*,*,#1111,.F.);
#824=ORIENTED_EDGE('',*,*,#1082,.F.);
#825=ORIENTED_EDGE('',*,*,#1112,.F.);
#826=ORIENTED_EDGE('',*,*,#916,.F.);
#827=ORIENTED_EDGE('',*,*,#1112,.T.);
#828=ORIENTED_EDGE('',*,*,#1085,.F.);
#829=ORIENTED_EDGE('',*,*,#1113,.F.);
#830=ORIENTED_EDGE('',*,*,#917,.F.);
#831=ORIENTED_EDGE('',*,*,#1111,.T.);
#832=ORIENTED_EDGE('',*,*,#915,.F.);
#833=ORIENTED_EDGE('',*,*,#1114,.F.);
#834=ORIENTED_EDGE('',*,*,#1079,.F.);
#835=ORIENTED_EDGE('',*,*,#1113,.T.);
#836=ORIENTED_EDGE('',*,*,#1088,.F.);
#837=ORIENTED_EDGE('',*,*,#1115,.F.);
#838=ORIENTED_EDGE('',*,*,#918,.F.);
#839=ORIENTED_EDGE('',*,*,#1114,.T.);
#840=ORIENTED_EDGE('',*,*,#914,.F.);
#841=ORIENTED_EDGE('',*,*,#1116,.F.);
#842=ORIENTED_EDGE('',*,*,#1076,.F.);
#843=ORIENTED_EDGE('',*,*,#1115,.T.);
#844=ORIENTED_EDGE('',*,*,#1091,.F.);
#845=ORIENTED_EDGE('',*,*,#1117,.F.);
#846=ORIENTED_EDGE('',*,*,#911,.F.);
#847=ORIENTED_EDGE('',*,*,#1116,.T.);
#848=ORIENTED_EDGE('',*,*,#913,.F.);
#849=ORIENTED_EDGE('',*,*,#1118,.F.);
#850=ORIENTED_EDGE('',*,*,#1073,.F.);
#851=ORIENTED_EDGE('',*,*,#1117,.T.);
#852=ORIENTED_EDGE('',*,*,#1093,.F.);
#853=ORIENTED_EDGE('',*,*,#1118,.T.);
#854=ORIENTED_EDGE('',*,*,#912,.F.);
#855=ORIENTED_EDGE('',*,*,#891,.T.);
#856=ORIENTED_EDGE('',*,*,#910,.T.);
#857=ORIENTED_EDGE('',*,*,#900,.T.);
#858=ORIENTED_EDGE('',*,*,#909,.T.);
#859=ORIENTED_EDGE('',*,*,#1119,.T.);
#860=ORIENTED_EDGE('',*,*,#956,.F.);
#861=ORIENTED_EDGE('',*,*,#1120,.F.);
#862=ORIENTED_EDGE('',*,*,#906,.F.);
#863=ORIENTED_EDGE('',*,*,#907,.T.);
#864=ORIENTED_EDGE('',*,*,#1120,.T.);
#865=ORIENTED_EDGE('',*,*,#955,.T.);
#866=ORIENTED_EDGE('',*,*,#1121,.F.);
#867=ORIENTED_EDGE('',*,*,#908,.T.);
#868=ORIENTED_EDGE('',*,*,#1121,.T.);
#869=ORIENTED_EDGE('',*,*,#958,.T.);
#870=ORIENTED_EDGE('',*,*,#1122,.F.);
#871=ORIENTED_EDGE('',*,*,#1122,.T.);
#872=ORIENTED_EDGE('',*,*,#957,.F.);
#873=ORIENTED_EDGE('',*,*,#1119,.F.);
#874=ORIENTED_EDGE('',*,*,#905,.F.);
#875=ORIENTED_EDGE('',*,*,#1123,.T.);
#876=ORIENTED_EDGE('',*,*,#960,.F.);
#877=ORIENTED_EDGE('',*,*,#1124,.F.);
#878=ORIENTED_EDGE('',*,*,#897,.F.);
#879=ORIENTED_EDGE('',*,*,#898,.T.);
#880=ORIENTED_EDGE('',*,*,#1124,.T.);
#881=ORIENTED_EDGE('',*,*,#959,.T.);
#882=ORIENTED_EDGE('',*,*,#1125,.F.);
#883=ORIENTED_EDGE('',*,*,#899,.T.);
#884=ORIENTED_EDGE('',*,*,#1125,.T.);
#885=ORIENTED_EDGE('',*,*,#962,.T.);
#886=ORIENTED_EDGE('',*,*,#1126,.F.);
#887=ORIENTED_EDGE('',*,*,#1126,.T.);
#888=ORIENTED_EDGE('',*,*,#961,.F.);
#889=ORIENTED_EDGE('',*,*,#1123,.F.);
#890=ORIENTED_EDGE('',*,*,#896,.F.);
#891=EDGE_CURVE('',#1127,#1127,#1291,.T.);
#892=EDGE_CURVE('',#1128,#1129,#309,.T.);
#893=EDGE_CURVE('',#1128,#1130,#69,.F.);
#894=EDGE_CURVE('',#1130,#1131,#310,.T.);
#895=EDGE_CURVE('',#1129,#1131,#70,.T.);
#896=EDGE_CURVE('',#1132,#1133,#311,.F.);
#897=EDGE_CURVE('',#1133,#1134,#71,.T.);
#898=EDGE_CURVE('',#1135,#1134,#312,.F.);
#899=EDGE_CURVE('',#1132,#1135,#72,.T.);
#900=EDGE_CURVE('',#1136,#1136,#1292,.T.);
#901=EDGE_CURVE('',#1137,#1138,#313,.T.);
#902=EDGE_CURVE('',#1138,#1139,#73,.F.);
#903=EDGE_CURVE('',#1140,#1139,#314,.T.);
#904=EDGE_CURVE('',#1137,#1140,#74,.F.);
#905=EDGE_CURVE('',#1141,#1142,#315,.F.);
#906=EDGE_CURVE('',#1142,#1143,#75,.T.);
#907=EDGE_CURVE('',#1144,#1143,#316,.F.);
#908=EDGE_CURVE('',#1141,#1144,#76,.T.);
#909=EDGE_CURVE('',#1145,#1145,#317,.T.);
#910=EDGE_CURVE('',#1146,#1146,#318,.T.);
#911=EDGE_CURVE('',#1147,#1148,#77,.T.);
#912=EDGE_CURVE('',#1148,#1149,#319,.T.);
#913=EDGE_CURVE('',#1149,#1150,#78,.T.);
#914=EDGE_CURVE('',#1150,#1151,#320,.T.);
#915=EDGE_CURVE('',#1151,#1152,#79,.T.);
#916=EDGE_CURVE('',#1152,#1153,#321,.T.);
#917=EDGE_CURVE('',#1153,#1154,#80,.T.);
#918=EDGE_CURVE('',#1154,#1147,#322,.T.);
#919=EDGE_CURVE('',#1155,#1156,#81,.T.);
#920=EDGE_CURVE('',#1155,#1157,#82,.T.);
#921=EDGE_CURVE('',#1157,#1158,#83,.T.);
#922=EDGE_CURVE('',#1158,#1156,#84,.T.);
#923=EDGE_CURVE('',#1159,#1160,#85,.T.);
#924=EDGE_CURVE('',#1159,#1161,#86,.T.);
#925=EDGE_CURVE('',#1161,#1162,#87,.T.);
#926=EDGE_CURVE('',#1162,#1160,#88,.T.);
#927=EDGE_CURVE('',#1163,#1163,#323,.T.);
#928=EDGE_CURVE('',#1164,#1164,#324,.T.);
#929=EDGE_CURVE('',#1165,#1165,#325,.T.);
#930=EDGE_CURVE('',#1166,#1166,#326,.T.);
#931=EDGE_CURVE('',#1167,#1167,#327,.T.);
#932=EDGE_CURVE('',#1168,#1168,#328,.T.);
#933=EDGE_CURVE('',#1169,#1169,#329,.T.);
#934=EDGE_CURVE('',#1170,#1170,#330,.T.);
#935=EDGE_CURVE('',#1171,#1171,#331,.T.);
#936=EDGE_CURVE('',#1172,#1172,#332,.T.);
#937=EDGE_CURVE('',#1173,#1173,#333,.T.);
#938=EDGE_CURVE('',#1174,#1174,#334,.T.);
#939=EDGE_CURVE('',#1175,#1176,#335,.T.);
#940=EDGE_CURVE('',#1177,#1175,#89,.T.);
#941=EDGE_CURVE('',#1178,#1177,#336,.T.);
#942=EDGE_CURVE('',#1179,#1178,#90,.T.);
#943=EDGE_CURVE('',#1180,#1179,#337,.T.);
#944=EDGE_CURVE('',#1181,#1180,#91,.T.);
#945=EDGE_CURVE('',#1182,#1181,#338,.T.);
#946=EDGE_CURVE('',#1176,#1182,#92,.T.);
#947=EDGE_CURVE('',#1183,#1184,#339,.T.);
#948=EDGE_CURVE('',#1185,#1183,#93,.T.);
#949=EDGE_CURVE('',#1186,#1185,#340,.T.);
#950=EDGE_CURVE('',#1187,#1186,#94,.T.);
#951=EDGE_CURVE('',#1188,#1187,#341,.T.);
#952=EDGE_CURVE('',#1189,#1188,#95,.T.);
#953=EDGE_CURVE('',#1190,#1189,#342,.T.);
#954=EDGE_CURVE('',#1184,#1190,#96,.T.);
#955=EDGE_CURVE('',#1191,#1192,#97,.T.);
#956=EDGE_CURVE('',#1191,#1193,#98,.T.);
#957=EDGE_CURVE('',#1193,#1194,#99,.T.);
#958=EDGE_CURVE('',#1192,#1194,#100,.T.);
#959=EDGE_CURVE('',#1195,#1196,#101,.T.);
#960=EDGE_CURVE('',#1195,#1197,#102,.T.);
#961=EDGE_CURVE('',#1197,#1198,#103,.T.);
#962=EDGE_CURVE('',#1196,#1198,#104,.T.);
#963=EDGE_CURVE('',#1199,#1199,#1293,.T.);
#964=EDGE_CURVE('',#1130,#1200,#343,.F.);
#965=EDGE_CURVE('',#1131,#1200,#344,.T.);
#966=EDGE_CURVE('',#1200,#1201,#105,.F.);
#967=EDGE_CURVE('',#1137,#1201,#345,.T.);
#968=EDGE_CURVE('',#1131,#1137,#106,.F.);
#969=EDGE_CURVE('',#1202,#1202,#1294,.T.);
#970=EDGE_CURVE('',#1203,#1129,#346,.T.);
#971=EDGE_CURVE('',#1203,#1128,#347,.F.);
#972=EDGE_CURVE('',#1204,#1204,#1295,.T.);
#973=EDGE_CURVE('',#1201,#1138,#348,.F.);
#974=EDGE_CURVE('',#1205,#1140,#349,.T.);
#975=EDGE_CURVE('',#1205,#1203,#107,.F.);
#976=EDGE_CURVE('',#1140,#1129,#108,.T.);
#977=EDGE_CURVE('',#1206,#1206,#1296,.T.);
#978=EDGE_CURVE('',#1139,#1205,#350,.F.);
#979=EDGE_CURVE('',#1207,#1207,#351,.F.);
#980=EDGE_CURVE('',#1208,#1208,#352,.F.);
#981=EDGE_CURVE('',#1209,#1209,#353,.F.);
#982=EDGE_CURVE('',#1210,#1210,#354,.F.);
#983=EDGE_CURVE('',#1211,#1211,#355,.T.);
#984=EDGE_CURVE('',#1212,#1212,#356,.T.);
#985=EDGE_CURVE('',#1213,#1214,#109,.T.);
#986=EDGE_CURVE('',#1213,#1215,#110,.T.);
#987=EDGE_CURVE('',#1216,#1215,#111,.T.);
#988=EDGE_CURVE('',#1214,#1216,#112,.T.);
#989=EDGE_CURVE('',#1217,#1217,#357,.T.);
#990=EDGE_CURVE('',#1218,#1218,#358,.T.);
#991=EDGE_CURVE('',#1219,#1219,#359,.T.);
#992=EDGE_CURVE('',#1220,#1220,#360,.T.);
#993=EDGE_CURVE('',#1221,#1222,#113,.T.);
#994=EDGE_CURVE('',#1221,#1223,#114,.T.);
#995=EDGE_CURVE('',#1224,#1223,#115,.T.);
#996=EDGE_CURVE('',#1222,#1224,#116,.T.);
#997=EDGE_CURVE('',#1225,#1225,#361,.T.);
#998=EDGE_CURVE('',#1226,#1226,#362,.F.);
#999=EDGE_CURVE('',#1227,#1227,#363,.T.);
#1000=EDGE_CURVE('',#1228,#1228,#364,.T.);
#1001=EDGE_CURVE('',#1229,#1229,#365,.F.);
#1002=EDGE_CURVE('',#1230,#1230,#366,.T.);
#1003=EDGE_CURVE('',#1231,#1231,#367,.T.);
#1004=EDGE_CURVE('',#1232,#1232,#368,.F.);
#1005=EDGE_CURVE('',#1233,#1233,#369,.T.);
#1006=EDGE_CURVE('',#1234,#1234,#370,.T.);
#1007=EDGE_CURVE('',#1235,#1235,#371,.F.);
#1008=EDGE_CURVE('',#1236,#1236,#372,.T.);
#1009=EDGE_CURVE('',#1214,#1161,#117,.T.);
#1010=EDGE_CURVE('',#1213,#1159,#118,.T.);
#1011=EDGE_CURVE('',#1215,#1160,#119,.T.);
#1012=EDGE_CURVE('',#1216,#1162,#120,.T.);
#1013=EDGE_CURVE('',#1222,#1157,#121,.T.);
#1014=EDGE_CURVE('',#1221,#1155,#122,.T.);
#1015=EDGE_CURVE('',#1223,#1156,#123,.T.);
#1016=EDGE_CURVE('',#1224,#1158,#124,.T.);
#1017=EDGE_CURVE('',#1237,#1237,#373,.T.);
#1018=EDGE_CURVE('',#1238,#1238,#374,.T.);
#1019=EDGE_CURVE('',#1239,#1175,#125,.T.);
#1020=EDGE_CURVE('',#1240,#1239,#126,.T.);
#1021=EDGE_CURVE('',#1240,#1177,#127,.T.);
#1022=EDGE_CURVE('',#1241,#1176,#128,.T.);
#1023=EDGE_CURVE('',#1239,#1241,#375,.T.);
#1024=EDGE_CURVE('',#1242,#1182,#129,.T.);
#1025=EDGE_CURVE('',#1241,#1242,#130,.T.);
#1026=EDGE_CURVE('',#1243,#1181,#131,.T.);
#1027=EDGE_CURVE('',#1242,#1243,#376,.T.);
#1028=EDGE_CURVE('',#1244,#1180,#132,.T.);
#1029=EDGE_CURVE('',#1243,#1244,#133,.T.);
#1030=EDGE_CURVE('',#1245,#1179,#134,.T.);
#1031=EDGE_CURVE('',#1244,#1245,#377,.T.);
#1032=EDGE_CURVE('',#1246,#1178,#135,.T.);
#1033=EDGE_CURVE('',#1245,#1246,#136,.T.);
#1034=EDGE_CURVE('',#1247,#1247,#378,.T.);
#1035=EDGE_CURVE('',#1248,#1248,#379,.T.);
#1036=EDGE_CURVE('',#1246,#1240,#380,.T.);
#1037=EDGE_CURVE('',#1249,#1183,#137,.T.);
#1038=EDGE_CURVE('',#1250,#1249,#138,.T.);
#1039=EDGE_CURVE('',#1250,#1185,#139,.T.);
#1040=EDGE_CURVE('',#1251,#1184,#140,.T.);
#1041=EDGE_CURVE('',#1249,#1251,#381,.T.);
#1042=EDGE_CURVE('',#1252,#1190,#141,.T.);
#1043=EDGE_CURVE('',#1251,#1252,#142,.T.);
#1044=EDGE_CURVE('',#1253,#1189,#143,.T.);
#1045=EDGE_CURVE('',#1252,#1253,#382,.T.);
#1046=EDGE_CURVE('',#1254,#1188,#144,.T.);
#1047=EDGE_CURVE('',#1253,#1254,#145,.T.);
#1048=EDGE_CURVE('',#1255,#1187,#146,.T.);
#1049=EDGE_CURVE('',#1254,#1255,#383,.T.);
#1050=EDGE_CURVE('',#1256,#1186,#147,.T.);
#1051=EDGE_CURVE('',#1255,#1256,#148,.T.);
#1052=EDGE_CURVE('',#1257,#1257,#384,.T.);
#1053=EDGE_CURVE('',#1258,#1258,#385,.T.);
#1054=EDGE_CURVE('',#1256,#1250,#386,.T.);
#1055=EDGE_CURVE('',#1259,#1139,#149,.T.);
#1056=EDGE_CURVE('',#1260,#1259,#387,.T.);
#1057=EDGE_CURVE('',#1260,#1205,#150,.T.);
#1058=EDGE_CURVE('',#1261,#1260,#151,.T.);
#1059=EDGE_CURVE('',#1261,#1203,#152,.T.);
#1060=EDGE_CURVE('',#1262,#1261,#388,.T.);
#1061=EDGE_CURVE('',#1262,#1128,#153,.T.);
#1062=EDGE_CURVE('',#1263,#1262,#154,.T.);
#1063=EDGE_CURVE('',#1263,#1130,#155,.T.);
#1064=EDGE_CURVE('',#1264,#1263,#389,.T.);
#1065=EDGE_CURVE('',#1264,#1200,#156,.T.);
#1066=EDGE_CURVE('',#1265,#1264,#157,.T.);
#1067=EDGE_CURVE('',#1265,#1201,#158,.T.);
#1068=EDGE_CURVE('',#1266,#1265,#390,.T.);
#1069=EDGE_CURVE('',#1266,#1138,#159,.T.);
#1070=EDGE_CURVE('',#1267,#1268,#160,.T.);
#1071=EDGE_CURVE('',#1267,#1269,#161,.T.);
#1072=EDGE_CURVE('',#1269,#1270,#162,.T.);
#1073=EDGE_CURVE('',#1270,#1268,#163,.F.);
#1074=EDGE_CURVE('',#1269,#1271,#391,.T.);
#1075=EDGE_CURVE('',#1271,#1272,#164,.T.);
#1076=EDGE_CURVE('',#1272,#1270,#392,.F.);
#1077=EDGE_CURVE('',#1271,#1273,#165,.T.);
#1078=EDGE_CURVE('',#1273,#1274,#166,.T.);
#1079=EDGE_CURVE('',#1274,#1272,#167,.F.);
#1080=EDGE_CURVE('',#1273,#1275,#393,.T.);
#1081=EDGE_CURVE('',#1275,#1276,#168,.T.);
#1082=EDGE_CURVE('',#1276,#1274,#394,.F.);
#1083=EDGE_CURVE('',#1275,#1277,#169,.T.);
#1084=EDGE_CURVE('',#1277,#1278,#170,.T.);
#1085=EDGE_CURVE('',#1278,#1276,#171,.F.);
#1086=EDGE_CURVE('',#1277,#1279,#395,.T.);
#1087=EDGE_CURVE('',#1279,#1280,#172,.T.);
#1088=EDGE_CURVE('',#1280,#1278,#396,.F.);
#1089=EDGE_CURVE('',#1279,#1281,#173,.T.);
#1090=EDGE_CURVE('',#1281,#1282,#174,.T.);
#1091=EDGE_CURVE('',#1282,#1280,#175,.F.);
#1092=EDGE_CURVE('',#1281,#1267,#397,.T.);
#1093=EDGE_CURVE('',#1268,#1282,#398,.F.);
#1094=EDGE_CURVE('',#1259,#1266,#176,.T.);
#1095=EDGE_CURVE('',#1283,#1284,#177,.F.);
#1096=EDGE_CURVE('',#1284,#1285,#399,.F.);
#1097=EDGE_CURVE('',#1285,#1286,#178,.F.);
#1098=EDGE_CURVE('',#1286,#1287,#400,.F.);
#1099=EDGE_CURVE('',#1287,#1288,#179,.F.);
#1100=EDGE_CURVE('',#1288,#1289,#401,.F.);
#1101=EDGE_CURVE('',#1289,#1290,#180,.F.);
#1102=EDGE_CURVE('',#1290,#1283,#402,.F.);
#1103=EDGE_CURVE('',#1289,#1273,#403,.T.);
#1104=EDGE_CURVE('',#1275,#1288,#404,.T.);
#1105=EDGE_CURVE('',#1277,#1287,#405,.T.);
#1106=EDGE_CURVE('',#1290,#1271,#406,.T.);
#1107=EDGE_CURVE('',#1279,#1286,#407,.T.);
#1108=EDGE_CURVE('',#1283,#1269,#408,.T.);
#1109=EDGE_CURVE('',#1281,#1285,#409,.T.);
#1110=EDGE_CURVE('',#1284,#1267,#410,.T.);
#1111=EDGE_CURVE('',#1274,#1152,#411,.T.);
#1112=EDGE_CURVE('',#1153,#1276,#412,.T.);
#1113=EDGE_CURVE('',#1154,#1278,#413,.T.);
#1114=EDGE_CURVE('',#1272,#1151,#414,.T.);
#1115=EDGE_CURVE('',#1147,#1280,#415,.T.);
#1116=EDGE_CURVE('',#1270,#1150,#416,.T.);
#1117=EDGE_CURVE('',#1148,#1282,#417,.T.);
#1118=EDGE_CURVE('',#1268,#1149,#418,.T.);
#1119=EDGE_CURVE('',#1142,#1193,#181,.T.);
#1120=EDGE_CURVE('',#1143,#1191,#182,.T.);
#1121=EDGE_CURVE('',#1144,#1192,#183,.T.);
#1122=EDGE_CURVE('',#1141,#1194,#184,.T.);
#1123=EDGE_CURVE('',#1133,#1197,#185,.T.);
#1124=EDGE_CURVE('',#1134,#1195,#186,.T.);
#1125=EDGE_CURVE('',#1135,#1196,#187,.T.);
#1126=EDGE_CURVE('',#1132,#1198,#188,.T.);
#1127=VERTEX_POINT('',#2631);
#1128=VERTEX_POINT('',#2633);
#1129=VERTEX_POINT('',#2634);
#1130=VERTEX_POINT('',#2636);
#1131=VERTEX_POINT('',#2638);
#1132=VERTEX_POINT('',#2641);
#1133=VERTEX_POINT('',#2642);
#1134=VERTEX_POINT('',#2644);
#1135=VERTEX_POINT('',#2646);
#1136=VERTEX_POINT('',#2660);
#1137=VERTEX_POINT('',#2662);
#1138=VERTEX_POINT('',#2663);
#1139=VERTEX_POINT('',#2665);
#1140=VERTEX_POINT('',#2667);
#1141=VERTEX_POINT('',#2670);
#1142=VERTEX_POINT('',#2671);
#1143=VERTEX_POINT('',#2673);
#1144=VERTEX_POINT('',#2675);
#1145=VERTEX_POINT('',#2679);
#1146=VERTEX_POINT('',#2681);
#1147=VERTEX_POINT('',#2683);
#1148=VERTEX_POINT('',#2684);
#1149=VERTEX_POINT('',#2686);
#1150=VERTEX_POINT('',#2688);
#1151=VERTEX_POINT('',#2690);
#1152=VERTEX_POINT('',#2692);
#1153=VERTEX_POINT('',#2694);
#1154=VERTEX_POINT('',#2696);
#1155=VERTEX_POINT('',#2699);
#1156=VERTEX_POINT('',#2700);
#1157=VERTEX_POINT('',#2702);
#1158=VERTEX_POINT('',#2704);
#1159=VERTEX_POINT('',#2707);
#1160=VERTEX_POINT('',#2708);
#1161=VERTEX_POINT('',#2710);
#1162=VERTEX_POINT('',#2712);
#1163=VERTEX_POINT('',#2715);
#1164=VERTEX_POINT('',#2717);
#1165=VERTEX_POINT('',#2719);
#1166=VERTEX_POINT('',#2721);
#1167=VERTEX_POINT('',#2723);
#1168=VERTEX_POINT('',#2725);
#1169=VERTEX_POINT('',#2727);
#1170=VERTEX_POINT('',#2729);
#1171=VERTEX_POINT('',#2731);
#1172=VERTEX_POINT('',#2733);
#1173=VERTEX_POINT('',#2735);
#1174=VERTEX_POINT('',#2737);
#1175=VERTEX_POINT('',#2739);
#1176=VERTEX_POINT('',#2740);
#1177=VERTEX_POINT('',#2742);
#1178=VERTEX_POINT('',#2744);
#1179=VERTEX_POINT('',#2746);
#1180=VERTEX_POINT('',#2748);
#1181=VERTEX_POINT('',#2750);
#1182=VERTEX_POINT('',#2752);
#1183=VERTEX_POINT('',#2755);
#1184=VERTEX_POINT('',#2756);
#1185=VERTEX_POINT('',#2758);
#1186=VERTEX_POINT('',#2760);
#1187=VERTEX_POINT('',#2762);
#1188=VERTEX_POINT('',#2764);
#1189=VERTEX_POINT('',#2766);
#1190=VERTEX_POINT('',#2768);
#1191=VERTEX_POINT('',#2771);
#1192=VERTEX_POINT('',#2772);
#1193=VERTEX_POINT('',#2774);
#1194=VERTEX_POINT('',#2776);
#1195=VERTEX_POINT('',#2779);
#1196=VERTEX_POINT('',#2780);
#1197=VERTEX_POINT('',#2782);
#1198=VERTEX_POINT('',#2784);
#1199=VERTEX_POINT('',#2798);
#1200=VERTEX_POINT('',#2800);
#1201=VERTEX_POINT('',#2804);
#1202=VERTEX_POINT('',#2819);
#1203=VERTEX_POINT('',#2821);
#1204=VERTEX_POINT('',#2835);
#1205=VERTEX_POINT('',#2839);
#1206=VERTEX_POINT('',#2854);
#1207=VERTEX_POINT('',#2858);
#1208=VERTEX_POINT('',#2860);
#1209=VERTEX_POINT('',#2862);
#1210=VERTEX_POINT('',#2864);
#1211=VERTEX_POINT('',#2866);
#1212=VERTEX_POINT('',#2868);
#1213=VERTEX_POINT('',#2870);
#1214=VERTEX_POINT('',#2871);
#1215=VERTEX_POINT('',#2873);
#1216=VERTEX_POINT('',#2875);
#1217=VERTEX_POINT('',#2878);
#1218=VERTEX_POINT('',#2880);
#1219=VERTEX_POINT('',#2882);
#1220=VERTEX_POINT('',#2884);
#1221=VERTEX_POINT('',#2886);
#1222=VERTEX_POINT('',#2887);
#1223=VERTEX_POINT('',#2889);
#1224=VERTEX_POINT('',#2891);
#1225=VERTEX_POINT('',#2899);
#1226=VERTEX_POINT('',#2901);
#1227=VERTEX_POINT('',#2904);
#1228=VERTEX_POINT('',#2909);
#1229=VERTEX_POINT('',#2911);
#1230=VERTEX_POINT('',#2914);
#1231=VERTEX_POINT('',#2919);
#1232=VERTEX_POINT('',#2921);
#1233=VERTEX_POINT('',#2924);
#1234=VERTEX_POINT('',#2929);
#1235=VERTEX_POINT('',#2931);
#1236=VERTEX_POINT('',#2934);
#1237=VERTEX_POINT('',#2959);
#1238=VERTEX_POINT('',#2962);
#1239=VERTEX_POINT('',#2965);
#1240=VERTEX_POINT('',#2967);
#1241=VERTEX_POINT('',#2971);
#1242=VERTEX_POINT('',#2975);
#1243=VERTEX_POINT('',#2979);
#1244=VERTEX_POINT('',#2983);
#1245=VERTEX_POINT('',#2987);
#1246=VERTEX_POINT('',#2991);
#1247=VERTEX_POINT('',#2995);
#1248=VERTEX_POINT('',#2998);
#1249=VERTEX_POINT('',#3004);
#1250=VERTEX_POINT('',#3006);
#1251=VERTEX_POINT('',#3010);
#1252=VERTEX_POINT('',#3014);
#1253=VERTEX_POINT('',#3018);
#1254=VERTEX_POINT('',#3022);
#1255=VERTEX_POINT('',#3026);
#1256=VERTEX_POINT('',#3030);
#1257=VERTEX_POINT('',#3034);
#1258=VERTEX_POINT('',#3037);
#1259=VERTEX_POINT('',#3043);
#1260=VERTEX_POINT('',#3045);
#1261=VERTEX_POINT('',#3049);
#1262=VERTEX_POINT('',#3053);
#1263=VERTEX_POINT('',#3057);
#1264=VERTEX_POINT('',#3061);
#1265=VERTEX_POINT('',#3065);
#1266=VERTEX_POINT('',#3069);
#1267=VERTEX_POINT('',#3073);
#1268=VERTEX_POINT('',#3074);
#1269=VERTEX_POINT('',#3076);
#1270=VERTEX_POINT('',#3078);
#1271=VERTEX_POINT('',#3082);
#1272=VERTEX_POINT('',#3084);
#1273=VERTEX_POINT('',#3088);
#1274=VERTEX_POINT('',#3090);
#1275=VERTEX_POINT('',#3094);
#1276=VERTEX_POINT('',#3096);
#1277=VERTEX_POINT('',#3100);
#1278=VERTEX_POINT('',#3102);
#1279=VERTEX_POINT('',#3106);
#1280=VERTEX_POINT('',#3108);
#1281=VERTEX_POINT('',#3112);
#1282=VERTEX_POINT('',#3114);
#1283=VERTEX_POINT('',#3123);
#1284=VERTEX_POINT('',#3124);
#1285=VERTEX_POINT('',#3126);
#1286=VERTEX_POINT('',#3128);
#1287=VERTEX_POINT('',#3130);
#1288=VERTEX_POINT('',#3132);
#1289=VERTEX_POINT('',#3134);
#1290=VERTEX_POINT('',#3136);
#1291=B_SPLINE_CURVE_WITH_KNOTS('',3,(#2620,#2621,#2622,#2623,#2624,#2625,
#2626,#2627,#2628,#2629,#2630),.UNSPECIFIED.,.T.,.F.,(1,1,1,1,1,1,1,1,1,
1,1,1,1,1,1),(-0.00328772019874686,-0.00219181346583124,-0.00109590673291562,
0.,0.00109590673291562,0.00219181346583124,0.00328772019874686,0.00438362693166248,
0.0054795336645781,0.00657544039749372,0.00767134713040934,0.00876725386332496,
0.00986316059624058,0.0109590673291562,0.0120549740620718),
 .UNSPECIFIED.);
#1292=B_SPLINE_CURVE_WITH_KNOTS('',3,(#2649,#2650,#2651,#2652,#2653,#2654,
#2655,#2656,#2657,#2658,#2659),.UNSPECIFIED.,.T.,.F.,(1,1,1,1,1,1,1,1,1,
1,1,1,1,1,1),(-0.00338980753069341,-0.00225987168712894,-0.00112993584356447,
0.,0.00112993584356447,0.00225987168712894,0.00338980753069341,0.00451974337425789,
0.00564967921782236,0.00677961506138683,0.0079095509049513,0.00903948674851577,
0.0101694225920802,0.0112993584356447,0.0124292942792092),.UNSPECIFIED.);
#1293=B_SPLINE_CURVE_WITH_KNOTS('',3,(#2787,#2788,#2789,#2790,#2791,#2792,
#2793,#2794,#2795,#2796,#2797),.UNSPECIFIED.,.T.,.F.,(1,1,1,1,1,1,1,1,1,
1,1,1,1,1,1),(-0.00332523768605411,-0.00221682511216769,-0.00110841253828128,
3.56051434825257E-11,0.00110841260949156,0.00221682518337798,0.0033252377572644,
0.00443365033115082,0.00554206290503724,0.00665047547892366,0.00775888805281008,
0.0088673006266965,0.00997571320058292,0.0110841257744693,0.0121925383483558),
 .UNSPECIFIED.);
#1294=B_SPLINE_CURVE_WITH_KNOTS('',3,(#2808,#2809,#2810,#2811,#2812,#2813,
#2814,#2815,#2816,#2817,#2818),.UNSPECIFIED.,.T.,.F.,(1,1,1,1,1,1,1,1,1,
1,1,1,1,1,1),(-0.00332362764106223,-0.00221575176070815,-0.00110787588035408,
0.,0.00110787588035408,0.00221575176070815,0.00332362764106223,0.0044315035214163,
0.00553937940177038,0.00664725528212445,0.00775513116247853,0.0088630070428326,
0.00997088292318668,0.0110787588035408,0.0121866346838948),
 .UNSPECIFIED.);
#1295=B_SPLINE_CURVE_WITH_KNOTS('',3,(#2824,#2825,#2826,#2827,#2828,#2829,
#2830,#2831,#2832,#2833,#2834),.UNSPECIFIED.,.T.,.F.,(1,1,1,1,1,1,1,1,1,
1,1,1,1,1,1),(-0.00333166782907049,-0.00222111188604698,-0.00111055594302347,
4.17776736080521E-17,0.00111055594302355,0.00222111188604706,0.00333166782907057,
0.00444222377209408,0.00555277971511759,0.0066633356581411,0.00777389160116461,
0.00888444754418812,0.00999500348721163,0.0111055594302351,0.0122161153732586),
 .UNSPECIFIED.);
#1296=B_SPLINE_CURVE_WITH_KNOTS('',3,(#2843,#2844,#2845,#2846,#2847,#2848,
#2849,#2850,#2851,#2852,#2853),.UNSPECIFIED.,.T.,.F.,(1,1,1,1,1,1,1,1,1,
1,1,1,1,1,1),(-0.00333332215373011,-0.0022222147691534,-0.0011111073845767,
0.,0.0011111073845767,0.0022222147691534,0.00333332215373011,0.00444442953830681,
0.00555553692288351,0.00666664430746021,0.00777775169203691,0.00888885907661362,
0.00999996646119032,0.011111073845767,0.0122221812303437),.UNSPECIFIED.);
#1297=EDGE_LOOP('',(#419));
#1298=EDGE_LOOP('',(#420,#421,#422,#423));
#1299=EDGE_LOOP('',(#424,#425,#426,#427));
#1300=EDGE_LOOP('',(#428));
#1301=EDGE_LOOP('',(#429,#430,#431,#432));
#1302=EDGE_LOOP('',(#433,#434,#435,#436));
#1303=EDGE_LOOP('',(#437));
#1304=EDGE_LOOP('',(#438));
#1305=EDGE_LOOP('',(#439,#440,#441,#442,#443,#444,#445,#446));
#1306=EDGE_LOOP('',(#447,#448,#449,#450));
#1307=EDGE_LOOP('',(#451,#452,#453,#454));
#1308=EDGE_LOOP('',(#455));
#1309=EDGE_LOOP('',(#456));
#1310=EDGE_LOOP('',(#457));
#1311=EDGE_LOOP('',(#458));
#1312=EDGE_LOOP('',(#459));
#1313=EDGE_LOOP('',(#460));
#1314=EDGE_LOOP('',(#461));
#1315=EDGE_LOOP('',(#462));
#1316=EDGE_LOOP('',(#463));
#1317=EDGE_LOOP('',(#464));
#1318=EDGE_LOOP('',(#465));
#1319=EDGE_LOOP('',(#466));
#1320=EDGE_LOOP('',(#467,#468,#469,#470,#471,#472,#473,#474));
#1321=EDGE_LOOP('',(#475,#476,#477,#478,#479,#480,#481,#482));
#1322=EDGE_LOOP('',(#483,#484,#485,#486));
#1323=EDGE_LOOP('',(#487,#488,#489,#490));
#1324=EDGE_LOOP('',(#491));
#1325=EDGE_LOOP('',(#492,#493,#494));
#1326=EDGE_LOOP('',(#495,#496,#497,#498));
#1327=EDGE_LOOP('',(#499));
#1328=EDGE_LOOP('',(#500,#501,#502));
#1329=EDGE_LOOP('',(#503));
#1330=EDGE_LOOP('',(#504,#505,#506));
#1331=EDGE_LOOP('',(#507,#508,#509,#510));
#1332=EDGE_LOOP('',(#511));
#1333=EDGE_LOOP('',(#512,#513,#514));
#1334=EDGE_LOOP('',(#515));
#1335=EDGE_LOOP('',(#516));
#1336=EDGE_LOOP('',(#517));
#1337=EDGE_LOOP('',(#518));
#1338=EDGE_LOOP('',(#519));
#1339=EDGE_LOOP('',(#520));
#1340=EDGE_LOOP('',(#521,#522,#523,#524));
#1341=EDGE_LOOP('',(#525));
#1342=EDGE_LOOP('',(#526));
#1343=EDGE_LOOP('',(#527));
#1344=EDGE_LOOP('',(#528,#529,#530,#531));
#1345=EDGE_LOOP('',(#532));
#1346=EDGE_LOOP('',(#533,#534,#535,#536));
#1347=EDGE_LOOP('',(#537));
#1348=EDGE_LOOP('',(#538));
#1349=EDGE_LOOP('',(#539));
#1350=EDGE_LOOP('',(#540));
#1351=EDGE_LOOP('',(#541));
#1352=EDGE_LOOP('',(#542));
#1353=EDGE_LOOP('',(#543));
#1354=EDGE_LOOP('',(#544));
#1355=EDGE_LOOP('',(#545));
#1356=EDGE_LOOP('',(#546));
#1357=EDGE_LOOP('',(#547));
#1358=EDGE_LOOP('',(#548));
#1359=EDGE_LOOP('',(#549));
#1360=EDGE_LOOP('',(#550));
#1361=EDGE_LOOP('',(#551));
#1362=EDGE_LOOP('',(#552));
#1363=EDGE_LOOP('',(#553));
#1364=EDGE_LOOP('',(#554));
#1365=EDGE_LOOP('',(#555));
#1366=EDGE_LOOP('',(#556));
#1367=EDGE_LOOP('',(#557));
#1368=EDGE_LOOP('',(#558));
#1369=EDGE_LOOP('',(#559));
#1370=EDGE_LOOP('',(#560));
#1371=EDGE_LOOP('',(#561));
#1372=EDGE_LOOP('',(#562));
#1373=EDGE_LOOP('',(#563));
#1374=EDGE_LOOP('',(#564));
#1375=EDGE_LOOP('',(#565));
#1376=EDGE_LOOP('',(#566));
#1377=EDGE_LOOP('',(#567));
#1378=EDGE_LOOP('',(#568));
#1379=EDGE_LOOP('',(#569));
#1380=EDGE_LOOP('',(#570));
#1381=EDGE_LOOP('',(#571));
#1382=EDGE_LOOP('',(#572));
#1383=EDGE_LOOP('',(#573));
#1384=EDGE_LOOP('',(#574));
#1385=EDGE_LOOP('',(#575));
#1386=EDGE_LOOP('',(#576));
#1387=EDGE_LOOP('',(#577));
#1388=EDGE_LOOP('',(#578));
#1389=EDGE_LOOP('',(#579,#580,#581,#582));
#1390=EDGE_LOOP('',(#583,#584,#585,#586));
#1391=EDGE_LOOP('',(#587,#588,#589,#590));
#1392=EDGE_LOOP('',(#591,#592,#593,#594));
#1393=EDGE_LOOP('',(#595));
#1394=EDGE_LOOP('',(#596));
#1395=EDGE_LOOP('',(#597,#598,#599,#600));
#1396=EDGE_LOOP('',(#601,#602,#603,#604));
#1397=EDGE_LOOP('',(#605,#606,#607,#608));
#1398=EDGE_LOOP('',(#609,#610,#611,#612));
#1399=EDGE_LOOP('',(#613));
#1400=EDGE_LOOP('',(#614));
#1401=EDGE_LOOP('',(#615));
#1402=EDGE_LOOP('',(#616));
#1403=EDGE_LOOP('',(#617,#618,#619,#620));
#1404=EDGE_LOOP('',(#621,#622,#623,#624));
#1405=EDGE_LOOP('',(#625,#626,#627,#628));
#1406=EDGE_LOOP('',(#629,#630,#631,#632));
#1407=EDGE_LOOP('',(#633,#634,#635,#636));
#1408=EDGE_LOOP('',(#637,#638,#639,#640));
#1409=EDGE_LOOP('',(#641,#642,#643,#644));
#1410=EDGE_LOOP('',(#645));
#1411=EDGE_LOOP('',(#646));
#1412=EDGE_LOOP('',(#647));
#1413=EDGE_LOOP('',(#648));
#1414=EDGE_LOOP('',(#649,#650,#651,#652));
#1415=EDGE_LOOP('',(#653));
#1416=EDGE_LOOP('',(#654));
#1417=EDGE_LOOP('',(#655));
#1418=EDGE_LOOP('',(#656,#657,#658,#659,#660,#661,#662,#663));
#1419=EDGE_LOOP('',(#664,#665,#666,#667));
#1420=EDGE_LOOP('',(#668,#669,#670,#671));
#1421=EDGE_LOOP('',(#672,#673,#674,#675));
#1422=EDGE_LOOP('',(#676,#677,#678,#679));
#1423=EDGE_LOOP('',(#680,#681,#682,#683));
#1424=EDGE_LOOP('',(#684,#685,#686,#687));
#1425=EDGE_LOOP('',(#688,#689,#690,#691));
#1426=EDGE_LOOP('',(#692));
#1427=EDGE_LOOP('',(#693));
#1428=EDGE_LOOP('',(#694));
#1429=EDGE_LOOP('',(#695));
#1430=EDGE_LOOP('',(#696,#697,#698,#699));
#1431=EDGE_LOOP('',(#700));
#1432=EDGE_LOOP('',(#701));
#1433=EDGE_LOOP('',(#702));
#1434=EDGE_LOOP('',(#703,#704,#705,#706,#707,#708,#709,#710));
#1435=EDGE_LOOP('',(#711,#712,#713,#714));
#1436=EDGE_LOOP('',(#715,#716,#717,#718));
#1437=EDGE_LOOP('',(#719,#720,#721,#722));
#1438=EDGE_LOOP('',(#723,#724,#725,#726));
#1439=EDGE_LOOP('',(#727,#728,#729,#730));
#1440=EDGE_LOOP('',(#731,#732,#733,#734));
#1441=EDGE_LOOP('',(#735,#736,#737,#738));
#1442=EDGE_LOOP('',(#739,#740,#741,#742));
#1443=EDGE_LOOP('',(#743,#744,#745,#746));
#1444=EDGE_LOOP('',(#747,#748,#749,#750));
#1445=EDGE_LOOP('',(#751,#752,#753,#754));
#1446=EDGE_LOOP('',(#755,#756,#757,#758));
#1447=EDGE_LOOP('',(#759,#760,#761,#762));
#1448=EDGE_LOOP('',(#763,#764,#765,#766));
#1449=EDGE_LOOP('',(#767,#768,#769,#770));
#1450=EDGE_LOOP('',(#771,#772,#773,#774));
#1451=EDGE_LOOP('',(#775,#776,#777,#778,#779,#780,#781,#782));
#1452=EDGE_LOOP('',(#783,#784,#785,#786,#787,#788,#789,#790));
#1453=EDGE_LOOP('',(#791,#792,#793,#794));
#1454=EDGE_LOOP('',(#795,#796,#797,#798));
#1455=EDGE_LOOP('',(#799,#800,#801,#802));
#1456=EDGE_LOOP('',(#803,#804,#805,#806));
#1457=EDGE_LOOP('',(#807,#808,#809,#810));
#1458=EDGE_LOOP('',(#811,#812,#813,#814));
#1459=EDGE_LOOP('',(#815,#816,#817,#818));
#1460=EDGE_LOOP('',(#819,#820,#821,#822));
#1461=EDGE_LOOP('',(#823,#824,#825,#826));
#1462=EDGE_LOOP('',(#827,#828,#829,#830));
#1463=EDGE_LOOP('',(#831,#832,#833,#834));
#1464=EDGE_LOOP('',(#835,#836,#837,#838));
#1465=EDGE_LOOP('',(#839,#840,#841,#842));
#1466=EDGE_LOOP('',(#843,#844,#845,#846));
#1467=EDGE_LOOP('',(#847,#848,#849,#850));
#1468=EDGE_LOOP('',(#851,#852,#853,#854));
#1469=EDGE_LOOP('',(#855));
#1470=EDGE_LOOP('',(#856));
#1471=EDGE_LOOP('',(#857));
#1472=EDGE_LOOP('',(#858));
#1473=EDGE_LOOP('',(#859,#860,#861,#862));
#1474=EDGE_LOOP('',(#863,#864,#865,#866));
#1475=EDGE_LOOP('',(#867,#868,#869,#870));
#1476=EDGE_LOOP('',(#871,#872,#873,#874));
#1477=EDGE_LOOP('',(#875,#876,#877,#878));
#1478=EDGE_LOOP('',(#879,#880,#881,#882));
#1479=EDGE_LOOP('',(#883,#884,#885,#886));
#1480=EDGE_LOOP('',(#887,#888,#889,#890));
#1481=FACE_BOUND('',#1297,.T.);
#1482=FACE_BOUND('',#1298,.T.);
#1483=FACE_BOUND('',#1299,.T.);
#1484=FACE_BOUND('',#1300,.T.);
#1485=FACE_BOUND('',#1301,.T.);
#1486=FACE_BOUND('',#1302,.T.);
#1487=FACE_BOUND('',#1303,.T.);
#1488=FACE_BOUND('',#1304,.T.);
#1489=FACE_BOUND('',#1305,.T.);
#1490=FACE_BOUND('',#1306,.T.);
#1491=FACE_BOUND('',#1307,.T.);
#1492=FACE_BOUND('',#1308,.T.);
#1493=FACE_BOUND('',#1309,.T.);
#1494=FACE_BOUND('',#1310,.T.);
#1495=FACE_BOUND('',#1311,.T.);
#1496=FACE_BOUND('',#1312,.T.);
#1497=FACE_BOUND('',#1313,.T.);
#1498=FACE_BOUND('',#1314,.T.);
#1499=FACE_BOUND('',#1315,.T.);
#1500=FACE_BOUND('',#1316,.T.);
#1501=FACE_BOUND('',#1317,.T.);
#1502=FACE_BOUND('',#1318,.T.);
#1503=FACE_BOUND('',#1319,.T.);
#1504=FACE_BOUND('',#1320,.T.);
#1505=FACE_BOUND('',#1321,.T.);
#1506=FACE_BOUND('',#1322,.T.);
#1507=FACE_BOUND('',#1323,.T.);
#1508=FACE_BOUND('',#1324,.T.);
#1509=FACE_BOUND('',#1325,.T.);
#1510=FACE_BOUND('',#1326,.T.);
#1511=FACE_BOUND('',#1327,.T.);
#1512=FACE_BOUND('',#1328,.T.);
#1513=FACE_BOUND('',#1329,.T.);
#1514=FACE_BOUND('',#1330,.T.);
#1515=FACE_BOUND('',#1331,.T.);
#1516=FACE_BOUND('',#1332,.T.);
#1517=FACE_BOUND('',#1333,.T.);
#1518=FACE_BOUND('',#1334,.T.);
#1519=FACE_BOUND('',#1335,.T.);
#1520=FACE_BOUND('',#1336,.T.);
#1521=FACE_BOUND('',#1337,.T.);
#1522=FACE_BOUND('',#1338,.T.);
#1523=FACE_BOUND('',#1339,.T.);
#1524=FACE_BOUND('',#1340,.T.);
#1525=FACE_BOUND('',#1341,.T.);
#1526=FACE_BOUND('',#1342,.T.);
#1527=FACE_BOUND('',#1343,.T.);
#1528=FACE_BOUND('',#1344,.T.);
#1529=FACE_BOUND('',#1345,.T.);
#1530=FACE_BOUND('',#1346,.T.);
#1531=FACE_BOUND('',#1347,.T.);
#1532=FACE_BOUND('',#1348,.T.);
#1533=FACE_BOUND('',#1349,.T.);
#1534=FACE_BOUND('',#1350,.T.);
#1535=FACE_BOUND('',#1351,.T.);
#1536=FACE_BOUND('',#1352,.T.);
#1537=FACE_BOUND('',#1353,.T.);
#1538=FACE_BOUND('',#1354,.T.);
#1539=FACE_BOUND('',#1355,.T.);
#1540=FACE_BOUND('',#1356,.T.);
#1541=FACE_BOUND('',#1357,.T.);
#1542=FACE_BOUND('',#1358,.T.);
#1543=FACE_BOUND('',#1359,.T.);
#1544=FACE_BOUND('',#1360,.T.);
#1545=FACE_BOUND('',#1361,.T.);
#1546=FACE_BOUND('',#1362,.T.);
#1547=FACE_BOUND('',#1363,.T.);
#1548=FACE_BOUND('',#1364,.T.);
#1549=FACE_BOUND('',#1365,.T.);
#1550=FACE_BOUND('',#1366,.T.);
#1551=FACE_BOUND('',#1367,.T.);
#1552=FACE_BOUND('',#1368,.T.);
#1553=FACE_BOUND('',#1369,.T.);
#1554=FACE_BOUND('',#1370,.T.);
#1555=FACE_BOUND('',#1371,.T.);
#1556=FACE_BOUND('',#1372,.T.);
#1557=FACE_BOUND('',#1373,.T.);
#1558=FACE_BOUND('',#1374,.T.);
#1559=FACE_BOUND('',#1375,.T.);
#1560=FACE_BOUND('',#1376,.T.);
#1561=FACE_BOUND('',#1377,.T.);
#1562=FACE_BOUND('',#1378,.T.);
#1563=FACE_BOUND('',#1379,.T.);
#1564=FACE_BOUND('',#1380,.T.);
#1565=FACE_BOUND('',#1381,.T.);
#1566=FACE_BOUND('',#1382,.T.);
#1567=FACE_BOUND('',#1383,.T.);
#1568=FACE_BOUND('',#1384,.T.);
#1569=FACE_BOUND('',#1385,.T.);
#1570=FACE_BOUND('',#1386,.T.);
#1571=FACE_BOUND('',#1387,.T.);
#1572=FACE_BOUND('',#1388,.T.);
#1573=FACE_BOUND('',#1389,.T.);
#1574=FACE_BOUND('',#1390,.T.);
#1575=FACE_BOUND('',#1391,.T.);
#1576=FACE_BOUND('',#1392,.T.);
#1577=FACE_BOUND('',#1393,.T.);
#1578=FACE_BOUND('',#1394,.T.);
#1579=FACE_BOUND('',#1395,.T.);
#1580=FACE_BOUND('',#1396,.T.);
#1581=FACE_BOUND('',#1397,.T.);
#1582=FACE_BOUND('',#1398,.T.);
#1583=FACE_BOUND('',#1399,.T.);
#1584=FACE_BOUND('',#1400,.T.);
#1585=FACE_BOUND('',#1401,.T.);
#1586=FACE_BOUND('',#1402,.T.);
#1587=FACE_BOUND('',#1403,.T.);
#1588=FACE_BOUND('',#1404,.T.);
#1589=FACE_BOUND('',#1405,.T.);
#1590=FACE_BOUND('',#1406,.T.);
#1591=FACE_BOUND('',#1407,.T.);
#1592=FACE_BOUND('',#1408,.T.);
#1593=FACE_BOUND('',#1409,.T.);
#1594=FACE_BOUND('',#1410,.T.);
#1595=FACE_BOUND('',#1411,.T.);
#1596=FACE_BOUND('',#1412,.T.);
#1597=FACE_BOUND('',#1413,.T.);
#1598=FACE_BOUND('',#1414,.T.);
#1599=FACE_BOUND('',#1415,.T.);
#1600=FACE_BOUND('',#1416,.T.);
#1601=FACE_BOUND('',#1417,.T.);
#1602=FACE_BOUND('',#1418,.T.);
#1603=FACE_BOUND('',#1419,.T.);
#1604=FACE_BOUND('',#1420,.T.);
#1605=FACE_BOUND('',#1421,.T.);
#1606=FACE_BOUND('',#1422,.T.);
#1607=FACE_BOUND('',#1423,.T.);
#1608=FACE_BOUND('',#1424,.T.);
#1609=FACE_BOUND('',#1425,.T.);
#1610=FACE_BOUND('',#1426,.T.);
#1611=FACE_BOUND('',#1427,.T.);
#1612=FACE_BOUND('',#1428,.T.);
#1613=FACE_BOUND('',#1429,.T.);
#1614=FACE_BOUND('',#1430,.T.);
#1615=FACE_BOUND('',#1431,.T.);
#1616=FACE_BOUND('',#1432,.T.);
#1617=FACE_BOUND('',#1433,.T.);
#1618=FACE_BOUND('',#1434,.T.);
#1619=FACE_BOUND('',#1435,.T.);
#1620=FACE_BOUND('',#1436,.T.);
#1621=FACE_BOUND('',#1437,.T.);
#1622=FACE_BOUND('',#1438,.T.);
#1623=FACE_BOUND('',#1439,.T.);
#1624=FACE_BOUND('',#1440,.T.);
#1625=FACE_BOUND('',#1441,.T.);
#1626=FACE_BOUND('',#1442,.T.);
#1627=FACE_BOUND('',#1443,.T.);
#1628=FACE_BOUND('',#1444,.T.);
#1629=FACE_BOUND('',#1445,.T.);
#1630=FACE_BOUND('',#1446,.T.);
#1631=FACE_BOUND('',#1447,.T.);
#1632=FACE_BOUND('',#1448,.T.);
#1633=FACE_BOUND('',#1449,.T.);
#1634=FACE_BOUND('',#1450,.T.);
#1635=FACE_BOUND('',#1451,.T.);
#1636=FACE_BOUND('',#1452,.T.);
#1637=FACE_BOUND('',#1453,.T.);
#1638=FACE_BOUND('',#1454,.T.);
#1639=FACE_BOUND('',#1455,.T.);
#1640=FACE_BOUND('',#1456,.T.);
#1641=FACE_BOUND('',#1457,.T.);
#1642=FACE_BOUND('',#1458,.T.);
#1643=FACE_BOUND('',#1459,.T.);
#1644=FACE_BOUND('',#1460,.T.);
#1645=FACE_BOUND('',#1461,.T.);
#1646=FACE_BOUND('',#1462,.T.);
#1647=FACE_BOUND('',#1463,.T.);
#1648=FACE_BOUND('',#1464,.T.);
#1649=FACE_BOUND('',#1465,.T.);
#1650=FACE_BOUND('',#1466,.T.);
#1651=FACE_BOUND('',#1467,.T.);
#1652=FACE_BOUND('',#1468,.T.);
#1653=FACE_BOUND('',#1469,.T.);
#1654=FACE_BOUND('',#1470,.T.);
#1655=FACE_BOUND('',#1471,.T.);
#1656=FACE_BOUND('',#1472,.T.);
#1657=FACE_BOUND('',#1473,.T.);
#1658=FACE_BOUND('',#1474,.T.);
#1659=FACE_BOUND('',#1475,.T.);
#1660=FACE_BOUND('',#1476,.T.);
#1661=FACE_BOUND('',#1477,.T.);
#1662=FACE_BOUND('',#1478,.T.);
#1663=FACE_BOUND('',#1479,.T.);
#1664=FACE_BOUND('',#1480,.T.);
#1665=CYLINDRICAL_SURFACE('',#1839,0.03);
#1666=CYLINDRICAL_SURFACE('',#1844,0.03);
#1667=CYLINDRICAL_SURFACE('',#1879,0.03);
#1668=CYLINDRICAL_SURFACE('',#1886,0.03);
#1669=CYLINDRICAL_SURFACE('',#1901,0.0014);
#1670=CYLINDRICAL_SURFACE('',#1902,0.0014);
#1671=CYLINDRICAL_SURFACE('',#1903,0.0014);
#1672=CYLINDRICAL_SURFACE('',#1904,0.0014);
#1673=CYLINDRICAL_SURFACE('',#1905,0.0014);
#1674=CYLINDRICAL_SURFACE('',#1908,0.0029);
#1675=CYLINDRICAL_SURFACE('',#1912,0.0014);
#1676=CYLINDRICAL_SURFACE('',#1915,0.0029);
#1677=CYLINDRICAL_SURFACE('',#1919,0.0014);
#1678=CYLINDRICAL_SURFACE('',#1922,0.0029);
#1679=CYLINDRICAL_SURFACE('',#1926,0.0014);
#1680=CYLINDRICAL_SURFACE('',#1929,0.0029);
#1681=CYLINDRICAL_SURFACE('',#1933,0.001);
#1682=CYLINDRICAL_SURFACE('',#1934,0.001);
#1683=CYLINDRICAL_SURFACE('',#1935,0.001);
#1684=CYLINDRICAL_SURFACE('',#1940,0.001);
#1685=CYLINDRICAL_SURFACE('',#1945,0.0135);
#1686=CYLINDRICAL_SURFACE('',#1947,0.0135);
#1687=CYLINDRICAL_SURFACE('',#1950,0.016);
#1688=CYLINDRICAL_SURFACE('',#1953,0.004);
#1689=CYLINDRICAL_SURFACE('',#1956,0.016);
#1690=CYLINDRICAL_SURFACE('',#1959,0.002);
#1691=CYLINDRICAL_SURFACE('',#1961,0.002);
#1692=CYLINDRICAL_SURFACE('',#1963,0.004);
#1693=CYLINDRICAL_SURFACE('',#1967,0.016);
#1694=CYLINDRICAL_SURFACE('',#1970,0.004);
#1695=CYLINDRICAL_SURFACE('',#1973,0.016);
#1696=CYLINDRICAL_SURFACE('',#1976,0.002);
#1697=CYLINDRICAL_SURFACE('',#1978,0.002);
#1698=CYLINDRICAL_SURFACE('',#1980,0.004);
#1699=CYLINDRICAL_SURFACE('',#1983,0.0139666295470958);
#1700=CYLINDRICAL_SURFACE('',#1986,0.0139666295470958);
#1701=CYLINDRICAL_SURFACE('',#1989,0.0139666295470958);
#1702=CYLINDRICAL_SURFACE('',#1992,0.0139666295470958);
#1703=CYLINDRICAL_SURFACE('',#1995,0.0169666295470958);
#1704=CYLINDRICAL_SURFACE('',#1999,0.0169666295470958);
#1705=CYLINDRICAL_SURFACE('',#2003,0.0169666295470958);
#1706=CYLINDRICAL_SURFACE('',#2007,0.0169666295470958);
#1707=CYLINDRICAL_SURFACE('',#2019,0.001);
#1708=CYLINDRICAL_SURFACE('',#2021,0.001);
#1709=CYLINDRICAL_SURFACE('',#2027,0.001);
#1710=CYLINDRICAL_SURFACE('',#2029,0.001);
#1711=CYLINDRICAL_SURFACE('',#2035,0.001);
#1712=CYLINDRICAL_SURFACE('',#2037,0.001);
#1713=CYLINDRICAL_SURFACE('',#2043,0.001);
#1714=CYLINDRICAL_SURFACE('',#2045,0.001);
#1715=CYLINDRICAL_SURFACE('',#2048,0.0014);
#1716=CYLINDRICAL_SURFACE('',#2049,0.0014);
#1717=ADVANCED_FACE('',(#1481,#1482,#1483),#1665,.T.);
#1718=ADVANCED_FACE('',(#1484,#1485,#1486),#1666,.T.);
#1719=ADVANCED_FACE('',(#1487,#1488,#1489,#1490,#1491,#1492,#1493,#1494,
#1495,#1496,#1497,#1498,#1499,#1500,#1501,#1502,#1503,#1504,#1505,#1506,
#1507),#24,.T.);
#1720=ADVANCED_FACE('',(#1508,#1509),#20,.T.);
#1721=ADVANCED_FACE('',(#1510),#1667,.T.);
#1722=ADVANCED_FACE('',(#1511,#1512),#21,.T.);
#1723=ADVANCED_FACE('',(#1513,#1514),#22,.T.);
#1724=ADVANCED_FACE('',(#1515),#1668,.T.);
#1725=ADVANCED_FACE('',(#1516,#1517),#23,.T.);
#1726=ADVANCED_FACE('',(#1518,#1519,#1520,#1521,#1522,#1523,#1524,#1525,
#1526,#1527,#1528,#1529,#1530),#25,.F.);
#1727=ADVANCED_FACE('',(#1531,#1532),#1669,.F.);
#1728=ADVANCED_FACE('',(#1533,#1534),#1670,.F.);
#1729=ADVANCED_FACE('',(#1535,#1536),#1671,.F.);
#1730=ADVANCED_FACE('',(#1537,#1538),#1672,.F.);
#1731=ADVANCED_FACE('',(#1539,#1540),#1673,.F.);
#1732=ADVANCED_FACE('',(#1541,#1542),#1674,.T.);
#1733=ADVANCED_FACE('',(#1543,#1544),#26,.T.);
#1734=ADVANCED_FACE('',(#1545),#27,.T.);
#1735=ADVANCED_FACE('',(#1546,#1547),#1675,.F.);
#1736=ADVANCED_FACE('',(#1548,#1549),#1676,.T.);
#1737=ADVANCED_FACE('',(#1550,#1551),#28,.T.);
#1738=ADVANCED_FACE('',(#1552),#29,.T.);
#1739=ADVANCED_FACE('',(#1553,#1554),#1677,.F.);
#1740=ADVANCED_FACE('',(#1555,#1556),#1678,.T.);
#1741=ADVANCED_FACE('',(#1557,#1558),#30,.T.);
#1742=ADVANCED_FACE('',(#1559),#31,.T.);
#1743=ADVANCED_FACE('',(#1560,#1561),#1679,.F.);
#1744=ADVANCED_FACE('',(#1562,#1563),#1680,.T.);
#1745=ADVANCED_FACE('',(#1564,#1565),#32,.T.);
#1746=ADVANCED_FACE('',(#1566),#33,.T.);
#1747=ADVANCED_FACE('',(#1567,#1568),#1681,.F.);
#1748=ADVANCED_FACE('',(#1569,#1570),#1682,.F.);
#1749=ADVANCED_FACE('',(#1571,#1572),#1683,.F.);
#1750=ADVANCED_FACE('',(#1573),#34,.T.);
#1751=ADVANCED_FACE('',(#1574),#35,.F.);
#1752=ADVANCED_FACE('',(#1575),#36,.T.);
#1753=ADVANCED_FACE('',(#1576),#37,.T.);
#1754=ADVANCED_FACE('',(#1577,#1578),#1684,.F.);
#1755=ADVANCED_FACE('',(#1579),#38,.T.);
#1756=ADVANCED_FACE('',(#1580),#39,.F.);
#1757=ADVANCED_FACE('',(#1581),#40,.T.);
#1758=ADVANCED_FACE('',(#1582),#41,.T.);
#1759=ADVANCED_FACE('',(#1583,#1584),#1685,.F.);
#1760=ADVANCED_FACE('',(#1585,#1586),#1686,.F.);
#1761=ADVANCED_FACE('',(#1587),#42,.F.);
#1762=ADVANCED_FACE('',(#1588),#1687,.T.);
#1763=ADVANCED_FACE('',(#1589),#43,.F.);
#1764=ADVANCED_FACE('',(#1590),#1688,.T.);
#1765=ADVANCED_FACE('',(#1591),#44,.F.);
#1766=ADVANCED_FACE('',(#1592),#1689,.T.);
#1767=ADVANCED_FACE('',(#1593),#45,.F.);
#1768=ADVANCED_FACE('',(#1594,#1595),#1690,.F.);
#1769=ADVANCED_FACE('',(#1596,#1597),#1691,.F.);
#1770=ADVANCED_FACE('',(#1598),#1692,.T.);
#1771=ADVANCED_FACE('',(#1599,#1600,#1601,#1602),#46,.T.);
#1772=ADVANCED_FACE('',(#1603),#47,.F.);
#1773=ADVANCED_FACE('',(#1604),#1693,.T.);
#1774=ADVANCED_FACE('',(#1605),#48,.F.);
#1775=ADVANCED_FACE('',(#1606),#1694,.T.);
#1776=ADVANCED_FACE('',(#1607),#49,.F.);
#1777=ADVANCED_FACE('',(#1608),#1695,.T.);
#1778=ADVANCED_FACE('',(#1609),#50,.F.);
#1779=ADVANCED_FACE('',(#1610,#1611),#1696,.F.);
#1780=ADVANCED_FACE('',(#1612,#1613),#1697,.F.);
#1781=ADVANCED_FACE('',(#1614),#1698,.T.);
#1782=ADVANCED_FACE('',(#1615,#1616,#1617,#1618),#51,.T.);
#1783=ADVANCED_FACE('',(#1619),#1699,.F.);
#1784=ADVANCED_FACE('',(#1620),#52,.F.);
#1785=ADVANCED_FACE('',(#1621),#1700,.F.);
#1786=ADVANCED_FACE('',(#1622),#53,.F.);
#1787=ADVANCED_FACE('',(#1623),#1701,.F.);
#1788=ADVANCED_FACE('',(#1624),#54,.F.);
#1789=ADVANCED_FACE('',(#1625),#1702,.F.);
#1790=ADVANCED_FACE('',(#1626),#55,.T.);
#1791=ADVANCED_FACE('',(#1627),#1703,.T.);
#1792=ADVANCED_FACE('',(#1628),#56,.T.);
#1793=ADVANCED_FACE('',(#1629),#1704,.T.);
#1794=ADVANCED_FACE('',(#1630),#57,.T.);
#1795=ADVANCED_FACE('',(#1631),#1705,.T.);
#1796=ADVANCED_FACE('',(#1632),#58,.T.);
#1797=ADVANCED_FACE('',(#1633),#1706,.T.);
#1798=ADVANCED_FACE('',(#1634),#59,.F.);
#1799=ADVANCED_FACE('',(#1635,#1636),#60,.F.);
#1800=ADVANCED_FACE('',(#1637),#12,.T.);
#1801=ADVANCED_FACE('',(#1638),#1707,.T.);
#1802=ADVANCED_FACE('',(#1639),#1708,.T.);
#1803=ADVANCED_FACE('',(#1640),#13,.T.);
#1804=ADVANCED_FACE('',(#1641),#14,.T.);
#1805=ADVANCED_FACE('',(#1642),#1709,.T.);
#1806=ADVANCED_FACE('',(#1643),#1710,.T.);
#1807=ADVANCED_FACE('',(#1644),#15,.T.);
#1808=ADVANCED_FACE('',(#1645),#16,.T.);
#1809=ADVANCED_FACE('',(#1646),#1711,.T.);
#1810=ADVANCED_FACE('',(#1647),#1712,.T.);
#1811=ADVANCED_FACE('',(#1648),#17,.T.);
#1812=ADVANCED_FACE('',(#1649),#18,.T.);
#1813=ADVANCED_FACE('',(#1650),#1713,.T.);
#1814=ADVANCED_FACE('',(#1651),#1714,.T.);
#1815=ADVANCED_FACE('',(#1652),#19,.T.);
#1816=ADVANCED_FACE('',(#1653,#1654),#1715,.F.);
#1817=ADVANCED_FACE('',(#1655,#1656),#1716,.F.);
#1818=ADVANCED_FACE('',(#1657),#61,.T.);
#1819=ADVANCED_FACE('',(#1658),#62,.F.);
#1820=ADVANCED_FACE('',(#1659),#63,.F.);
#1821=ADVANCED_FACE('',(#1660),#64,.T.);
#1822=ADVANCED_FACE('',(#1661),#65,.T.);
#1823=ADVANCED_FACE('',(#1662),#66,.F.);
#1824=ADVANCED_FACE('',(#1663),#67,.F.);
#1825=ADVANCED_FACE('',(#1664),#68,.T.);
#1826=CLOSED_SHELL('',(#1717,#1718,#1719,#1720,#1721,#1722,#1723,#1724,
#1725,#1726,#1727,#1728,#1729,#1730,#1731,#1732,#1733,#1734,#1735,#1736,
#1737,#1738,#1739,#1740,#1741,#1742,#1743,#1744,#1745,#1746,#1747,#1748,
#1749,#1750,#1751,#1752,#1753,#1754,#1755,#1756,#1757,#1758,#1759,#1760,
#1761,#1762,#1763,#1764,#1765,#1766,#1767,#1768,#1769,#1770,#1771,#1772,
#1773,#1774,#1775,#1776,#1777,#1778,#1779,#1780,#1781,#1782,#1783,#1784,
#1785,#1786,#1787,#1788,#1789,#1790,#1791,#1792,#1793,#1794,#1795,#1796,
#1797,#1798,#1799,#1800,#1801,#1802,#1803,#1804,#1805,#1806,#1807,#1808,
#1809,#1810,#1811,#1812,#1813,#1814,#1815,#1816,#1817,#1818,#1819,#1820,
#1821,#1822,#1823,#1824,#1825));
#1827=STYLED_ITEM('',(#1828),#1835);
#1828=PRESENTATION_STYLE_ASSIGNMENT((#1829));
#1829=SURFACE_STYLE_USAGE(.BOTH.,#1830);
#1830=SURFACE_SIDE_STYLE('',(#1831));
#1831=SURFACE_STYLE_FILL_AREA(#1832);
#1832=FILL_AREA_STYLE('',(#1833));
#1833=FILL_AREA_STYLE_COLOUR('',#1834);
#1834=COLOUR_RGB('',0.901960784313726,0.901960784313726,0.901960784313726);
#1835=MANIFOLD_SOLID_BREP('Part 1087',#1826);
#1836=SHAPE_DEFINITION_REPRESENTATION(#3194,#1837);
#1837=SHAPE_REPRESENTATION('Part 1087',(#1838),#3189);
#1838=AXIS2_PLACEMENT_3D('',#2618,#2058,#2059);
#1839=AXIS2_PLACEMENT_3D('',#2619,#2060,#2061);
#1840=AXIS2_PLACEMENT_3D('',#2632,#2062,#2063);
#1841=AXIS2_PLACEMENT_3D('',#2637,#2065,#2066);
#1842=AXIS2_PLACEMENT_3D('',#2640,#2068,#2069);
#1843=AXIS2_PLACEMENT_3D('',#2645,#2071,#2072);
#1844=AXIS2_PLACEMENT_3D('',#2648,#2074,#2075);
#1845=AXIS2_PLACEMENT_3D('',#2661,#2076,#2077);
#1846=AXIS2_PLACEMENT_3D('',#2666,#2079,#2080);
#1847=AXIS2_PLACEMENT_3D('',#2669,#2082,#2083);
#1848=AXIS2_PLACEMENT_3D('',#2674,#2085,#2086);
#1849=AXIS2_PLACEMENT_3D('',#2677,#2088,#2089);
#1850=AXIS2_PLACEMENT_3D('',#2678,#2090,#2091);
#1851=AXIS2_PLACEMENT_3D('',#2680,#2092,#2093);
#1852=AXIS2_PLACEMENT_3D('',#2685,#2095,#2096);
#1853=AXIS2_PLACEMENT_3D('',#2689,#2098,#2099);
#1854=AXIS2_PLACEMENT_3D('',#2693,#2101,#2102);
#1855=AXIS2_PLACEMENT_3D('',#2697,#2104,#2105);
#1856=AXIS2_PLACEMENT_3D('',#2714,#2114,#2115);
#1857=AXIS2_PLACEMENT_3D('',#2716,#2116,#2117);
#1858=AXIS2_PLACEMENT_3D('',#2718,#2118,#2119);
#1859=AXIS2_PLACEMENT_3D('',#2720,#2120,#2121);
#1860=AXIS2_PLACEMENT_3D('',#2722,#2122,#2123);
#1861=AXIS2_PLACEMENT_3D('',#2724,#2124,#2125);
#1862=AXIS2_PLACEMENT_3D('',#2726,#2126,#2127);
#1863=AXIS2_PLACEMENT_3D('',#2728,#2128,#2129);
#1864=AXIS2_PLACEMENT_3D('',#2730,#2130,#2131);
#1865=AXIS2_PLACEMENT_3D('',#2732,#2132,#2133);
#1866=AXIS2_PLACEMENT_3D('',#2734,#2134,#2135);
#1867=AXIS2_PLACEMENT_3D('',#2736,#2136,#2137);
#1868=AXIS2_PLACEMENT_3D('',#2738,#2138,#2139);
#1869=AXIS2_PLACEMENT_3D('',#2743,#2141,#2142);
#1870=AXIS2_PLACEMENT_3D('',#2747,#2144,#2145);
#1871=AXIS2_PLACEMENT_3D('',#2751,#2147,#2148);
#1872=AXIS2_PLACEMENT_3D('',#2754,#2150,#2151);
#1873=AXIS2_PLACEMENT_3D('',#2759,#2153,#2154);
#1874=AXIS2_PLACEMENT_3D('',#2763,#2156,#2157);
#1875=AXIS2_PLACEMENT_3D('',#2767,#2159,#2160);
#1876=AXIS2_PLACEMENT_3D('',#2786,#2170,#2171);
#1877=AXIS2_PLACEMENT_3D('',#2799,#2172,#2173);
#1878=AXIS2_PLACEMENT_3D('',#2801,#2174,#2175);
#1879=AXIS2_PLACEMENT_3D('',#2802,#2176,#2177);
#1880=AXIS2_PLACEMENT_3D('',#2805,#2179,#2180);
#1881=AXIS2_PLACEMENT_3D('',#2807,#2182,#2183);
#1882=AXIS2_PLACEMENT_3D('',#2820,#2184,#2185);
#1883=AXIS2_PLACEMENT_3D('',#2822,#2186,#2187);
#1884=AXIS2_PLACEMENT_3D('',#2823,#2188,#2189);
#1885=AXIS2_PLACEMENT_3D('',#2836,#2190,#2191);
#1886=AXIS2_PLACEMENT_3D('',#2837,#2192,#2193);
#1887=AXIS2_PLACEMENT_3D('',#2838,#2194,#2195);
#1888=AXIS2_PLACEMENT_3D('',#2842,#2198,#2199);
#1889=AXIS2_PLACEMENT_3D('',#2855,#2200,#2201);
#1890=AXIS2_PLACEMENT_3D('',#2856,#2202,#2203);
#1891=AXIS2_PLACEMENT_3D('',#2857,#2204,#2205);
#1892=AXIS2_PLACEMENT_3D('',#2859,#2206,#2207);
#1893=AXIS2_PLACEMENT_3D('',#2861,#2208,#2209);
#1894=AXIS2_PLACEMENT_3D('',#2863,#2210,#2211);
#1895=AXIS2_PLACEMENT_3D('',#2865,#2212,#2213);
#1896=AXIS2_PLACEMENT_3D('',#2867,#2214,#2215);
#1897=AXIS2_PLACEMENT_3D('',#2877,#2220,#2221);
#1898=AXIS2_PLACEMENT_3D('',#2879,#2222,#2223);
#1899=AXIS2_PLACEMENT_3D('',#2881,#2224,#2225);
#1900=AXIS2_PLACEMENT_3D('',#2883,#2226,#2227);
#1901=AXIS2_PLACEMENT_3D('',#2893,#2232,#2233);
#1902=AXIS2_PLACEMENT_3D('',#2894,#2234,#2235);
#1903=AXIS2_PLACEMENT_3D('',#2895,#2236,#2237);
#1904=AXIS2_PLACEMENT_3D('',#2896,#2238,#2239);
#1905=AXIS2_PLACEMENT_3D('',#2897,#2240,#2241);
#1906=AXIS2_PLACEMENT_3D('',#2898,#2242,#2243);
#1907=AXIS2_PLACEMENT_3D('',#2900,#2244,#2245);
#1908=AXIS2_PLACEMENT_3D('',#2902,#2246,#2247);
#1909=AXIS2_PLACEMENT_3D('',#2903,#2248,#2249);
#1910=AXIS2_PLACEMENT_3D('',#2905,#2250,#2251);
#1911=AXIS2_PLACEMENT_3D('',#2906,#2252,#2253);
#1912=AXIS2_PLACEMENT_3D('',#2907,#2254,#2255);
#1913=AXIS2_PLACEMENT_3D('',#2908,#2256,#2257);
#1914=AXIS2_PLACEMENT_3D('',#2910,#2258,#2259);
#1915=AXIS2_PLACEMENT_3D('',#2912,#2260,#2261);
#1916=AXIS2_PLACEMENT_3D('',#2913,#2262,#2263);
#1917=AXIS2_PLACEMENT_3D('',#2915,#2264,#2265);
#1918=AXIS2_PLACEMENT_3D('',#2916,#2266,#2267);
#1919=AXIS2_PLACEMENT_3D('',#2917,#2268,#2269);
#1920=AXIS2_PLACEMENT_3D('',#2918,#2270,#2271);
#1921=AXIS2_PLACEMENT_3D('',#2920,#2272,#2273);
#1922=AXIS2_PLACEMENT_3D('',#2922,#2274,#2275);
#1923=AXIS2_PLACEMENT_3D('',#2923,#2276,#2277);
#1924=AXIS2_PLACEMENT_3D('',#2925,#2278,#2279);
#1925=AXIS2_PLACEMENT_3D('',#2926,#2280,#2281);
#1926=AXIS2_PLACEMENT_3D('',#2927,#2282,#2283);
#1927=AXIS2_PLACEMENT_3D('',#2928,#2284,#2285);
#1928=AXIS2_PLACEMENT_3D('',#2930,#2286,#2287);
#1929=AXIS2_PLACEMENT_3D('',#2932,#2288,#2289);
#1930=AXIS2_PLACEMENT_3D('',#2933,#2290,#2291);
#1931=AXIS2_PLACEMENT_3D('',#2935,#2292,#2293);
#1932=AXIS2_PLACEMENT_3D('',#2936,#2294,#2295);
#1933=AXIS2_PLACEMENT_3D('',#2937,#2296,#2297);
#1934=AXIS2_PLACEMENT_3D('',#2938,#2298,#2299);
#1935=AXIS2_PLACEMENT_3D('',#2939,#2300,#2301);
#1936=AXIS2_PLACEMENT_3D('',#2940,#2302,#2303);
#1937=AXIS2_PLACEMENT_3D('',#2943,#2306,#2307);
#1938=AXIS2_PLACEMENT_3D('',#2945,#2309,#2310);
#1939=AXIS2_PLACEMENT_3D('',#2947,#2312,#2313);
#1940=AXIS2_PLACEMENT_3D('',#2948,#2314,#2315);
#1941=AXIS2_PLACEMENT_3D('',#2949,#2316,#2317);
#1942=AXIS2_PLACEMENT_3D('',#2952,#2320,#2321);
#1943=AXIS2_PLACEMENT_3D('',#2954,#2323,#2324);
#1944=AXIS2_PLACEMENT_3D('',#2956,#2326,#2327);
#1945=AXIS2_PLACEMENT_3D('',#2957,#2328,#2329);
#1946=AXIS2_PLACEMENT_3D('',#2958,#2330,#2331);
#1947=AXIS2_PLACEMENT_3D('',#2960,#2332,#2333);
#1948=AXIS2_PLACEMENT_3D('',#2961,#2334,#2335);
#1949=AXIS2_PLACEMENT_3D('',#2963,#2336,#2337);
#1950=AXIS2_PLACEMENT_3D('',#2969,#2341,#2342);
#1951=AXIS2_PLACEMENT_3D('',#2972,#2344,#2345);
#1952=AXIS2_PLACEMENT_3D('',#2973,#2346,#2347);
#1953=AXIS2_PLACEMENT_3D('',#2977,#2350,#2351);
#1954=AXIS2_PLACEMENT_3D('',#2980,#2353,#2354);
#1955=AXIS2_PLACEMENT_3D('',#2981,#2355,#2356);
#1956=AXIS2_PLACEMENT_3D('',#2985,#2359,#2360);
#1957=AXIS2_PLACEMENT_3D('',#2988,#2362,#2363);
#1958=AXIS2_PLACEMENT_3D('',#2989,#2364,#2365);
#1959=AXIS2_PLACEMENT_3D('',#2993,#2368,#2369);
#1960=AXIS2_PLACEMENT_3D('',#2994,#2370,#2371);
#1961=AXIS2_PLACEMENT_3D('',#2996,#2372,#2373);
#1962=AXIS2_PLACEMENT_3D('',#2997,#2374,#2375);
#1963=AXIS2_PLACEMENT_3D('',#2999,#2376,#2377);
#1964=AXIS2_PLACEMENT_3D('',#3000,#2378,#2379);
#1965=AXIS2_PLACEMENT_3D('',#3001,#2380,#2381);
#1966=AXIS2_PLACEMENT_3D('',#3002,#2382,#2383);
#1967=AXIS2_PLACEMENT_3D('',#3008,#2387,#2388);
#1968=AXIS2_PLACEMENT_3D('',#3011,#2390,#2391);
#1969=AXIS2_PLACEMENT_3D('',#3012,#2392,#2393);
#1970=AXIS2_PLACEMENT_3D('',#3016,#2396,#2397);
#1971=AXIS2_PLACEMENT_3D('',#3019,#2399,#2400);
#1972=AXIS2_PLACEMENT_3D('',#3020,#2401,#2402);
#1973=AXIS2_PLACEMENT_3D('',#3024,#2405,#2406);
#1974=AXIS2_PLACEMENT_3D('',#3027,#2408,#2409);
#1975=AXIS2_PLACEMENT_3D('',#3028,#2410,#2411);
#1976=AXIS2_PLACEMENT_3D('',#3032,#2414,#2415);
#1977=AXIS2_PLACEMENT_3D('',#3033,#2416,#2417);
#1978=AXIS2_PLACEMENT_3D('',#3035,#2418,#2419);
#1979=AXIS2_PLACEMENT_3D('',#3036,#2420,#2421);
#1980=AXIS2_PLACEMENT_3D('',#3038,#2422,#2423);
#1981=AXIS2_PLACEMENT_3D('',#3039,#2424,#2425);
#1982=AXIS2_PLACEMENT_3D('',#3040,#2426,#2427);
#1983=AXIS2_PLACEMENT_3D('',#3041,#2428,#2429);
#1984=AXIS2_PLACEMENT_3D('',#3044,#2431,#2432);
#1985=AXIS2_PLACEMENT_3D('',#3047,#2434,#2435);
#1986=AXIS2_PLACEMENT_3D('',#3051,#2438,#2439);
#1987=AXIS2_PLACEMENT_3D('',#3052,#2440,#2441);
#1988=AXIS2_PLACEMENT_3D('',#3055,#2443,#2444);
#1989=AXIS2_PLACEMENT_3D('',#3059,#2447,#2448);
#1990=AXIS2_PLACEMENT_3D('',#3060,#2449,#2450);
#1991=AXIS2_PLACEMENT_3D('',#3063,#2452,#2453);
#1992=AXIS2_PLACEMENT_3D('',#3067,#2456,#2457);
#1993=AXIS2_PLACEMENT_3D('',#3068,#2458,#2459);
#1994=AXIS2_PLACEMENT_3D('',#3071,#2461,#2462);
#1995=AXIS2_PLACEMENT_3D('',#3080,#2467,#2468);
#1996=AXIS2_PLACEMENT_3D('',#3081,#2469,#2470);
#1997=AXIS2_PLACEMENT_3D('',#3085,#2472,#2473);
#1998=AXIS2_PLACEMENT_3D('',#3086,#2474,#2475);
#1999=AXIS2_PLACEMENT_3D('',#3092,#2479,#2480);
#2000=AXIS2_PLACEMENT_3D('',#3093,#2481,#2482);
#2001=AXIS2_PLACEMENT_3D('',#3097,#2484,#2485);
#2002=AXIS2_PLACEMENT_3D('',#3098,#2486,#2487);
#2003=AXIS2_PLACEMENT_3D('',#3104,#2491,#2492);
#2004=AXIS2_PLACEMENT_3D('',#3105,#2493,#2494);
#2005=AXIS2_PLACEMENT_3D('',#3109,#2496,#2497);
#2006=AXIS2_PLACEMENT_3D('',#3110,#2498,#2499);
#2007=AXIS2_PLACEMENT_3D('',#3116,#2503,#2504);
#2008=AXIS2_PLACEMENT_3D('',#3117,#2505,#2506);
#2009=AXIS2_PLACEMENT_3D('',#3118,#2507,#2508);
#2010=AXIS2_PLACEMENT_3D('',#3119,#2509,#2510);
#2011=AXIS2_PLACEMENT_3D('',#3121,#2512,#2513);
#2012=AXIS2_PLACEMENT_3D('',#3125,#2515,#2516);
#2013=AXIS2_PLACEMENT_3D('',#3129,#2518,#2519);
#2014=AXIS2_PLACEMENT_3D('',#3133,#2521,#2522);
#2015=AXIS2_PLACEMENT_3D('',#3137,#2524,#2525);
#2016=AXIS2_PLACEMENT_3D('',#3138,#2526,#2527);
#2017=AXIS2_PLACEMENT_3D('',#3139,#2528,#2529);
#2018=AXIS2_PLACEMENT_3D('',#3140,#2530,#2531);
#2019=AXIS2_PLACEMENT_3D('',#3141,#2532,#2533);
#2020=AXIS2_PLACEMENT_3D('',#3142,#2534,#2535);
#2021=AXIS2_PLACEMENT_3D('',#3143,#2536,#2537);
#2022=AXIS2_PLACEMENT_3D('',#3144,#2538,#2539);
#2023=AXIS2_PLACEMENT_3D('',#3145,#2540,#2541);
#2024=AXIS2_PLACEMENT_3D('',#3146,#2542,#2543);
#2025=AXIS2_PLACEMENT_3D('',#3147,#2544,#2545);
#2026=AXIS2_PLACEMENT_3D('',#3148,#2546,#2547);
#2027=AXIS2_PLACEMENT_3D('',#3149,#2548,#2549);
#2028=AXIS2_PLACEMENT_3D('',#3150,#2550,#2551);
#2029=AXIS2_PLACEMENT_3D('',#3151,#2552,#2553);
#2030=AXIS2_PLACEMENT_3D('',#3152,#2554,#2555);
#2031=AXIS2_PLACEMENT_3D('',#3153,#2556,#2557);
#2032=AXIS2_PLACEMENT_3D('',#3154,#2558,#2559);
#2033=AXIS2_PLACEMENT_3D('',#3155,#2560,#2561);
#2034=AXIS2_PLACEMENT_3D('',#3156,#2562,#2563);
#2035=AXIS2_PLACEMENT_3D('',#3157,#2564,#2565);
#2036=AXIS2_PLACEMENT_3D('',#3158,#2566,#2567);
#2037=AXIS2_PLACEMENT_3D('',#3159,#2568,#2569);
#2038=AXIS2_PLACEMENT_3D('',#3160,#2570,#2571);
#2039=AXIS2_PLACEMENT_3D('',#3161,#2572,#2573);
#2040=AXIS2_PLACEMENT_3D('',#3162,#2574,#2575);
#2041=AXIS2_PLACEMENT_3D('',#3163,#2576,#2577);
#2042=AXIS2_PLACEMENT_3D('',#3164,#2578,#2579);
#2043=AXIS2_PLACEMENT_3D('',#3165,#2580,#2581);
#2044=AXIS2_PLACEMENT_3D('',#3166,#2582,#2583);
#2045=AXIS2_PLACEMENT_3D('',#3167,#2584,#2585);
#2046=AXIS2_PLACEMENT_3D('',#3168,#2586,#2587);
#2047=AXIS2_PLACEMENT_3D('',#3169,#2588,#2589);
#2048=AXIS2_PLACEMENT_3D('',#3170,#2590,#2591);
#2049=AXIS2_PLACEMENT_3D('',#3171,#2592,#2593);
#2050=AXIS2_PLACEMENT_3D('',#3172,#2594,#2595);
#2051=AXIS2_PLACEMENT_3D('',#3175,#2598,#2599);
#2052=AXIS2_PLACEMENT_3D('',#3177,#2601,#2602);
#2053=AXIS2_PLACEMENT_3D('',#3179,#2604,#2605);
#2054=AXIS2_PLACEMENT_3D('',#3180,#2606,#2607);
#2055=AXIS2_PLACEMENT_3D('',#3183,#2610,#2611);
#2056=AXIS2_PLACEMENT_3D('',#3185,#2613,#2614);
#2057=AXIS2_PLACEMENT_3D('',#3187,#2616,#2617);
#2058=DIRECTION('',(0.,0.,1.));
#2059=DIRECTION('',(1.,0.,0.));
#2060=DIRECTION('',(-1.,0.,0.));
#2061=DIRECTION('',(0.,0.,1.));
#2062=DIRECTION('',(-1.,0.,0.));
#2063=DIRECTION('',(0.,0.,1.));
#2064=DIRECTION('',(-1.,0.,0.));
#2065=DIRECTION('',(-1.,9.25185853854297E-16,-4.27984432086053E-31));
#2066=DIRECTION('',(-9.25185853854297E-16,-1.,0.));
#2067=DIRECTION('',(1.,0.,0.));
#2068=DIRECTION('',(-1.,0.,0.));
#2069=DIRECTION('',(0.,0.,1.));
#2070=DIRECTION('',(-1.,0.,0.));
#2071=DIRECTION('',(-1.,0.,0.));
#2072=DIRECTION('',(0.,0.,1.));
#2073=DIRECTION('',(-1.,0.,0.));
#2074=DIRECTION('',(1.,0.,0.));
#2075=DIRECTION('',(0.,0.,-1.));
#2076=DIRECTION('',(-1.,-4.62592926927148E-16,0.));
#2077=DIRECTION('',(4.62592926927148E-16,-1.,0.));
#2078=DIRECTION('',(1.,0.,0.));
#2079=DIRECTION('',(-1.,0.,0.));
#2080=DIRECTION('',(0.,0.,1.));
#2081=DIRECTION('',(1.,0.,0.));
#2082=DIRECTION('',(1.,0.,0.));
#2083=DIRECTION('',(0.,0.,-1.));
#2084=DIRECTION('',(1.,0.,0.));
#2085=DIRECTION('',(1.,-2.89120579329468E-16,0.));
#2086=DIRECTION('',(2.89120579329468E-16,1.,0.));
#2087=DIRECTION('',(1.,0.,0.));
#2088=DIRECTION('',(0.,0.,1.));
#2089=DIRECTION('',(1.,0.,0.));
#2090=DIRECTION('',(0.,0.,1.));
#2091=DIRECTION('',(1.,0.,0.));
#2092=DIRECTION('',(0.,0.,1.));
#2093=DIRECTION('',(1.,0.,0.));
#2094=DIRECTION('',(-1.,0.,0.));
#2095=DIRECTION('',(0.,0.,1.));
#2096=DIRECTION('',(1.,0.,0.));
#2097=DIRECTION('',(1.74829461290952E-16,-1.,0.));
#2098=DIRECTION('',(0.,0.,1.));
#2099=DIRECTION('',(1.,0.,0.));
#2100=DIRECTION('',(1.,0.,0.));
#2101=DIRECTION('',(0.,0.,1.));
#2102=DIRECTION('',(1.,0.,0.));
#2103=DIRECTION('',(-1.74829461290952E-16,1.,0.));
#2104=DIRECTION('',(0.,0.,1.));
#2105=DIRECTION('',(1.,0.,0.));
#2106=DIRECTION('',(1.,0.,0.));
#2107=DIRECTION('',(3.46944695195361E-15,1.,0.));
#2108=DIRECTION('',(1.,0.,0.));
#2109=DIRECTION('',(-3.12250225675826E-15,-1.,0.));
#2110=DIRECTION('',(-1.,0.,0.));
#2111=DIRECTION('',(0.,-1.,0.));
#2112=DIRECTION('',(-1.,0.,0.));
#2113=DIRECTION('',(0.,1.,0.));
#2114=DIRECTION('',(0.,0.,1.));
#2115=DIRECTION('',(1.,0.,0.));
#2116=DIRECTION('',(0.,0.,1.));
#2117=DIRECTION('',(1.,0.,0.));
#2118=DIRECTION('',(0.,0.,1.));
#2119=DIRECTION('',(1.,0.,0.));
#2120=DIRECTION('',(0.,0.,1.));
#2121=DIRECTION('',(1.,0.,0.));
#2122=DIRECTION('',(0.,0.,1.));
#2123=DIRECTION('',(1.,0.,0.));
#2124=DIRECTION('',(0.,0.,1.));
#2125=DIRECTION('',(1.,0.,0.));
#2126=DIRECTION('',(0.,0.,1.));
#2127=DIRECTION('',(1.,0.,0.));
#2128=DIRECTION('',(0.,0.,1.));
#2129=DIRECTION('',(1.,0.,0.));
#2130=DIRECTION('',(0.,0.,1.));
#2131=DIRECTION('',(1.,0.,0.));
#2132=DIRECTION('',(0.,0.,1.));
#2133=DIRECTION('',(1.,0.,0.));
#2134=DIRECTION('',(0.,0.,1.));
#2135=DIRECTION('',(1.,0.,0.));
#2136=DIRECTION('',(0.,0.,1.));
#2137=DIRECTION('',(1.,0.,0.));
#2138=DIRECTION('',(0.,0.,1.));
#2139=DIRECTION('',(1.,0.,0.));
#2140=DIRECTION('',(0.788226981996893,-0.615384615384615,0.));
#2141=DIRECTION('',(0.,0.,1.));
#2142=DIRECTION('',(1.,0.,0.));
#2143=DIRECTION('',(-0.788226981996893,-0.615384615384615,0.));
#2144=DIRECTION('',(0.,0.,1.));
#2145=DIRECTION('',(1.,0.,0.));
#2146=DIRECTION('',(-0.788226981996893,0.615384615384615,0.));
#2147=DIRECTION('',(0.,0.,1.));
#2148=DIRECTION('',(1.,0.,0.));
#2149=DIRECTION('',(0.788226981996893,0.615384615384615,0.));
#2150=DIRECTION('',(0.,0.,1.));
#2151=DIRECTION('',(1.,0.,0.));
#2152=DIRECTION('',(-0.788226981996893,0.615384615384615,0.));
#2153=DIRECTION('',(0.,0.,1.));
#2154=DIRECTION('',(1.,0.,0.));
#2155=DIRECTION('',(0.788226981996893,0.615384615384615,0.));
#2156=DIRECTION('',(0.,0.,1.));
#2157=DIRECTION('',(1.,0.,0.));
#2158=DIRECTION('',(0.788226981996893,-0.615384615384615,0.));
#2159=DIRECTION('',(0.,0.,1.));
#2160=DIRECTION('',(1.,0.,0.));
#2161=DIRECTION('',(-0.788226981996893,-0.615384615384615,0.));
#2162=DIRECTION('',(2.89120579329468E-16,1.,0.));
#2163=DIRECTION('',(-1.,0.,0.));
#2164=DIRECTION('',(0.,1.,0.));
#2165=DIRECTION('',(-1.,0.,0.));
#2166=DIRECTION('',(0.,-1.,0.));
#2167=DIRECTION('',(1.,0.,0.));
#2168=DIRECTION('',(0.,-1.,0.));
#2169=DIRECTION('',(1.,0.,0.));
#2170=DIRECTION('',(0.,0.,1.));
#2171=DIRECTION('',(1.,0.,0.));
#2172=DIRECTION('',(0.,0.,1.));
#2173=DIRECTION('',(1.,0.,0.));
#2174=DIRECTION('',(9.25185853854296E-16,-1.,0.));
#2175=DIRECTION('',(1.,9.25185853854296E-16,0.));
#2176=DIRECTION('',(-1.74829461290951E-16,1.,0.));
#2177=DIRECTION('',(-1.,-1.74829461290951E-16,0.));
#2178=DIRECTION('',(-1.74829461290951E-16,1.,0.));
#2179=DIRECTION('',(2.31296463463574E-16,-1.,0.));
#2180=DIRECTION('',(1.,2.31296463463574E-16,0.));
#2181=DIRECTION('',(-1.74829461290951E-16,1.,0.));
#2182=DIRECTION('',(0.,0.,1.));
#2183=DIRECTION('',(1.,0.,0.));
#2184=DIRECTION('',(-2.31296463463574E-16,-1.,-2.13992216043026E-31));
#2185=DIRECTION('',(1.,-2.31296463463574E-16,0.));
#2186=DIRECTION('',(0.,0.,1.));
#2187=DIRECTION('',(1.,0.,0.));
#2188=DIRECTION('',(0.,0.,1.));
#2189=DIRECTION('',(1.,0.,0.));
#2190=DIRECTION('',(0.,0.,1.));
#2191=DIRECTION('',(1.,0.,0.));
#2192=DIRECTION('',(1.74829461290951E-16,-1.,0.));
#2193=DIRECTION('',(1.,1.74829461290951E-16,0.));
#2194=DIRECTION('',(2.31296463463574E-16,-1.,5.34980540107566E-32));
#2195=DIRECTION('',(1.,2.31296463463574E-16,0.));
#2196=DIRECTION('',(1.74829461290951E-16,-1.,0.));
#2197=DIRECTION('',(-1.74829461290951E-16,1.,0.));
#2198=DIRECTION('',(0.,0.,1.));
#2199=DIRECTION('',(1.,0.,0.));
#2200=DIRECTION('',(0.,0.,1.));
#2201=DIRECTION('',(1.,0.,0.));
#2202=DIRECTION('',(0.,0.,1.));
#2203=DIRECTION('',(1.,0.,0.));
#2204=DIRECTION('',(0.,0.,1.));
#2205=DIRECTION('',(1.,0.,0.));
#2206=DIRECTION('',(0.,0.,1.));
#2207=DIRECTION('',(1.,0.,0.));
#2208=DIRECTION('',(0.,0.,1.));
#2209=DIRECTION('',(1.,0.,0.));
#2210=DIRECTION('',(0.,0.,1.));
#2211=DIRECTION('',(1.,0.,0.));
#2212=DIRECTION('',(0.,0.,1.));
#2213=DIRECTION('',(1.,0.,0.));
#2214=DIRECTION('',(0.,0.,1.));
#2215=DIRECTION('',(1.,0.,0.));
#2216=DIRECTION('',(0.,-1.,0.));
#2217=DIRECTION('',(-1.,0.,0.));
#2218=DIRECTION('',(0.,1.,0.));
#2219=DIRECTION('',(-1.,0.,0.));
#2220=DIRECTION('',(0.,0.,1.));
#2221=DIRECTION('',(1.,0.,0.));
#2222=DIRECTION('',(0.,0.,1.));
#2223=DIRECTION('',(1.,0.,0.));
#2224=DIRECTION('',(0.,0.,1.));
#2225=DIRECTION('',(1.,0.,0.));
#2226=DIRECTION('',(0.,0.,1.));
#2227=DIRECTION('',(1.,0.,0.));
#2228=DIRECTION('',(3.46944695195361E-15,1.,0.));
#2229=DIRECTION('',(1.,0.,0.));
#2230=DIRECTION('',(-3.12250225675826E-15,-1.,0.));
#2231=DIRECTION('',(1.,0.,0.));
#2232=DIRECTION('',(0.,0.,1.));
#2233=DIRECTION('',(1.,0.,0.));
#2234=DIRECTION('',(0.,0.,1.));
#2235=DIRECTION('',(1.,0.,0.));
#2236=DIRECTION('',(0.,0.,1.));
#2237=DIRECTION('',(1.,0.,0.));
#2238=DIRECTION('',(0.,0.,1.));
#2239=DIRECTION('',(1.,0.,0.));
#2240=DIRECTION('',(0.,0.,-1.));
#2241=DIRECTION('',(-1.,0.,0.));
#2242=DIRECTION('',(0.,0.,1.));
#2243=DIRECTION('',(1.,0.,0.));
#2244=DIRECTION('',(0.,0.,1.));
#2245=DIRECTION('',(1.,0.,0.));
#2246=DIRECTION('',(0.,0.,-1.));
#2247=DIRECTION('',(-1.,0.,0.));
#2248=DIRECTION('',(0.,0.,1.));
#2249=DIRECTION('',(1.,0.,0.));
#2250=DIRECTION('',(0.,0.,1.));
#2251=DIRECTION('',(1.,0.,0.));
#2252=DIRECTION('',(0.,0.,1.));
#2253=DIRECTION('',(1.,0.,0.));
#2254=DIRECTION('',(0.,0.,-1.));
#2255=DIRECTION('',(-1.,0.,0.));
#2256=DIRECTION('',(0.,0.,1.));
#2257=DIRECTION('',(1.,0.,0.));
#2258=DIRECTION('',(0.,0.,1.));
#2259=DIRECTION('',(1.,0.,0.));
#2260=DIRECTION('',(0.,0.,-1.));
#2261=DIRECTION('',(-1.,0.,0.));
#2262=DIRECTION('',(0.,0.,1.));
#2263=DIRECTION('',(1.,0.,0.));
#2264=DIRECTION('',(0.,0.,1.));
#2265=DIRECTION('',(1.,0.,0.));
#2266=DIRECTION('',(0.,0.,1.));
#2267=DIRECTION('',(1.,0.,0.));
#2268=DIRECTION('',(0.,0.,-1.));
#2269=DIRECTION('',(-1.,0.,0.));
#2270=DIRECTION('',(0.,0.,1.));
#2271=DIRECTION('',(1.,0.,0.));
#2272=DIRECTION('',(0.,0.,1.));
#2273=DIRECTION('',(1.,0.,0.));
#2274=DIRECTION('',(0.,0.,-1.));
#2275=DIRECTION('',(-1.,0.,0.));
#2276=DIRECTION('',(0.,0.,1.));
#2277=DIRECTION('',(1.,0.,0.));
#2278=DIRECTION('',(0.,0.,1.));
#2279=DIRECTION('',(1.,0.,0.));
#2280=DIRECTION('',(0.,0.,1.));
#2281=DIRECTION('',(1.,0.,0.));
#2282=DIRECTION('',(0.,0.,-1.));
#2283=DIRECTION('',(-1.,0.,0.));
#2284=DIRECTION('',(0.,0.,1.));
#2285=DIRECTION('',(1.,0.,0.));
#2286=DIRECTION('',(0.,0.,1.));
#2287=DIRECTION('',(1.,0.,0.));
#2288=DIRECTION('',(0.,0.,-1.));
#2289=DIRECTION('',(-1.,0.,0.));
#2290=DIRECTION('',(0.,0.,1.));
#2291=DIRECTION('',(1.,0.,0.));
#2292=DIRECTION('',(0.,0.,1.));
#2293=DIRECTION('',(1.,0.,0.));
#2294=DIRECTION('',(0.,0.,1.));
#2295=DIRECTION('',(1.,0.,0.));
#2296=DIRECTION('',(0.,0.,1.));
#2297=DIRECTION('',(1.,0.,0.));
#2298=DIRECTION('',(0.,0.,1.));
#2299=DIRECTION('',(1.,0.,0.));
#2300=DIRECTION('',(0.,0.,1.));
#2301=DIRECTION('',(1.,0.,0.));
#2302=DIRECTION('',(-1.,0.,0.));
#2303=DIRECTION('',(0.,0.,1.));
#2304=DIRECTION('',(0.,0.,1.));
#2305=DIRECTION('',(0.,0.,1.));
#2306=DIRECTION('',(0.,1.,0.));
#2307=DIRECTION('',(0.,0.,1.));
#2308=DIRECTION('',(0.,0.,1.));
#2309=DIRECTION('',(1.,0.,0.));
#2310=DIRECTION('',(0.,0.,-1.));
#2311=DIRECTION('',(0.,0.,1.));
#2312=DIRECTION('',(0.,1.,0.));
#2313=DIRECTION('',(0.,0.,1.));
#2314=DIRECTION('',(0.,0.,1.));
#2315=DIRECTION('',(1.,0.,0.));
#2316=DIRECTION('',(1.,-3.46944695195361E-15,0.));
#2317=DIRECTION('',(3.46944695195361E-15,1.,0.));
#2318=DIRECTION('',(0.,0.,1.));
#2319=DIRECTION('',(0.,0.,1.));
#2320=DIRECTION('',(0.,-1.,0.));
#2321=DIRECTION('',(0.,0.,-1.));
#2322=DIRECTION('',(0.,0.,1.));
#2323=DIRECTION('',(-1.,3.12250225675826E-15,0.));
#2324=DIRECTION('',(-3.12250225675826E-15,-1.,0.));
#2325=DIRECTION('',(0.,0.,1.));
#2326=DIRECTION('',(0.,-1.,0.));
#2327=DIRECTION('',(0.,0.,-1.));
#2328=DIRECTION('',(0.,0.,1.));
#2329=DIRECTION('',(1.,0.,0.));
#2330=DIRECTION('',(0.,0.,1.));
#2331=DIRECTION('',(1.,0.,0.));
#2332=DIRECTION('',(0.,0.,1.));
#2333=DIRECTION('',(1.,0.,0.));
#2334=DIRECTION('',(0.,0.,1.));
#2335=DIRECTION('',(1.,0.,0.));
#2336=DIRECTION('',(0.615384615384615,0.788226981996893,0.));
#2337=DIRECTION('',(-0.788226981996893,0.615384615384615,0.));
#2338=DIRECTION('',(0.,0.,-1.));
#2339=DIRECTION('',(0.788226981996893,-0.615384615384615,0.));
#2340=DIRECTION('',(0.,0.,-1.));
#2341=DIRECTION('',(0.,0.,-1.));
#2342=DIRECTION('',(-1.,0.,0.));
#2343=DIRECTION('',(0.,0.,-1.));
#2344=DIRECTION('',(0.,0.,1.));
#2345=DIRECTION('',(1.,0.,0.));
#2346=DIRECTION('',(-0.615384615384615,0.788226981996893,0.));
#2347=DIRECTION('',(-0.788226981996893,-0.615384615384615,0.));
#2348=DIRECTION('',(0.,0.,-1.));
#2349=DIRECTION('',(0.788226981996893,0.615384615384615,0.));
#2350=DIRECTION('',(0.,0.,-1.));
#2351=DIRECTION('',(-1.,0.,0.));
#2352=DIRECTION('',(0.,0.,-1.));
#2353=DIRECTION('',(0.,0.,1.));
#2354=DIRECTION('',(1.,0.,0.));
#2355=DIRECTION('',(-0.615384615384615,-0.788226981996893,0.));
#2356=DIRECTION('',(0.788226981996893,-0.615384615384615,0.));
#2357=DIRECTION('',(0.,0.,-1.));
#2358=DIRECTION('',(-0.788226981996893,0.615384615384615,0.));
#2359=DIRECTION('',(0.,0.,-1.));
#2360=DIRECTION('',(-1.,0.,0.));
#2361=DIRECTION('',(0.,0.,-1.));
#2362=DIRECTION('',(0.,0.,1.));
#2363=DIRECTION('',(1.,0.,0.));
#2364=DIRECTION('',(0.615384615384615,-0.788226981996893,0.));
#2365=DIRECTION('',(0.788226981996893,0.615384615384615,0.));
#2366=DIRECTION('',(0.,0.,-1.));
#2367=DIRECTION('',(-0.788226981996893,-0.615384615384615,0.));
#2368=DIRECTION('',(0.,0.,-1.));
#2369=DIRECTION('',(-1.,0.,0.));
#2370=DIRECTION('',(0.,0.,1.));
#2371=DIRECTION('',(1.,0.,0.));
#2372=DIRECTION('',(0.,0.,-1.));
#2373=DIRECTION('',(-1.,0.,0.));
#2374=DIRECTION('',(0.,0.,1.));
#2375=DIRECTION('',(1.,0.,0.));
#2376=DIRECTION('',(0.,0.,-1.));
#2377=DIRECTION('',(-1.,0.,0.));
#2378=DIRECTION('',(0.,0.,1.));
#2379=DIRECTION('',(1.,0.,0.));
#2380=DIRECTION('',(0.,0.,1.));
#2381=DIRECTION('',(1.,0.,0.));
#2382=DIRECTION('',(-0.615384615384615,-0.788226981996893,0.));
#2383=DIRECTION('',(0.788226981996893,-0.615384615384615,0.));
#2384=DIRECTION('',(0.,0.,-1.));
#2385=DIRECTION('',(-0.788226981996893,0.615384615384615,0.));
#2386=DIRECTION('',(0.,0.,-1.));
#2387=DIRECTION('',(0.,0.,-1.));
#2388=DIRECTION('',(-1.,0.,0.));
#2389=DIRECTION('',(0.,0.,-1.));
#2390=DIRECTION('',(0.,0.,1.));
#2391=DIRECTION('',(1.,0.,0.));
#2392=DIRECTION('',(0.615384615384615,-0.788226981996893,0.));
#2393=DIRECTION('',(0.788226981996893,0.615384615384615,0.));
#2394=DIRECTION('',(0.,0.,-1.));
#2395=DIRECTION('',(-0.788226981996893,-0.615384615384615,0.));
#2396=DIRECTION('',(0.,0.,-1.));
#2397=DIRECTION('',(-1.,0.,0.));
#2398=DIRECTION('',(0.,0.,-1.));
#2399=DIRECTION('',(0.,0.,1.));
#2400=DIRECTION('',(1.,0.,0.));
#2401=DIRECTION('',(0.615384615384615,0.788226981996893,0.));
#2402=DIRECTION('',(-0.788226981996893,0.615384615384615,0.));
#2403=DIRECTION('',(0.,0.,-1.));
#2404=DIRECTION('',(0.788226981996893,-0.615384615384615,0.));
#2405=DIRECTION('',(0.,0.,-1.));
#2406=DIRECTION('',(-1.,0.,0.));
#2407=DIRECTION('',(0.,0.,-1.));
#2408=DIRECTION('',(0.,0.,1.));
#2409=DIRECTION('',(1.,0.,0.));
#2410=DIRECTION('',(-0.615384615384615,0.788226981996893,0.));
#2411=DIRECTION('',(-0.788226981996893,-0.615384615384615,0.));
#2412=DIRECTION('',(0.,0.,-1.));
#2413=DIRECTION('',(0.788226981996893,0.615384615384615,0.));
#2414=DIRECTION('',(0.,0.,-1.));
#2415=DIRECTION('',(-1.,0.,0.));
#2416=DIRECTION('',(0.,0.,1.));
#2417=DIRECTION('',(1.,0.,0.));
#2418=DIRECTION('',(0.,0.,-1.));
#2419=DIRECTION('',(-1.,0.,0.));
#2420=DIRECTION('',(0.,0.,1.));
#2421=DIRECTION('',(1.,0.,0.));
#2422=DIRECTION('',(0.,0.,-1.));
#2423=DIRECTION('',(-1.,0.,0.));
#2424=DIRECTION('',(0.,0.,1.));
#2425=DIRECTION('',(1.,0.,0.));
#2426=DIRECTION('',(0.,0.,1.));
#2427=DIRECTION('',(1.,0.,0.));
#2428=DIRECTION('',(0.,0.,1.));
#2429=DIRECTION('',(1.,0.,0.));
#2430=DIRECTION('',(0.,0.,1.));
#2431=DIRECTION('',(0.,0.,1.));
#2432=DIRECTION('',(1.,0.,0.));
#2433=DIRECTION('',(0.,0.,1.));
#2434=DIRECTION('',(-1.,-1.74829461290952E-16,0.));
#2435=DIRECTION('',(1.74829461290952E-16,-1.,0.));
#2436=DIRECTION('',(1.74829461290952E-16,-1.,0.));
#2437=DIRECTION('',(0.,0.,1.));
#2438=DIRECTION('',(0.,0.,1.));
#2439=DIRECTION('',(1.,0.,0.));
#2440=DIRECTION('',(0.,0.,1.));
#2441=DIRECTION('',(1.,0.,0.));
#2442=DIRECTION('',(0.,0.,1.));
#2443=DIRECTION('',(0.,1.,0.));
#2444=DIRECTION('',(0.,0.,1.));
#2445=DIRECTION('',(-1.,0.,0.));
#2446=DIRECTION('',(0.,0.,1.));
#2447=DIRECTION('',(0.,0.,1.));
#2448=DIRECTION('',(1.,0.,0.));
#2449=DIRECTION('',(0.,0.,1.));
#2450=DIRECTION('',(1.,0.,0.));
#2451=DIRECTION('',(0.,0.,1.));
#2452=DIRECTION('',(1.,1.74829461290952E-16,0.));
#2453=DIRECTION('',(-1.74829461290952E-16,1.,0.));
#2454=DIRECTION('',(-1.74829461290952E-16,1.,0.));
#2455=DIRECTION('',(0.,0.,1.));
#2456=DIRECTION('',(0.,0.,1.));
#2457=DIRECTION('',(1.,0.,0.));
#2458=DIRECTION('',(0.,0.,1.));
#2459=DIRECTION('',(1.,0.,0.));
#2460=DIRECTION('',(0.,0.,1.));
#2461=DIRECTION('',(-1.,-1.74829461290952E-16,0.));
#2462=DIRECTION('',(1.74829461290952E-16,-1.,0.));
#2463=DIRECTION('',(0.,0.,1.));
#2464=DIRECTION('',(1.74829461290952E-16,-1.,0.));
#2465=DIRECTION('',(0.,0.,1.));
#2466=DIRECTION('',(1.74829461290952E-16,-1.,0.));
#2467=DIRECTION('',(0.,0.,1.));
#2468=DIRECTION('',(1.,0.,0.));
#2469=DIRECTION('',(0.,0.,1.));
#2470=DIRECTION('',(1.,0.,0.));
#2471=DIRECTION('',(0.,0.,1.));
#2472=DIRECTION('',(0.,0.,1.));
#2473=DIRECTION('',(1.,0.,0.));
#2474=DIRECTION('',(0.,-1.,0.));
#2475=DIRECTION('',(0.,0.,-1.));
#2476=DIRECTION('',(1.,0.,0.));
#2477=DIRECTION('',(0.,0.,1.));
#2478=DIRECTION('',(1.,0.,0.));
#2479=DIRECTION('',(0.,0.,1.));
#2480=DIRECTION('',(1.,0.,0.));
#2481=DIRECTION('',(0.,0.,1.));
#2482=DIRECTION('',(1.,0.,0.));
#2483=DIRECTION('',(0.,0.,1.));
#2484=DIRECTION('',(0.,0.,1.));
#2485=DIRECTION('',(1.,0.,0.));
#2486=DIRECTION('',(1.,1.74829461290952E-16,0.));
#2487=DIRECTION('',(-1.74829461290952E-16,1.,0.));
#2488=DIRECTION('',(-1.74829461290952E-16,1.,0.));
#2489=DIRECTION('',(0.,0.,1.));
#2490=DIRECTION('',(-1.74829461290952E-16,1.,0.));
#2491=DIRECTION('',(0.,0.,1.));
#2492=DIRECTION('',(1.,0.,0.));
#2493=DIRECTION('',(0.,0.,1.));
#2494=DIRECTION('',(1.,0.,0.));
#2495=DIRECTION('',(0.,0.,1.));
#2496=DIRECTION('',(0.,0.,1.));
#2497=DIRECTION('',(1.,0.,0.));
#2498=DIRECTION('',(0.,1.,0.));
#2499=DIRECTION('',(0.,0.,1.));
#2500=DIRECTION('',(-1.,0.,0.));
#2501=DIRECTION('',(0.,0.,1.));
#2502=DIRECTION('',(-1.,0.,0.));
#2503=DIRECTION('',(0.,0.,1.));
#2504=DIRECTION('',(1.,0.,0.));
#2505=DIRECTION('',(0.,0.,1.));
#2506=DIRECTION('',(1.,0.,0.));
#2507=DIRECTION('',(0.,0.,1.));
#2508=DIRECTION('',(1.,0.,0.));
#2509=DIRECTION('',(0.,-1.,0.));
#2510=DIRECTION('',(0.,0.,-1.));
#2511=DIRECTION('',(1.,0.,0.));
#2512=DIRECTION('',(0.,0.,1.));
#2513=DIRECTION('',(1.,0.,0.));
#2514=DIRECTION('',(1.74829461290952E-16,-1.,0.));
#2515=DIRECTION('',(0.,0.,1.));
#2516=DIRECTION('',(1.,0.,0.));
#2517=DIRECTION('',(-1.,0.,0.));
#2518=DIRECTION('',(0.,0.,1.));
#2519=DIRECTION('',(1.,0.,0.));
#2520=DIRECTION('',(-1.74829461290952E-16,1.,0.));
#2521=DIRECTION('',(0.,0.,1.));
#2522=DIRECTION('',(1.,0.,0.));
#2523=DIRECTION('',(1.,0.,0.));
#2524=DIRECTION('',(0.,0.,1.));
#2525=DIRECTION('',(1.,0.,0.));
#2526=DIRECTION('',(0.,0.,1.));
#2527=DIRECTION('',(1.,0.,0.));
#2528=DIRECTION('',(-1.,0.,0.));
#2529=DIRECTION('',(0.,0.,1.));
#2530=DIRECTION('',(0.,1.,0.));
#2531=DIRECTION('',(0.,0.,1.));
#2532=DIRECTION('',(1.74829461290952E-16,-1.,0.));
#2533=DIRECTION('',(1.,1.74829461290952E-16,0.));
#2534=DIRECTION('',(0.,1.,0.));
#2535=DIRECTION('',(0.,0.,1.));
#2536=DIRECTION('',(-1.,0.,0.));
#2537=DIRECTION('',(0.,0.,1.));
#2538=DIRECTION('',(-1.,0.,0.));
#2539=DIRECTION('',(0.,0.,1.));
#2540=DIRECTION('',(0.,0.,1.));
#2541=DIRECTION('',(1.,0.,0.));
#2542=DIRECTION('',(-1.,0.,0.));
#2543=DIRECTION('',(0.,0.,1.));
#2544=DIRECTION('',(0.,0.,1.));
#2545=DIRECTION('',(1.,0.,0.));
#2546=DIRECTION('',(0.,1.,0.));
#2547=DIRECTION('',(0.,0.,1.));
#2548=DIRECTION('',(1.,0.,0.));
#2549=DIRECTION('',(0.,0.,-1.));
#2550=DIRECTION('',(-1.,0.,0.));
#2551=DIRECTION('',(0.,0.,1.));
#2552=DIRECTION('',(-1.74829461290952E-16,1.,0.));
#2553=DIRECTION('',(-1.,-1.74829461290952E-16,0.));
#2554=DIRECTION('',(0.,1.,0.));
#2555=DIRECTION('',(0.,0.,1.));
#2556=DIRECTION('',(0.,0.,1.));
#2557=DIRECTION('',(1.,0.,0.));
#2558=DIRECTION('',(0.,0.,1.));
#2559=DIRECTION('',(1.,0.,0.));
#2560=DIRECTION('',(-1.,0.,0.));
#2561=DIRECTION('',(0.,0.,1.));
#2562=DIRECTION('',(0.,1.,0.));
#2563=DIRECTION('',(0.,0.,1.));
#2564=DIRECTION('',(-1.74829461290952E-16,1.,0.));
#2565=DIRECTION('',(-1.,-1.74829461290952E-16,0.));
#2566=DIRECTION('',(0.,1.,0.));
#2567=DIRECTION('',(0.,0.,1.));
#2568=DIRECTION('',(1.,0.,0.));
#2569=DIRECTION('',(0.,0.,-1.));
#2570=DIRECTION('',(-1.,0.,0.));
#2571=DIRECTION('',(0.,0.,1.));
#2572=DIRECTION('',(0.,0.,1.));
#2573=DIRECTION('',(1.,0.,0.));
#2574=DIRECTION('',(-1.,0.,0.));
#2575=DIRECTION('',(0.,0.,1.));
#2576=DIRECTION('',(0.,0.,1.));
#2577=DIRECTION('',(1.,0.,0.));
#2578=DIRECTION('',(0.,1.,0.));
#2579=DIRECTION('',(0.,0.,1.));
#2580=DIRECTION('',(-1.,0.,0.));
#2581=DIRECTION('',(0.,0.,1.));
#2582=DIRECTION('',(-1.,0.,0.));
#2583=DIRECTION('',(0.,0.,1.));
#2584=DIRECTION('',(1.74829461290952E-16,-1.,0.));
#2585=DIRECTION('',(1.,1.74829461290952E-16,0.));
#2586=DIRECTION('',(0.,1.,0.));
#2587=DIRECTION('',(0.,0.,1.));
#2588=DIRECTION('',(0.,0.,1.));
#2589=DIRECTION('',(1.,0.,0.));
#2590=DIRECTION('',(0.,0.,1.));
#2591=DIRECTION('',(1.,0.,0.));
#2592=DIRECTION('',(0.,0.,1.));
#2593=DIRECTION('',(1.,0.,0.));
#2594=DIRECTION('',(0.,1.,0.));
#2595=DIRECTION('',(0.,0.,1.));
#2596=DIRECTION('',(0.,0.,1.));
#2597=DIRECTION('',(0.,0.,1.));
#2598=DIRECTION('',(1.,-2.89120579329468E-16,0.));
#2599=DIRECTION('',(2.89120579329468E-16,1.,0.));
#2600=DIRECTION('',(0.,0.,1.));
#2601=DIRECTION('',(0.,1.,0.));
#2602=DIRECTION('',(0.,0.,1.));
#2603=DIRECTION('',(0.,0.,1.));
#2604=DIRECTION('',(1.,0.,0.));
#2605=DIRECTION('',(0.,0.,-1.));
#2606=DIRECTION('',(0.,-1.,0.));
#2607=DIRECTION('',(0.,0.,-1.));
#2608=DIRECTION('',(0.,0.,1.));
#2609=DIRECTION('',(0.,0.,1.));
#2610=DIRECTION('',(-1.,0.,0.));
#2611=DIRECTION('',(0.,0.,1.));
#2612=DIRECTION('',(0.,0.,1.));
#2613=DIRECTION('',(0.,-1.,0.));
#2614=DIRECTION('',(0.,0.,-1.));
#2615=DIRECTION('',(0.,0.,1.));
#2616=DIRECTION('',(-1.,0.,0.));
#2617=DIRECTION('',(0.,0.,1.));
#2618=CARTESIAN_POINT('',(0.,0.,0.));
#2619=CARTESIAN_POINT('',(-2.7108817278243E-5,0.0512133507326849,0.));
#2620=CARTESIAN_POINT('',(0.00719815549810745,0.0546113016867016,-0.0298107392979847));
#2621=CARTESIAN_POINT('',(0.00765117744709001,0.0535159037096982,-0.0299197350056791));
#2622=CARTESIAN_POINT('',(0.0071971347135325,0.0524183290046342,-0.0299795301053497));
#2623=CARTESIAN_POINT('',(0.00609929710281438,0.0519636453606507,-0.0299898944867613));
#2624=CARTESIAN_POINT('',(0.00500013267180891,0.052420336912546,-0.0299794787674633));
#2625=CARTESIAN_POINT('',(0.00454932291051252,0.0535197288737829,-0.0299194208815478));
#2626=CARTESIAN_POINT('',(0.00500259340460003,0.0546112462322534,-0.0298107183843666));
#2627=CARTESIAN_POINT('',(0.00610005226068213,0.0550676743891377,-0.0297506656617166));
#2628=CARTESIAN_POINT('',(0.00719815549810745,0.0546113016867016,-0.0298107392979847));
#2629=CARTESIAN_POINT('',(0.00765117744709001,0.0535159037096982,-0.0299197350056791));
#2630=CARTESIAN_POINT('',(0.0071971347135325,0.0524183290046342,-0.0299795301053497));
#2631=CARTESIAN_POINT('',(0.0075,0.0535155409216881,-0.0299115349043418));
#2632=CARTESIAN_POINT('',(-0.0516071088172782,0.0512133507326849,0.));
#2633=CARTESIAN_POINT('',(-0.0516071088172782,0.0651799802797806,-0.0265505792609915));
#2634=CARTESIAN_POINT('',(-0.0516071088172782,0.0512133507326849,-0.03));
#2635=CARTESIAN_POINT('',(-2.7108817278243E-5,0.0651799802797806,-0.0265505792609915));
#2636=CARTESIAN_POINT('',(0.0515528911827217,0.0651799802797806,-0.0265505792609915));
#2637=CARTESIAN_POINT('',(0.0515528911827217,0.0512133507326849,0.));
#2638=CARTESIAN_POINT('',(0.0515528911827218,0.0512133507326849,-0.03));
#2639=CARTESIAN_POINT('',(0.0515528911827218,0.0512133507326849,-0.03));
#2640=CARTESIAN_POINT('',(0.0076,0.0512133507326849,0.));
#2641=CARTESIAN_POINT('',(0.0076,0.0571155409216881,-0.0294136728575816));
#2642=CARTESIAN_POINT('',(0.0076,0.0631155409216881,-0.0275379350842578));
#2643=CARTESIAN_POINT('',(-2.7108817278243E-5,0.0631155409216881,-0.0275379350842578));
#2644=CARTESIAN_POINT('',(-0.0024,0.0631155409216881,-0.0275379350842578));
#2645=CARTESIAN_POINT('',(-0.0024,0.0512133507326849,0.));
#2646=CARTESIAN_POINT('',(-0.0024,0.0571155409216881,-0.0294136728575816));
#2647=CARTESIAN_POINT('',(-2.7108817278243E-5,0.0571155409216881,-0.0294136728575816));
#2648=CARTESIAN_POINT('',(-2.71088172782222E-5,-0.0281656492673151,0.));
#2649=CARTESIAN_POINT('',(0.00722002608376948,-0.0375303291148252,-0.0285054096481453));
#2650=CARTESIAN_POINT('',(0.00763810838596217,-0.0386136526089287,-0.0281311457516913));
#2651=CARTESIAN_POINT('',(0.00722754037238182,-0.0396702417143372,-0.0277111205312727));
#2652=CARTESIAN_POINT('',(0.00611503511257683,-0.0401740231274206,-0.0274912127392453));
#2653=CARTESIAN_POINT('',(0.00498719610062501,-0.0396885133107971,-0.0277034138978052));
#2654=CARTESIAN_POINT('',(0.00456250695339151,-0.038632629810707,-0.0281240729244715));
#2655=CARTESIAN_POINT('',(0.00496355894790963,-0.0375508285718126,-0.0284987773638111));
#2656=CARTESIAN_POINT('',(0.00608390893228187,-0.0370436029992675,-0.0286555893348993));
#2657=CARTESIAN_POINT('',(0.00722002608376948,-0.0375303291148252,-0.0285054096481453));
#2658=CARTESIAN_POINT('',(0.00763810838596217,-0.0386136526089287,-0.0281311457516913));
#2659=CARTESIAN_POINT('',(0.00722754037238182,-0.0396702417143372,-0.0277111205312727));
#2660=CARTESIAN_POINT('',(0.0075,-0.0386091968774796,-0.0281235188643639));
#2661=CARTESIAN_POINT('',(0.0515528911827218,-0.0281656492673151,0.));
#2662=CARTESIAN_POINT('',(0.0515528911827218,-0.0281656492673151,-0.03));
#2663=CARTESIAN_POINT('',(0.0515528911827218,-0.0421322788144109,-0.0265505792609915));
#2664=CARTESIAN_POINT('',(-2.71088172782222E-5,-0.0421322788144109,-0.0265505792609915));
#2665=CARTESIAN_POINT('',(-0.0516071088172782,-0.0421322788144109,-0.0265505792609915));
#2666=CARTESIAN_POINT('',(-0.0516071088172782,-0.0281656492673151,0.));
#2667=CARTESIAN_POINT('',(-0.0516071088172782,-0.0281656492673151,-0.03));
#2668=CARTESIAN_POINT('',(-2.7108817278243E-5,-0.0281656492673151,-0.03));
#2669=CARTESIAN_POINT('',(-0.0024,-0.0281656492673151,0.));
#2670=CARTESIAN_POINT('',(-0.0024,-0.0290091968774796,-0.0299881381120834));
#2671=CARTESIAN_POINT('',(-0.0024,-0.0350091968774796,-0.0292090029974905));
#2672=CARTESIAN_POINT('',(-2.71088172782222E-5,-0.0350091968774796,-0.0292090029974905));
#2673=CARTESIAN_POINT('',(0.0076,-0.0350091968774796,-0.0292090029974905));
#2674=CARTESIAN_POINT('',(0.0076,-0.0281656492673151,0.));
#2675=CARTESIAN_POINT('',(0.0076,-0.0290091968774796,-0.0299881381120834));
#2676=CARTESIAN_POINT('',(-2.71088172782222E-5,-0.0290091968774796,-0.0299881381120834));
#2677=CARTESIAN_POINT('',(-2.7108817278243E-5,0.0115238507326849,-0.026));
#2678=CARTESIAN_POINT('',(0.0061,-0.0386091968774796,-0.026));
#2679=CARTESIAN_POINT('',(0.0075,-0.0386091968774796,-0.026));
#2680=CARTESIAN_POINT('',(0.0061,0.0535155409216881,-0.026));
#2681=CARTESIAN_POINT('',(0.0075,0.0535155409216881,-0.026));
#2682=CARTESIAN_POINT('',(-2.7108817278243E-5,0.0671799802797806,-0.026));
#2683=CARTESIAN_POINT('',(0.0515528911827217,0.0671799802797806,-0.026));
#2684=CARTESIAN_POINT('',(-0.0516071088172782,0.0671799802797806,-0.026));
#2685=CARTESIAN_POINT('',(-0.0516071088172782,0.0512133507326849,-0.026));
#2686=CARTESIAN_POINT('',(-0.067573738364374,0.0512133507326849,-0.026));
#2687=CARTESIAN_POINT('',(-0.067573738364374,0.0115238507326849,-0.026));
#2688=CARTESIAN_POINT('',(-0.067573738364374,-0.0281656492673151,-0.026));
#2689=CARTESIAN_POINT('',(-0.0516071088172782,-0.0281656492673151,-0.026));
#2690=CARTESIAN_POINT('',(-0.0516071088172782,-0.0441322788144109,-0.026));
#2691=CARTESIAN_POINT('',(-2.7108817278243E-5,-0.0441322788144109,-0.026));
#2692=CARTESIAN_POINT('',(0.0515528911827218,-0.0441322788144109,-0.026));
#2693=CARTESIAN_POINT('',(0.0515528911827218,-0.0281656492673151,-0.026));
#2694=CARTESIAN_POINT('',(0.0675195207298175,-0.0281656492673151,-0.026));
#2695=CARTESIAN_POINT('',(0.0675195207298175,0.0115238507326849,-0.026));
#2696=CARTESIAN_POINT('',(0.0675195207298175,0.0512133507326849,-0.026));
#2697=CARTESIAN_POINT('',(0.0515528911827217,0.0512133507326849,-0.026));
#2698=CARTESIAN_POINT('',(0.043770869976728,-0.00844742373359998,-0.026));
#2699=CARTESIAN_POINT('',(0.038770869976728,-0.00844742373359998,-0.026));
#2700=CARTESIAN_POINT('',(0.048770869976728,-0.00844742373359998,-0.026));
#2701=CARTESIAN_POINT('',(0.038770869976728,0.0215525762664,-0.026));
#2702=CARTESIAN_POINT('',(0.038770869976728,0.0315525762664001,-0.026));
#2703=CARTESIAN_POINT('',(0.043770869976728,0.0315525762664001,-0.026));
#2704=CARTESIAN_POINT('',(0.0487708699767281,0.0315525762664001,-0.026));
#2705=CARTESIAN_POINT('',(0.048770869976728,0.0115525762664,-0.026));
#2706=CARTESIAN_POINT('',(-0.0431618911827218,0.0315525762664001,-0.026));
#2707=CARTESIAN_POINT('',(-0.0381618911827218,0.0315525762664001,-0.026));
#2708=CARTESIAN_POINT('',(-0.0481618911827218,0.0315525762664001,-0.026));
#2709=CARTESIAN_POINT('',(-0.0381618911827218,0.00155257626640003,-0.026));
#2710=CARTESIAN_POINT('',(-0.0381618911827218,-0.00844742373359998,-0.026));
#2711=CARTESIAN_POINT('',(-0.0431618911827218,-0.00844742373359998,-0.026));
#2712=CARTESIAN_POINT('',(-0.0481618911827218,-0.00844742373359998,-0.026));
#2713=CARTESIAN_POINT('',(-0.0481618911827218,0.0115525762664,-0.026));
#2714=CARTESIAN_POINT('',(-0.0563155168543581,0.0559217587697648,-0.026));
#2715=CARTESIAN_POINT('',(-0.0549155168543581,0.0559217587697648,-0.026));
#2716=CARTESIAN_POINT('',(0.0562612992198016,0.0559217587697648,-0.026));
#2717=CARTESIAN_POINT('',(0.0576612992198016,0.0559217587697648,-0.026));
#2718=CARTESIAN_POINT('',(0.0562612992198017,-0.033674057304395,-0.026));
#2719=CARTESIAN_POINT('',(0.0576612992198017,-0.033674057304395,-0.026));
#2720=CARTESIAN_POINT('',(-0.0563155168543581,-0.033674057304395,-0.026));
#2721=CARTESIAN_POINT('',(-0.0549155168543581,-0.033674057304395,-0.026));
#2722=CARTESIAN_POINT('',(0.0375528911827218,0.0371943507326849,-0.026));
#2723=CARTESIAN_POINT('',(0.0404528911827218,0.0371943507326849,-0.026));
#2724=CARTESIAN_POINT('',(-0.0376071088172782,0.0371943507326849,-0.026));
#2725=CARTESIAN_POINT('',(-0.0347071088172782,0.0371943507326849,-0.026));
#2726=CARTESIAN_POINT('',(-0.0376071088172782,-0.0371846492673151,-0.026));
#2727=CARTESIAN_POINT('',(-0.0347071088172782,-0.0371846492673151,-0.026));
#2728=CARTESIAN_POINT('',(0.0375528911827218,-0.0371846492673151,-0.026));
#2729=CARTESIAN_POINT('',(0.0404528911827218,-0.0371846492673151,-0.026));
#2730=CARTESIAN_POINT('',(0.0214528911827217,0.0205525763600692,-0.026));
#2731=CARTESIAN_POINT('',(0.0224528911827217,0.0205525763600692,-0.026));
#2732=CARTESIAN_POINT('',(-0.0214528911827217,0.0205525763600692,-0.026));
#2733=CARTESIAN_POINT('',(-0.0204528911827217,0.0205525763600692,-0.026));
#2734=CARTESIAN_POINT('',(-0.0214528911827217,0.00255257636006917,-0.026));
#2735=CARTESIAN_POINT('',(-0.0204528911827217,0.00255257636006917,-0.026));
#2736=CARTESIAN_POINT('',(0.0214528911827217,0.00255257636006917,-0.026));
#2737=CARTESIAN_POINT('',(0.0224528911827217,0.00255257636006917,-0.026));
#2738=CARTESIAN_POINT('',(-3.46944695195361E-18,0.0345525762664,-0.026));
#2739=CARTESIAN_POINT('',(-0.00984615384615382,0.0219409445544498,-0.026));
#2740=CARTESIAN_POINT('',(0.00984615384615382,0.0219409445544498,-0.026));
#2741=CARTESIAN_POINT('',(-0.0159038461538462,0.0266703064464311,-0.026));
#2742=CARTESIAN_POINT('',(-0.0219615384615385,0.0313996683384124,-0.026));
#2743=CARTESIAN_POINT('',(-0.0195,0.0345525762664,-0.026));
#2744=CARTESIAN_POINT('',(-0.0219615384615385,0.0377054841943876,-0.026));
#2745=CARTESIAN_POINT('',(-0.0159038461538462,0.0424348460863689,-0.026));
#2746=CARTESIAN_POINT('',(-0.00984615384615381,0.0471642079783503,-0.026));
#2747=CARTESIAN_POINT('',(-4.33680868994202E-18,0.0345525762664,-0.026));
#2748=CARTESIAN_POINT('',(0.00984615384615383,0.0471642079783503,-0.026));
#2749=CARTESIAN_POINT('',(0.0159038461538462,0.0424348460863689,-0.026));
#2750=CARTESIAN_POINT('',(0.0219615384615385,0.0377054841943876,-0.026));
#2751=CARTESIAN_POINT('',(0.0195,0.0345525762664,-0.026));
#2752=CARTESIAN_POINT('',(0.0219615384615385,0.0313996683384124,-0.026));
#2753=CARTESIAN_POINT('',(0.0159038461538462,0.0266703064464311,-0.026));
#2754=CARTESIAN_POINT('',(0.,-0.0115525762664,-0.026));
#2755=CARTESIAN_POINT('',(0.00984615384615382,0.00105905544555027,-0.026));
#2756=CARTESIAN_POINT('',(-0.00984615384615382,0.00105905544555027,-0.026));
#2757=CARTESIAN_POINT('',(0.0159038461538462,-0.00367030644643108,-0.026));
#2758=CARTESIAN_POINT('',(0.0219615384615385,-0.00839966833841243,-0.026));
#2759=CARTESIAN_POINT('',(0.0195,-0.0115525762664,-0.026));
#2760=CARTESIAN_POINT('',(0.0219615384615385,-0.0147054841943876,-0.026));
#2761=CARTESIAN_POINT('',(0.0159038461538462,-0.0194348460863689,-0.026));
#2762=CARTESIAN_POINT('',(0.00984615384615382,-0.0241642079783503,-0.026));
#2763=CARTESIAN_POINT('',(6.07153216591882E-18,-0.0115525762664,-0.026));
#2764=CARTESIAN_POINT('',(-0.00984615384615386,-0.0241642079783503,-0.026));
#2765=CARTESIAN_POINT('',(-0.0159038461538462,-0.0194348460863689,-0.026));
#2766=CARTESIAN_POINT('',(-0.0219615384615385,-0.0147054841943876,-0.026));
#2767=CARTESIAN_POINT('',(-0.0195,-0.0115525762664,-0.026));
#2768=CARTESIAN_POINT('',(-0.0219615384615385,-0.00839966833841246,-0.026));
#2769=CARTESIAN_POINT('',(-0.0159038461538462,-0.00367030644643108,-0.026));
#2770=CARTESIAN_POINT('',(0.0076,-0.0320091968774796,-0.026));
#2771=CARTESIAN_POINT('',(0.0076,-0.0350091968774796,-0.026));
#2772=CARTESIAN_POINT('',(0.0076,-0.0290091968774796,-0.026));
#2773=CARTESIAN_POINT('',(0.0026,-0.0350091968774796,-0.026));
#2774=CARTESIAN_POINT('',(-0.0024,-0.0350091968774796,-0.026));
#2775=CARTESIAN_POINT('',(-0.0024,-0.0320091968774796,-0.026));
#2776=CARTESIAN_POINT('',(-0.0024,-0.0290091968774796,-0.026));
#2777=CARTESIAN_POINT('',(0.0026,-0.0290091968774796,-0.026));
#2778=CARTESIAN_POINT('',(-0.0024,0.0601155409216881,-0.026));
#2779=CARTESIAN_POINT('',(-0.0024,0.0631155409216881,-0.026));
#2780=CARTESIAN_POINT('',(-0.0024,0.0571155409216881,-0.026));
#2781=CARTESIAN_POINT('',(0.0026,0.0631155409216881,-0.026));
#2782=CARTESIAN_POINT('',(0.0076,0.0631155409216881,-0.026));
#2783=CARTESIAN_POINT('',(0.0076,0.0601155409216881,-0.026));
#2784=CARTESIAN_POINT('',(0.0076,0.0571155409216881,-0.026));
#2785=CARTESIAN_POINT('',(0.0026,0.0571155409216881,-0.026));
#2786=CARTESIAN_POINT('',(0.0515528911827217,0.0512133507326849,0.));
#2787=CARTESIAN_POINT('',(0.0562780024978768,0.0543702506890046,-0.0294646604973253));
#2788=CARTESIAN_POINT('',(0.0551600374734949,0.0548207264659915,-0.0295709047415194));
#2789=CARTESIAN_POINT('',(0.0547099454606614,0.0559376985993258,-0.029464757711152));
#2790=CARTESIAN_POINT('',(0.0551681609873685,0.0570147785823695,-0.0292186185633212));
#2791=CARTESIAN_POINT('',(0.0562452366354604,0.0574731643280233,-0.0289699096192876));
#2792=CARTESIAN_POINT('',(0.0573616907865035,0.0570229233493786,-0.0288611868765992));
#2793=CARTESIAN_POINT('',(0.0578127155397312,0.0559081675168964,-0.0289695059857538));
#2794=CARTESIAN_POINT('',(0.057355116824973,0.0548290332012656,-0.0292184241784171));
#2795=CARTESIAN_POINT('',(0.0562780024978768,0.0543702506890046,-0.0294646604973253));
#2796=CARTESIAN_POINT('',(0.0551600374734949,0.0548207264659915,-0.0295709047415194));
#2797=CARTESIAN_POINT('',(0.0547099454606614,0.0559376985993258,-0.029464757711152));
#2798=CARTESIAN_POINT('',(0.0552713497119827,0.0549318092902614,-0.0295355062953346));
#2799=CARTESIAN_POINT('',(0.0515528911827217,0.0512133507326849,-0.0265505792609915));
#2800=CARTESIAN_POINT('',(0.0655195207298175,0.0512133507326849,-0.0265505792609915));
#2801=CARTESIAN_POINT('',(0.0515528911827217,0.0512133507326849,0.));
#2802=CARTESIAN_POINT('',(0.0515528911827218,0.0115238507326849,0.));
#2803=CARTESIAN_POINT('',(0.0655195207298175,0.0115238507326849,-0.0265505792609915));
#2804=CARTESIAN_POINT('',(0.0655195207298175,-0.0281656492673151,-0.0265505792609915));
#2805=CARTESIAN_POINT('',(0.0515528911827218,-0.0281656492673152,0.));
#2806=CARTESIAN_POINT('',(0.0515528911827218,0.0115238507326849,-0.03));
#2807=CARTESIAN_POINT('',(-0.0516071088172782,0.0512133507326849,0.));
#2808=CARTESIAN_POINT('',(-0.0562618318140791,0.0543700754380254,-0.0294759150416243));
#2809=CARTESIAN_POINT('',(-0.0573622294987881,0.0547834199835274,-0.0292333607127647));
#2810=CARTESIAN_POINT('',(-0.057863858575097,0.0558396755186019,-0.028981155024208));
#2811=CARTESIAN_POINT('',(-0.0574650760746328,0.0569713434189519,-0.0288615814176647));
#2812=CARTESIAN_POINT('',(-0.0563687855781336,0.057473121366409,-0.0289586257966726));
#2813=CARTESIAN_POINT('',(-0.055270116580551,0.0570607312804449,-0.0292035168986006));
#2814=CARTESIAN_POINT('',(-0.0547672261529281,0.056006109354801,-0.029453353503346));
#2815=CARTESIAN_POINT('',(-0.0551649648451213,0.0548728743018423,-0.0295704505270567));
#2816=CARTESIAN_POINT('',(-0.0562618318140791,0.0543700754380254,-0.0294759150416243));
#2817=CARTESIAN_POINT('',(-0.0573622294987881,0.0547834199835274,-0.0292333607127647));
#2818=CARTESIAN_POINT('',(-0.057863858575097,0.0558396755186019,-0.028981155024208));
#2819=CARTESIAN_POINT('',(-0.0572624347307214,0.0548905718151228,-0.0292317521528152));
#2820=CARTESIAN_POINT('',(-0.0516071088172783,0.0512133507326849,0.));
#2821=CARTESIAN_POINT('',(-0.065573738364374,0.0512133507326849,-0.0265505792609915));
#2822=CARTESIAN_POINT('',(-0.0516071088172782,0.0512133507326849,-0.0265505792609915));
#2823=CARTESIAN_POINT('',(0.0515528911827218,-0.0281656492673151,0.));
#2824=CARTESIAN_POINT('',(0.0561297328324382,-0.0352205761425089,-0.028805272724254));
#2825=CARTESIAN_POINT('',(0.0550902741035044,-0.0346824451950078,-0.029077070037768));
#2826=CARTESIAN_POINT('',(0.0547132772937057,-0.0335770029651332,-0.0293460180611472));
#2827=CARTESIAN_POINT('',(0.055243008696007,-0.0324952473726297,-0.0294635672241887));
#2828=CARTESIAN_POINT('',(0.0563936605359969,-0.0321276702722354,-0.029348454107006));
#2829=CARTESIAN_POINT('',(0.0574321849559517,-0.032666150391236,-0.0290798164198));
#2830=CARTESIAN_POINT('',(0.0578092053677902,-0.033769197097215,-0.0288083014891409));
#2831=CARTESIAN_POINT('',(0.0572807115920454,-0.0348521970627362,-0.0286870529270229));
#2832=CARTESIAN_POINT('',(0.0561297328324382,-0.0352205761425089,-0.028805272724254));
#2833=CARTESIAN_POINT('',(0.0550902741035044,-0.0346824451950078,-0.029077070037768));
#2834=CARTESIAN_POINT('',(0.0547132772937057,-0.0335770029651332,-0.0293460180611472));
#2835=CARTESIAN_POINT('',(0.0552006844233603,-0.0345878933146122,-0.0290765951560789));
#2836=CARTESIAN_POINT('',(0.0515528911827218,-0.0281656492673151,-0.0265505792609915));
#2837=CARTESIAN_POINT('',(-0.0516071088172782,0.0115238507326849,0.));
#2838=CARTESIAN_POINT('',(-0.0516071088172782,-0.0281656492673152,0.));
#2839=CARTESIAN_POINT('',(-0.065573738364374,-0.0281656492673152,-0.0265505792609915));
#2840=CARTESIAN_POINT('',(-0.065573738364374,0.0115238507326849,-0.0265505792609915));
#2841=CARTESIAN_POINT('',(-0.0516071088172782,0.0512133507326849,-0.03));
#2842=CARTESIAN_POINT('',(-0.0516071088172782,-0.0281656492673151,0.));
#2843=CARTESIAN_POINT('',(-0.0563110684397413,-0.035226647735241,-0.0287832774096877));
#2844=CARTESIAN_POINT('',(-0.0574302148492138,-0.0347628194150957,-0.0286885806690715));
#2845=CARTESIAN_POINT('',(-0.0578653553521245,-0.0336409224744492,-0.028832549287721));
#2846=CARTESIAN_POINT('',(-0.0574002341625049,-0.0325740487526436,-0.0291111919168295));
#2847=CARTESIAN_POINT('',(-0.0563199354864457,-0.0321213210901502,-0.0293701188358122));
#2848=CARTESIAN_POINT('',(-0.055201664600582,-0.0325850185310555,-0.0294620591552906));
#2849=CARTESIAN_POINT('',(-0.0547653210358462,-0.0337053841355685,-0.0293223048126833));
#2850=CARTESIAN_POINT('',(-0.0552312718649363,-0.0347749239310756,-0.0290454780136508));
#2851=CARTESIAN_POINT('',(-0.0563110684397413,-0.035226647735241,-0.0287832774096877));
#2852=CARTESIAN_POINT('',(-0.0574302148492138,-0.0347628194150957,-0.0286885806690715));
#2853=CARTESIAN_POINT('',(-0.0578653553521245,-0.0336409224744492,-0.028832549287721));
#2854=CARTESIAN_POINT('',(-0.0573162138647868,-0.0346531413116789,-0.0287283582289491));
#2855=CARTESIAN_POINT('',(-0.0516071088172782,-0.0281656492673151,-0.0265505792609915));
#2856=CARTESIAN_POINT('',(-2.7108817278243E-5,0.0115238507326849,-0.03));
#2857=CARTESIAN_POINT('',(0.0195,0.0345525762664,-0.03));
#2858=CARTESIAN_POINT('',(0.0215,0.0345525762664,-0.03));
#2859=CARTESIAN_POINT('',(-0.0195,-0.0115525762664,-0.03));
#2860=CARTESIAN_POINT('',(-0.0175,-0.0115525762664,-0.03));
#2861=CARTESIAN_POINT('',(0.0195,-0.0115525762664,-0.03));
#2862=CARTESIAN_POINT('',(0.0215,-0.0115525762664,-0.03));
#2863=CARTESIAN_POINT('',(-0.0195,0.0345525762664,-0.03));
#2864=CARTESIAN_POINT('',(-0.0175,0.0345525762664,-0.03));
#2865=CARTESIAN_POINT('',(0.,0.0345525762664,-0.03));
#2866=CARTESIAN_POINT('',(0.0135,0.0345525762664,-0.03));
#2867=CARTESIAN_POINT('',(0.,-0.0115525762664,-0.03));
#2868=CARTESIAN_POINT('',(0.0135,-0.0115525762664,-0.03));
#2869=CARTESIAN_POINT('',(-0.0381618911827218,0.0115238507326849,-0.03));
#2870=CARTESIAN_POINT('',(-0.0381618911827218,0.0315525762664001,-0.03));
#2871=CARTESIAN_POINT('',(-0.0381618911827218,-0.00844742373359998,-0.03));
#2872=CARTESIAN_POINT('',(-2.7108817278243E-5,0.0315525762664001,-0.03));
#2873=CARTESIAN_POINT('',(-0.0481618911827218,0.0315525762664001,-0.03));
#2874=CARTESIAN_POINT('',(-0.0481618911827218,0.0115238507326849,-0.03));
#2875=CARTESIAN_POINT('',(-0.0481618911827218,-0.00844742373359998,-0.03));
#2876=CARTESIAN_POINT('',(-2.7108817278243E-5,-0.00844742373359998,-0.03));
#2877=CARTESIAN_POINT('',(-0.0214528911827217,0.00255257636006917,-0.03));
#2878=CARTESIAN_POINT('',(-0.0204528911827217,0.00255257636006917,-0.03));
#2879=CARTESIAN_POINT('',(-0.0214528911827217,0.0205525763600692,-0.03));
#2880=CARTESIAN_POINT('',(-0.0204528911827217,0.0205525763600692,-0.03));
#2881=CARTESIAN_POINT('',(0.0214528911827217,0.0205525763600692,-0.03));
#2882=CARTESIAN_POINT('',(0.0224528911827217,0.0205525763600692,-0.03));
#2883=CARTESIAN_POINT('',(0.0214528911827217,0.00255257636006917,-0.03));
#2884=CARTESIAN_POINT('',(0.0224528911827217,0.00255257636006917,-0.03));
#2885=CARTESIAN_POINT('',(0.038770869976728,0.0115238507326847,-0.03));
#2886=CARTESIAN_POINT('',(0.038770869976728,-0.00844742373359998,-0.03));
#2887=CARTESIAN_POINT('',(0.038770869976728,0.0315525762664001,-0.03));
#2888=CARTESIAN_POINT('',(-2.7108817278243E-5,-0.00844742373359998,-0.03));
#2889=CARTESIAN_POINT('',(0.048770869976728,-0.00844742373359998,-0.03));
#2890=CARTESIAN_POINT('',(0.048770869976728,0.0115238507326847,-0.03));
#2891=CARTESIAN_POINT('',(0.0487708699767281,0.0315525762664001,-0.03));
#2892=CARTESIAN_POINT('',(-2.7108817278243E-5,0.0315525762664001,-0.03));
#2893=CARTESIAN_POINT('',(-0.0563155168543581,-0.033674057304395,-0.031));
#2894=CARTESIAN_POINT('',(0.0562612992198017,-0.033674057304395,-0.031));
#2895=CARTESIAN_POINT('',(-0.0563155168543581,0.0559217587697648,-0.031));
#2896=CARTESIAN_POINT('',(0.0562612992198016,0.0559217587697648,-0.031));
#2897=CARTESIAN_POINT('',(0.0375528911827218,0.0371943507326849,-0.001));
#2898=CARTESIAN_POINT('',(0.0375528911827218,0.0371943507326849,-0.001));
#2899=CARTESIAN_POINT('',(0.0389528911827218,0.0371943507326849,-0.001));
#2900=CARTESIAN_POINT('',(0.0375528911827218,0.0371943507326849,-0.026));
#2901=CARTESIAN_POINT('',(0.0389528911827218,0.0371943507326849,-0.026));
#2902=CARTESIAN_POINT('',(0.0375528911827218,0.0371943507326849,-0.001));
#2903=CARTESIAN_POINT('',(0.0375528911827218,0.0371943507326849,-0.001));
#2904=CARTESIAN_POINT('',(0.0404528911827218,0.0371943507326849,-0.001));
#2905=CARTESIAN_POINT('',(-2.71088172782291E-5,0.0115238507326849,-0.001));
#2906=CARTESIAN_POINT('',(-2.7108817278243E-5,0.0115238507326849,-0.026));
#2907=CARTESIAN_POINT('',(-0.0376071088172782,0.0371943507326849,-0.001));
#2908=CARTESIAN_POINT('',(-0.0376071088172782,0.0371943507326849,-0.001));
#2909=CARTESIAN_POINT('',(-0.0362071088172782,0.0371943507326849,-0.001));
#2910=CARTESIAN_POINT('',(-0.0376071088172782,0.0371943507326849,-0.026));
#2911=CARTESIAN_POINT('',(-0.0362071088172782,0.0371943507326849,-0.026));
#2912=CARTESIAN_POINT('',(-0.0376071088172782,0.0371943507326849,-0.001));
#2913=CARTESIAN_POINT('',(-0.0376071088172782,0.0371943507326849,-0.001));
#2914=CARTESIAN_POINT('',(-0.0347071088172782,0.0371943507326849,-0.001));
#2915=CARTESIAN_POINT('',(-2.71088172782291E-5,0.0115238507326849,-0.001));
#2916=CARTESIAN_POINT('',(-2.7108817278243E-5,0.0115238507326849,-0.026));
#2917=CARTESIAN_POINT('',(-0.0376071088172782,-0.0371846492673151,-0.001));
#2918=CARTESIAN_POINT('',(-0.0376071088172782,-0.0371846492673151,-0.001));
#2919=CARTESIAN_POINT('',(-0.0362071088172782,-0.0371846492673151,-0.001));
#2920=CARTESIAN_POINT('',(-0.0376071088172782,-0.0371846492673151,-0.026));
#2921=CARTESIAN_POINT('',(-0.0362071088172782,-0.0371846492673151,-0.026));
#2922=CARTESIAN_POINT('',(-0.0376071088172782,-0.0371846492673151,-0.001));
#2923=CARTESIAN_POINT('',(-0.0376071088172782,-0.0371846492673151,-0.001));
#2924=CARTESIAN_POINT('',(-0.0347071088172782,-0.0371846492673151,-0.001));
#2925=CARTESIAN_POINT('',(-2.71088172782291E-5,0.0115238507326849,-0.001));
#2926=CARTESIAN_POINT('',(-2.7108817278243E-5,0.0115238507326849,-0.026));
#2927=CARTESIAN_POINT('',(0.0375528911827218,-0.0371846492673151,-0.001));
#2928=CARTESIAN_POINT('',(0.0375528911827218,-0.0371846492673151,-0.001));
#2929=CARTESIAN_POINT('',(0.0389528911827218,-0.0371846492673151,-0.001));
#2930=CARTESIAN_POINT('',(0.0375528911827218,-0.0371846492673151,-0.026));
#2931=CARTESIAN_POINT('',(0.0389528911827218,-0.0371846492673151,-0.026));
#2932=CARTESIAN_POINT('',(0.0375528911827218,-0.0371846492673151,-0.001));
#2933=CARTESIAN_POINT('',(0.0375528911827218,-0.0371846492673151,-0.001));
#2934=CARTESIAN_POINT('',(0.0404528911827218,-0.0371846492673151,-0.001));
#2935=CARTESIAN_POINT('',(-2.71088172782291E-5,0.0115238507326849,-0.001));
#2936=CARTESIAN_POINT('',(-2.7108817278243E-5,0.0115238507326849,-0.026));
#2937=CARTESIAN_POINT('',(0.0214528911827217,0.0205525763600692,-0.032));
#2938=CARTESIAN_POINT('',(-0.0214528911827217,0.0205525763600692,-0.032));
#2939=CARTESIAN_POINT('',(-0.0214528911827217,0.00255257636006917,-0.032));
#2940=CARTESIAN_POINT('',(-0.0381618911827218,0.00155257626640003,-0.032));
#2941=CARTESIAN_POINT('',(-0.0381618911827218,-0.00844742373359998,-0.032));
#2942=CARTESIAN_POINT('',(-0.0381618911827218,0.0315525762664001,-0.032));
#2943=CARTESIAN_POINT('',(-0.0431618911827218,0.0315525762664001,-0.032));
#2944=CARTESIAN_POINT('',(-0.0481618911827218,0.0315525762664001,-0.032));
#2945=CARTESIAN_POINT('',(-0.0481618911827218,0.0115525762664,-0.032));
#2946=CARTESIAN_POINT('',(-0.0481618911827218,-0.00844742373359998,-0.032));
#2947=CARTESIAN_POINT('',(-0.0431618911827218,-0.00844742373359998,-0.032));
#2948=CARTESIAN_POINT('',(0.0214528911827217,0.00255257636006917,-0.032));
#2949=CARTESIAN_POINT('',(0.038770869976728,0.0215525762664,-0.032));
#2950=CARTESIAN_POINT('',(0.038770869976728,0.0315525762664001,-0.032));
#2951=CARTESIAN_POINT('',(0.038770869976728,-0.00844742373359998,-0.032));
#2952=CARTESIAN_POINT('',(0.043770869976728,-0.00844742373359998,-0.032));
#2953=CARTESIAN_POINT('',(0.048770869976728,-0.00844742373359998,-0.032));
#2954=CARTESIAN_POINT('',(0.048770869976728,0.0115525762664,-0.032));
#2955=CARTESIAN_POINT('',(0.0487708699767281,0.0315525762664001,-0.032));
#2956=CARTESIAN_POINT('',(0.043770869976728,0.0315525762664001,-0.032));
#2957=CARTESIAN_POINT('',(0.,-0.0115525762664,-0.051));
#2958=CARTESIAN_POINT('',(0.,-0.0115525762664,-0.02265));
#2959=CARTESIAN_POINT('',(0.0135,-0.0115525762664,-0.02265));
#2960=CARTESIAN_POINT('',(0.,0.0345525762664,-0.051));
#2961=CARTESIAN_POINT('',(0.,0.0345525762664,-0.02265));
#2962=CARTESIAN_POINT('',(0.0135,0.0345525762664,-0.02265));
#2963=CARTESIAN_POINT('',(-0.0159038461538462,0.0266703064464311,-0.02265));
#2964=CARTESIAN_POINT('',(-0.00984615384615382,0.0219409445544498,-0.02265));
#2965=CARTESIAN_POINT('',(-0.00984615384615382,0.0219409445544498,-0.02265));
#2966=CARTESIAN_POINT('',(-0.0159038461538462,0.0266703064464311,-0.02265));
#2967=CARTESIAN_POINT('',(-0.0219615384615385,0.0313996683384124,-0.02265));
#2968=CARTESIAN_POINT('',(-0.0219615384615385,0.0313996683384124,-0.02265));
#2969=CARTESIAN_POINT('',(-3.46944695195361E-18,0.0345525762664,-0.02265));
#2970=CARTESIAN_POINT('',(0.00984615384615382,0.0219409445544498,-0.02265));
#2971=CARTESIAN_POINT('',(0.00984615384615382,0.0219409445544498,-0.02265));
#2972=CARTESIAN_POINT('',(-3.46944695195361E-18,0.0345525762664,-0.02265));
#2973=CARTESIAN_POINT('',(0.0159038461538462,0.0266703064464311,-0.02265));
#2974=CARTESIAN_POINT('',(0.0219615384615385,0.0313996683384124,-0.02265));
#2975=CARTESIAN_POINT('',(0.0219615384615385,0.0313996683384124,-0.02265));
#2976=CARTESIAN_POINT('',(0.0159038461538462,0.0266703064464311,-0.02265));
#2977=CARTESIAN_POINT('',(0.0195,0.0345525762664,-0.02265));
#2978=CARTESIAN_POINT('',(0.0219615384615385,0.0377054841943876,-0.02265));
#2979=CARTESIAN_POINT('',(0.0219615384615385,0.0377054841943876,-0.02265));
#2980=CARTESIAN_POINT('',(0.0195,0.0345525762664,-0.02265));
#2981=CARTESIAN_POINT('',(0.0159038461538462,0.0424348460863689,-0.02265));
#2982=CARTESIAN_POINT('',(0.00984615384615383,0.0471642079783503,-0.02265));
#2983=CARTESIAN_POINT('',(0.00984615384615383,0.0471642079783503,-0.02265));
#2984=CARTESIAN_POINT('',(0.0159038461538462,0.0424348460863689,-0.02265));
#2985=CARTESIAN_POINT('',(-4.33680868994202E-18,0.0345525762664,-0.02265));
#2986=CARTESIAN_POINT('',(-0.00984615384615381,0.0471642079783503,-0.02265));
#2987=CARTESIAN_POINT('',(-0.00984615384615381,0.0471642079783503,-0.02265));
#2988=CARTESIAN_POINT('',(-4.33680868994202E-18,0.0345525762664,-0.02265));
#2989=CARTESIAN_POINT('',(-0.0159038461538462,0.0424348460863689,-0.02265));
#2990=CARTESIAN_POINT('',(-0.0219615384615385,0.0377054841943876,-0.02265));
#2991=CARTESIAN_POINT('',(-0.0219615384615385,0.0377054841943876,-0.02265));
#2992=CARTESIAN_POINT('',(-0.0159038461538462,0.0424348460863689,-0.02265));
#2993=CARTESIAN_POINT('',(-0.0195,0.0345525762664,-0.02265));
#2994=CARTESIAN_POINT('',(-0.0195,0.0345525762664,-0.02265));
#2995=CARTESIAN_POINT('',(-0.0175,0.0345525762664,-0.02265));
#2996=CARTESIAN_POINT('',(0.0195,0.0345525762664,-0.02265));
#2997=CARTESIAN_POINT('',(0.0195,0.0345525762664,-0.02265));
#2998=CARTESIAN_POINT('',(0.0215,0.0345525762664,-0.02265));
#2999=CARTESIAN_POINT('',(-0.0195,0.0345525762664,-0.02265));
#3000=CARTESIAN_POINT('',(-0.0195,0.0345525762664,-0.02265));
#3001=CARTESIAN_POINT('',(-2.71088172782291E-5,0.0115238507326849,-0.02265));
#3002=CARTESIAN_POINT('',(0.0159038461538462,-0.00367030644643108,-0.02265));
#3003=CARTESIAN_POINT('',(0.00984615384615382,0.00105905544555027,-0.02265));
#3004=CARTESIAN_POINT('',(0.00984615384615382,0.00105905544555027,-0.02265));
#3005=CARTESIAN_POINT('',(0.0159038461538462,-0.00367030644643108,-0.02265));
#3006=CARTESIAN_POINT('',(0.0219615384615385,-0.00839966833841243,-0.02265));
#3007=CARTESIAN_POINT('',(0.0219615384615385,-0.00839966833841243,-0.02265));
#3008=CARTESIAN_POINT('',(0.,-0.0115525762664,-0.02265));
#3009=CARTESIAN_POINT('',(-0.00984615384615382,0.00105905544555027,-0.02265));
#3010=CARTESIAN_POINT('',(-0.00984615384615382,0.00105905544555027,-0.02265));
#3011=CARTESIAN_POINT('',(0.,-0.0115525762664,-0.02265));
#3012=CARTESIAN_POINT('',(-0.0159038461538462,-0.00367030644643108,-0.02265));
#3013=CARTESIAN_POINT('',(-0.0219615384615385,-0.00839966833841246,-0.02265));
#3014=CARTESIAN_POINT('',(-0.0219615384615385,-0.00839966833841246,-0.02265));
#3015=CARTESIAN_POINT('',(-0.0159038461538462,-0.00367030644643108,-0.02265));
#3016=CARTESIAN_POINT('',(-0.0195,-0.0115525762664,-0.02265));
#3017=CARTESIAN_POINT('',(-0.0219615384615385,-0.0147054841943876,-0.02265));
#3018=CARTESIAN_POINT('',(-0.0219615384615385,-0.0147054841943876,-0.02265));
#3019=CARTESIAN_POINT('',(-0.0195,-0.0115525762664,-0.02265));
#3020=CARTESIAN_POINT('',(-0.0159038461538462,-0.0194348460863689,-0.02265));
#3021=CARTESIAN_POINT('',(-0.00984615384615386,-0.0241642079783503,-0.02265));
#3022=CARTESIAN_POINT('',(-0.00984615384615386,-0.0241642079783503,-0.02265));
#3023=CARTESIAN_POINT('',(-0.0159038461538462,-0.0194348460863689,-0.02265));
#3024=CARTESIAN_POINT('',(6.07153216591882E-18,-0.0115525762664,-0.02265));
#3025=CARTESIAN_POINT('',(0.00984615384615382,-0.0241642079783503,-0.02265));
#3026=CARTESIAN_POINT('',(0.00984615384615382,-0.0241642079783503,-0.02265));
#3027=CARTESIAN_POINT('',(6.07153216591882E-18,-0.0115525762664,-0.02265));
#3028=CARTESIAN_POINT('',(0.0159038461538462,-0.0194348460863689,-0.02265));
#3029=CARTESIAN_POINT('',(0.0219615384615385,-0.0147054841943876,-0.02265));
#3030=CARTESIAN_POINT('',(0.0219615384615385,-0.0147054841943876,-0.02265));
#3031=CARTESIAN_POINT('',(0.0159038461538462,-0.0194348460863689,-0.02265));
#3032=CARTESIAN_POINT('',(-0.0195,-0.0115525762664,-0.02265));
#3033=CARTESIAN_POINT('',(-0.0195,-0.0115525762664,-0.02265));
#3034=CARTESIAN_POINT('',(-0.0175,-0.0115525762664,-0.02265));
#3035=CARTESIAN_POINT('',(0.0195,-0.0115525762664,-0.02265));
#3036=CARTESIAN_POINT('',(0.0195,-0.0115525762664,-0.02265));
#3037=CARTESIAN_POINT('',(0.0215,-0.0115525762664,-0.02265));
#3038=CARTESIAN_POINT('',(0.0195,-0.0115525762664,-0.02265));
#3039=CARTESIAN_POINT('',(0.0195,-0.0115525762664,-0.02265));
#3040=CARTESIAN_POINT('',(-2.71088172782291E-5,0.0115238507326849,-0.02265));
#3041=CARTESIAN_POINT('',(-0.0516071088172782,-0.0281656492673151,-0.0344));
#3042=CARTESIAN_POINT('',(-0.0516071088172782,-0.0421322788144109,-0.0344));
#3043=CARTESIAN_POINT('',(-0.0516071088172782,-0.0421322788144109,-0.0344));
#3044=CARTESIAN_POINT('',(-0.0516071088172782,-0.0281656492673151,-0.0344));
#3045=CARTESIAN_POINT('',(-0.065573738364374,-0.0281656492673151,-0.0344));
#3046=CARTESIAN_POINT('',(-0.065573738364374,-0.0281656492673151,-0.0344));
#3047=CARTESIAN_POINT('',(-0.065573738364374,0.0115238507326849,-0.0344));
#3048=CARTESIAN_POINT('',(-0.065573738364374,0.0115238507326849,-0.0344));
#3049=CARTESIAN_POINT('',(-0.065573738364374,0.0512133507326849,-0.0344));
#3050=CARTESIAN_POINT('',(-0.065573738364374,0.0512133507326849,-0.0344));
#3051=CARTESIAN_POINT('',(-0.0516071088172782,0.0512133507326849,-0.0344));
#3052=CARTESIAN_POINT('',(-0.0516071088172782,0.0512133507326849,-0.0344));
#3053=CARTESIAN_POINT('',(-0.0516071088172782,0.0651799802797806,-0.0344));
#3054=CARTESIAN_POINT('',(-0.0516071088172782,0.0651799802797806,-0.0344));
#3055=CARTESIAN_POINT('',(-2.710881727825E-5,0.0651799802797806,-0.0344));
#3056=CARTESIAN_POINT('',(-2.710881727825E-5,0.0651799802797806,-0.0344));
#3057=CARTESIAN_POINT('',(0.0515528911827217,0.0651799802797806,-0.0344));
#3058=CARTESIAN_POINT('',(0.0515528911827217,0.0651799802797806,-0.0344));
#3059=CARTESIAN_POINT('',(0.0515528911827217,0.0512133507326849,-0.0344));
#3060=CARTESIAN_POINT('',(0.0515528911827217,0.0512133507326849,-0.0344));
#3061=CARTESIAN_POINT('',(0.0655195207298175,0.0512133507326849,-0.0344));
#3062=CARTESIAN_POINT('',(0.0655195207298175,0.0512133507326849,-0.0344));
#3063=CARTESIAN_POINT('',(0.0655195207298175,0.0115238507326849,-0.0344));
#3064=CARTESIAN_POINT('',(0.0655195207298175,0.0115238507326849,-0.0344));
#3065=CARTESIAN_POINT('',(0.0655195207298175,-0.0281656492673151,-0.0344));
#3066=CARTESIAN_POINT('',(0.0655195207298175,-0.0281656492673151,-0.0344));
#3067=CARTESIAN_POINT('',(0.0515528911827218,-0.0281656492673151,-0.0344));
#3068=CARTESIAN_POINT('',(0.0515528911827218,-0.0281656492673151,-0.0344));
#3069=CARTESIAN_POINT('',(0.0515528911827218,-0.0421322788144109,-0.0344));
#3070=CARTESIAN_POINT('',(0.0515528911827218,-0.0421322788144109,-0.0344));
#3071=CARTESIAN_POINT('',(-0.068573738364374,0.0115238507326849,-0.0344));
#3072=CARTESIAN_POINT('',(-0.068573738364374,0.0512133507326849,-0.0344));
#3073=CARTESIAN_POINT('',(-0.068573738364374,0.0512133507326849,-0.0334));
#3074=CARTESIAN_POINT('',(-0.068573738364374,0.0512133507326849,-0.027));
#3075=CARTESIAN_POINT('',(-0.068573738364374,-0.0281656492673151,-0.0334));
#3076=CARTESIAN_POINT('',(-0.068573738364374,-0.0281656492673151,-0.0334));
#3077=CARTESIAN_POINT('',(-0.068573738364374,-0.0281656492673151,-0.0344));
#3078=CARTESIAN_POINT('',(-0.068573738364374,-0.0281656492673151,-0.027));
#3079=CARTESIAN_POINT('',(-0.068573738364374,0.0115238507326849,-0.027));
#3080=CARTESIAN_POINT('',(-0.0516071088172782,-0.0281656492673151,-0.0344));
#3081=CARTESIAN_POINT('',(-0.0516071088172782,-0.0281656492673151,-0.0334));
#3082=CARTESIAN_POINT('',(-0.0516071088172782,-0.0451322788144109,-0.0334));
#3083=CARTESIAN_POINT('',(-0.0516071088172782,-0.0451322788144109,-0.0344));
#3084=CARTESIAN_POINT('',(-0.0516071088172782,-0.0451322788144109,-0.027));
#3085=CARTESIAN_POINT('',(-0.0516071088172782,-0.0281656492673151,-0.027));
#3086=CARTESIAN_POINT('',(-2.71088172782222E-5,-0.0451322788144109,-0.0344));
#3087=CARTESIAN_POINT('',(0.0515528911827218,-0.0451322788144109,-0.0334));
#3088=CARTESIAN_POINT('',(0.0515528911827218,-0.0451322788144109,-0.0334));
#3089=CARTESIAN_POINT('',(0.0515528911827218,-0.0451322788144109,-0.0344));
#3090=CARTESIAN_POINT('',(0.0515528911827218,-0.0451322788144109,-0.027));
#3091=CARTESIAN_POINT('',(-2.71088172782222E-5,-0.0451322788144109,-0.027));
#3092=CARTESIAN_POINT('',(0.0515528911827218,-0.0281656492673151,-0.0344));
#3093=CARTESIAN_POINT('',(0.0515528911827218,-0.0281656492673151,-0.0334));
#3094=CARTESIAN_POINT('',(0.0685195207298175,-0.0281656492673151,-0.0334));
#3095=CARTESIAN_POINT('',(0.0685195207298175,-0.0281656492673151,-0.0344));
#3096=CARTESIAN_POINT('',(0.0685195207298175,-0.0281656492673151,-0.027));
#3097=CARTESIAN_POINT('',(0.0515528911827218,-0.0281656492673151,-0.027));
#3098=CARTESIAN_POINT('',(0.0685195207298175,0.0115238507326849,-0.0344));
#3099=CARTESIAN_POINT('',(0.0685195207298175,0.0512133507326849,-0.0334));
#3100=CARTESIAN_POINT('',(0.0685195207298175,0.0512133507326849,-0.0334));
#3101=CARTESIAN_POINT('',(0.0685195207298175,0.0512133507326849,-0.0344));
#3102=CARTESIAN_POINT('',(0.0685195207298175,0.0512133507326849,-0.027));
#3103=CARTESIAN_POINT('',(0.0685195207298175,0.0115238507326849,-0.027));
#3104=CARTESIAN_POINT('',(0.0515528911827217,0.0512133507326849,-0.0344));
#3105=CARTESIAN_POINT('',(0.0515528911827217,0.0512133507326849,-0.0334));
#3106=CARTESIAN_POINT('',(0.0515528911827217,0.0681799802797806,-0.0334));
#3107=CARTESIAN_POINT('',(0.0515528911827217,0.0681799802797806,-0.0344));
#3108=CARTESIAN_POINT('',(0.0515528911827217,0.0681799802797806,-0.027));
#3109=CARTESIAN_POINT('',(0.0515528911827217,0.0512133507326849,-0.027));
#3110=CARTESIAN_POINT('',(-2.710881727825E-5,0.0681799802797806,-0.0344));
#3111=CARTESIAN_POINT('',(-0.0516071088172782,0.0681799802797806,-0.0334));
#3112=CARTESIAN_POINT('',(-0.0516071088172782,0.0681799802797806,-0.0334));
#3113=CARTESIAN_POINT('',(-0.0516071088172782,0.0681799802797806,-0.0344));
#3114=CARTESIAN_POINT('',(-0.0516071088172782,0.0681799802797806,-0.027));
#3115=CARTESIAN_POINT('',(-2.710881727825E-5,0.0681799802797806,-0.027));
#3116=CARTESIAN_POINT('',(-0.0516071088172782,0.0512133507326849,-0.0344));
#3117=CARTESIAN_POINT('',(-0.0516071088172782,0.0512133507326849,-0.0334));
#3118=CARTESIAN_POINT('',(-0.0516071088172782,0.0512133507326849,-0.027));
#3119=CARTESIAN_POINT('',(-2.71088172782222E-5,-0.0421322788144109,-0.0344));
#3120=CARTESIAN_POINT('',(-2.71088172782222E-5,-0.0421322788144109,-0.0344));
#3121=CARTESIAN_POINT('',(-2.71088172782291E-5,0.0115238507326849,-0.0344));
#3122=CARTESIAN_POINT('',(-0.067573738364374,0.0512133507326849,-0.0344));
#3123=CARTESIAN_POINT('',(-0.067573738364374,-0.0281656492673151,-0.0344));
#3124=CARTESIAN_POINT('',(-0.067573738364374,0.0512133507326849,-0.0344));
#3125=CARTESIAN_POINT('',(-0.0516071088172782,0.0512133507326849,-0.0344));
#3126=CARTESIAN_POINT('',(-0.0516071088172782,0.0671799802797806,-0.0344));
#3127=CARTESIAN_POINT('',(0.0515528911827217,0.0671799802797806,-0.0344));
#3128=CARTESIAN_POINT('',(0.0515528911827217,0.0671799802797806,-0.0344));
#3129=CARTESIAN_POINT('',(0.0515528911827217,0.0512133507326849,-0.0344));
#3130=CARTESIAN_POINT('',(0.0675195207298175,0.0512133507326849,-0.0344));
#3131=CARTESIAN_POINT('',(0.0675195207298175,-0.0281656492673151,-0.0344));
#3132=CARTESIAN_POINT('',(0.0675195207298175,-0.0281656492673151,-0.0344));
#3133=CARTESIAN_POINT('',(0.0515528911827218,-0.0281656492673151,-0.0344));
#3134=CARTESIAN_POINT('',(0.0515528911827218,-0.0441322788144109,-0.0344));
#3135=CARTESIAN_POINT('',(-0.0516071088172782,-0.0441322788144109,-0.0344));
#3136=CARTESIAN_POINT('',(-0.0516071088172782,-0.0441322788144109,-0.0344));
#3137=CARTESIAN_POINT('',(-0.0516071088172782,-0.0281656492673151,-0.0344));
#3138=CARTESIAN_POINT('',(0.0515528911827218,-0.0281656492673151,-0.0334));
#3139=CARTESIAN_POINT('',(0.0515528911827218,-0.0441322788144109,-0.0334));
#3140=CARTESIAN_POINT('',(0.0675195207298175,-0.0281656492673151,-0.0334));
#3141=CARTESIAN_POINT('',(0.0675195207298175,0.0115238507326849,-0.0334));
#3142=CARTESIAN_POINT('',(0.0675195207298175,0.0512133507326849,-0.0334));
#3143=CARTESIAN_POINT('',(-2.71088172782222E-5,-0.0441322788144109,-0.0334));
#3144=CARTESIAN_POINT('',(-0.0516071088172782,-0.0441322788144109,-0.0334));
#3145=CARTESIAN_POINT('',(0.0515528911827217,0.0512133507326849,-0.0334));
#3146=CARTESIAN_POINT('',(0.0515528911827217,0.0671799802797806,-0.0334));
#3147=CARTESIAN_POINT('',(-0.0516071088172782,-0.0281656492673151,-0.0334));
#3148=CARTESIAN_POINT('',(-0.067573738364374,-0.0281656492673151,-0.0334));
#3149=CARTESIAN_POINT('',(-2.710881727825E-5,0.0671799802797806,-0.0334));
#3150=CARTESIAN_POINT('',(-0.0516071088172782,0.0671799802797806,-0.0334));
#3151=CARTESIAN_POINT('',(-0.067573738364374,0.0115238507326849,-0.0334));
#3152=CARTESIAN_POINT('',(-0.067573738364374,0.0512133507326849,-0.0334));
#3153=CARTESIAN_POINT('',(-0.0516071088172782,0.0512133507326849,-0.0334));
#3154=CARTESIAN_POINT('',(0.0515528911827218,-0.0281656492673151,-0.027));
#3155=CARTESIAN_POINT('',(0.0515528911827218,-0.0441322788144109,-0.027));
#3156=CARTESIAN_POINT('',(0.0675195207298175,-0.0281656492673151,-0.027));
#3157=CARTESIAN_POINT('',(0.0675195207298175,0.0115238507326849,-0.027));
#3158=CARTESIAN_POINT('',(0.0675195207298175,0.0512133507326849,-0.027));
#3159=CARTESIAN_POINT('',(-2.7108817278243E-5,-0.0441322788144109,-0.027));
#3160=CARTESIAN_POINT('',(-0.0516071088172782,-0.0441322788144109,-0.027));
#3161=CARTESIAN_POINT('',(0.0515528911827217,0.0512133507326849,-0.027));
#3162=CARTESIAN_POINT('',(0.0515528911827217,0.0671799802797806,-0.027));
#3163=CARTESIAN_POINT('',(-0.0516071088172782,-0.0281656492673151,-0.027));
#3164=CARTESIAN_POINT('',(-0.067573738364374,-0.0281656492673151,-0.027));
#3165=CARTESIAN_POINT('',(-2.7108817278243E-5,0.0671799802797806,-0.027));
#3166=CARTESIAN_POINT('',(-0.0516071088172782,0.0671799802797806,-0.027));
#3167=CARTESIAN_POINT('',(-0.067573738364374,0.0115238507326849,-0.027));
#3168=CARTESIAN_POINT('',(-0.067573738364374,0.0512133507326849,-0.027));
#3169=CARTESIAN_POINT('',(-0.0516071088172782,0.0512133507326849,-0.027));
#3170=CARTESIAN_POINT('',(0.0061,0.0535155409216881,-0.034));
#3171=CARTESIAN_POINT('',(0.0061,-0.0386091968774796,-0.034));
#3172=CARTESIAN_POINT('',(0.0026,-0.0350091968774796,-0.034));
#3173=CARTESIAN_POINT('',(-0.0024,-0.0350091968774796,-0.034));
#3174=CARTESIAN_POINT('',(0.0076,-0.0350091968774796,-0.034));
#3175=CARTESIAN_POINT('',(0.0076,-0.0320091968774796,-0.034));
#3176=CARTESIAN_POINT('',(0.0076,-0.0290091968774796,-0.034));
#3177=CARTESIAN_POINT('',(0.0026,-0.0290091968774796,-0.034));
#3178=CARTESIAN_POINT('',(-0.0024,-0.0290091968774796,-0.034));
#3179=CARTESIAN_POINT('',(-0.0024,-0.0320091968774796,-0.034));
#3180=CARTESIAN_POINT('',(0.0026,0.0631155409216881,-0.034));
#3181=CARTESIAN_POINT('',(0.0076,0.0631155409216881,-0.034));
#3182=CARTESIAN_POINT('',(-0.0024,0.0631155409216881,-0.034));
#3183=CARTESIAN_POINT('',(-0.0024,0.0601155409216881,-0.034));
#3184=CARTESIAN_POINT('',(-0.0024,0.0571155409216881,-0.034));
#3185=CARTESIAN_POINT('',(0.0026,0.0571155409216881,-0.034));
#3186=CARTESIAN_POINT('',(0.0076,0.0571155409216881,-0.034));
#3187=CARTESIAN_POINT('',(0.0076,0.0601155409216881,-0.034));
#3188=MECHANICAL_DESIGN_GEOMETRIC_PRESENTATION_REPRESENTATION('',(#1827),
#3189);
#3189=(
GEOMETRIC_REPRESENTATION_CONTEXT(3)
GLOBAL_UNCERTAINTY_ASSIGNED_CONTEXT((#3190))
GLOBAL_UNIT_ASSIGNED_CONTEXT((#3193,#3192,#3191))
REPRESENTATION_CONTEXT('Part 1087','TOP_LEVEL_ASSEMBLY_PART')
);
#3190=UNCERTAINTY_MEASURE_WITH_UNIT(LENGTH_MEASURE(2.E-5),#3193,
'DISTANCE_ACCURACY_VALUE','Maximum Tolerance applied to model');
#3191=(
NAMED_UNIT(*)
SI_UNIT($,.STERADIAN.)
SOLID_ANGLE_UNIT()
);
#3192=(
NAMED_UNIT(*)
PLANE_ANGLE_UNIT()
SI_UNIT($,.RADIAN.)
);
#3193=(
LENGTH_UNIT()
NAMED_UNIT(*)
SI_UNIT($,.METRE.)
);
#3194=PRODUCT_DEFINITION_SHAPE('','',#3195);
#3195=PRODUCT_DEFINITION('','',#3197,#3196);
#3196=PRODUCT_DEFINITION_CONTEXT('',#3203,'design');
#3197=PRODUCT_DEFINITION_FORMATION_WITH_SPECIFIED_SOURCE('','',#3199,
 .NOT_KNOWN.);
#3198=PRODUCT_RELATED_PRODUCT_CATEGORY('','',(#3199));
#3199=PRODUCT('Part 1087','Part 1087','Part 1087',(#3201));
#3200=PRODUCT_CATEGORY('','');
#3201=PRODUCT_CONTEXT('',#3203,'mechanical');
#3202=APPLICATION_PROTOCOL_DEFINITION('international standard',
'ap242_managed_model_based_3d_engineering',2020,#3203);
#3203=APPLICATION_CONTEXT('managed model based 3d engineering');
ENDSEC;
END-ISO-10303-21;
